iperf3 output:
Connecting to host 35.93.195.101, port 5201
[  5] local 172.31.22.33 port 40298 connected to 35.93.195.101 port 5201
[ ID] Interval           Transfer     Bitrate         Retr  Cwnd
[  5]   0.00-1.00   sec  19.4 MBytes   162 Mbits/sec   43   2.29 MBytes       
[  5]   1.00-2.00   sec  38.2 MBytes   321 Mbits/sec    0   2.50 MBytes       
[  5]   2.00-3.00   sec  37.9 MBytes   318 Mbits/sec    0   2.67 MBytes       
[  5]   3.00-4.00   sec  43.5 MBytes   365 Mbits/sec    0   2.81 MBytes       
[  5]   4.00-5.00   sec  45.6 MBytes   383 Mbits/sec    0   2.93 MBytes       
[  5]   5.00-6.00   sec  43.9 MBytes   368 Mbits/sec    0   3.01 MBytes       
[  5]   6.00-7.00   sec  41.8 MBytes   350 Mbits/sec  127   2.18 MBytes       
[  5]   7.00-8.00   sec  35.8 MBytes   300 Mbits/sec    0   2.30 MBytes       
[  5]   8.00-9.00   sec  32.6 MBytes   274 Mbits/sec   43   1.68 MBytes       
[  5]   9.00-10.00  sec  27.5 MBytes   231 Mbits/sec    0   1.79 MBytes       
- - - - - - - - - - - - - - - - - - - - - - - - -
[ ID] Interval           Transfer     Bitrate         Retr
[  5]   0.00-10.00  sec   366 MBytes   307 Mbits/sec  213            sender
[  5]   0.00-10.07  sec   364 MBytes   303 Mbits/sec                  receiver

iperf Done.

Throughput: 307.0 Mbps
Retransmissions: 213
Measurement saved
iperf3 output:
Connecting to host 35.93.195.101, port 5201
[  5] local 172.31.22.33 port 48534 connected to 35.93.195.101 port 5201
[ ID] Interval           Transfer     Bitrate         Retr  Cwnd
[  5]   0.00-1.00   sec  17.4 MBytes   146 Mbits/sec  115   1.97 MBytes       
[  5]   1.00-2.00   sec  30.9 MBytes   259 Mbits/sec    0   2.16 MBytes       
[  5]   2.00-3.00   sec  32.9 MBytes   276 Mbits/sec    0   2.32 MBytes       
[  5]   3.00-4.00   sec  36.4 MBytes   305 Mbits/sec    0   2.45 MBytes       
[  5]   4.00-5.00   sec  36.8 MBytes   308 Mbits/sec    0   2.54 MBytes       
[  5]   5.00-6.00   sec  38.6 MBytes   324 Mbits/sec    0   2.62 MBytes       
[  5]   6.00-7.00   sec  39.5 MBytes   331 Mbits/sec    0   2.67 MBytes       
[  5]   7.00-8.00   sec  41.2 MBytes   346 Mbits/sec    0   2.71 MBytes       
[  5]   8.00-9.00   sec  40.6 MBytes   341 Mbits/sec    0   2.73 MBytes       
[  5]   9.00-10.00  sec  40.4 MBytes   339 Mbits/sec    0   2.74 MBytes       
- - - - - - - - - - - - - - - - - - - - - - - - -
[ ID] Interval           Transfer     Bitrate         Retr
[  5]   0.00-10.00  sec   355 MBytes   297 Mbits/sec  115            sender
[  5]   0.00-10.07  sec   354 MBytes   295 Mbits/sec                  receiver

iperf Done.

Throughput: 297.0 Mbps
Retransmissions: 115
Measurement saved
iperf3 output:
Connecting to host 35.93.195.101, port 5201
[  5] local 172.31.22.33 port 56052 connected to 35.93.195.101 port 5201
[ ID] Interval           Transfer     Bitrate         Retr  Cwnd
[  5]   0.00-1.00   sec  24.2 MBytes   203 Mbits/sec  412   3.34 MBytes       
[  5]   1.00-2.00   sec  35.0 MBytes   294 Mbits/sec  177   2.47 MBytes       
[  5]   2.00-3.00   sec  36.6 MBytes   307 Mbits/sec    0   2.58 MBytes       
[  5]   3.00-4.00   sec  39.4 MBytes   330 Mbits/sec    0   2.67 MBytes       
[  5]   4.00-5.00   sec  41.8 MBytes   350 Mbits/sec    0   2.74 MBytes       
[  5]   5.00-6.00   sec  43.0 MBytes   361 Mbits/sec    0   2.79 MBytes       
[  5]   6.00-7.00   sec  42.5 MBytes   357 Mbits/sec    0   2.82 MBytes       
[  5]   7.00-8.00   sec  42.1 MBytes   353 Mbits/sec    0   2.84 MBytes       
[  5]   8.00-9.00   sec  41.9 MBytes   351 Mbits/sec    0   2.85 MBytes       
[  5]   9.00-10.00  sec  42.5 MBytes   356 Mbits/sec    0   2.85 MBytes       
- - - - - - - - - - - - - - - - - - - - - - - - -
[ ID] Interval           Transfer     Bitrate         Retr
[  5]   0.00-10.00  sec   389 MBytes   326 Mbits/sec  589            sender
[  5]   0.00-10.06  sec   389 MBytes   324 Mbits/sec                  receiver

iperf Done.

Throughput: 326.0 Mbps
Retransmissions: 589
Measurement saved
iperf3 output:
Connecting to host 35.93.195.101, port 5201
[  5] local 172.31.22.33 port 54778 connected to 35.93.195.101 port 5201
[ ID] Interval           Transfer     Bitrate         Retr  Cwnd
[  5]   0.00-1.00   sec  17.2 MBytes   145 Mbits/sec  962   1.87 MBytes       
[  5]   1.00-2.00   sec  31.2 MBytes   262 Mbits/sec    0   1.99 MBytes       
[  5]   2.00-3.00   sec  32.9 MBytes   276 Mbits/sec    0   2.08 MBytes       
[  5]   3.00-4.00   sec  33.1 MBytes   278 Mbits/sec    0   2.15 MBytes       
[  5]   4.00-5.00   sec  33.8 MBytes   283 Mbits/sec    0   2.19 MBytes       
[  5]   5.00-6.00   sec  35.2 MBytes   296 Mbits/sec    0   2.22 MBytes       
[  5]   6.00-7.00   sec  35.8 MBytes   300 Mbits/sec    0   2.24 MBytes       
[  5]   7.00-8.00   sec  35.2 MBytes   296 Mbits/sec    0   2.25 MBytes       
[  5]   8.00-9.00   sec  36.6 MBytes   307 Mbits/sec    0   2.26 MBytes       
[  5]   9.00-10.00  sec  34.0 MBytes   285 Mbits/sec    0   2.26 MBytes       
- - - - - - - - - - - - - - - - - - - - - - - - -
[ ID] Interval           Transfer     Bitrate         Retr
[  5]   0.00-10.00  sec   325 MBytes   273 Mbits/sec  962            sender
[  5]   0.00-10.06  sec   324 MBytes   270 Mbits/sec                  receiver

iperf Done.

Throughput: 273.0 Mbps
Retransmissions: 962
Measurement saved
iperf3 output:
Connecting to host 35.93.195.101, port 5201
[  5] local 172.31.22.33 port 60060 connected to 35.93.195.101 port 5201
[ ID] Interval           Transfer     Bitrate         Retr  Cwnd
[  5]   0.00-1.00   sec  18.0 MBytes   151 Mbits/sec  1018   2.11 MBytes       
[  5]   1.00-2.00   sec  31.9 MBytes   267 Mbits/sec    0   2.24 MBytes       
[  5]   2.00-3.00   sec  35.1 MBytes   295 Mbits/sec    0   2.34 MBytes       
[  5]   3.00-4.00   sec  35.8 MBytes   300 Mbits/sec    0   2.42 MBytes       
[  5]   4.00-5.00   sec  35.5 MBytes   298 Mbits/sec    0   2.48 MBytes       
[  5]   5.00-6.00   sec  38.6 MBytes   324 Mbits/sec    0   2.51 MBytes       
[  5]   6.00-7.00   sec  37.0 MBytes   310 Mbits/sec    0   2.54 MBytes       
[  5]   7.00-8.00   sec  38.5 MBytes   323 Mbits/sec    0   2.55 MBytes       
[  5]   8.00-9.00   sec  38.5 MBytes   323 Mbits/sec    0   2.56 MBytes       
[  5]   9.00-10.00  sec  37.9 MBytes   318 Mbits/sec    0   2.56 MBytes       
- - - - - - - - - - - - - - - - - - - - - - - - -
[ ID] Interval           Transfer     Bitrate         Retr
[  5]   0.00-10.00  sec   347 MBytes   291 Mbits/sec  1018            sender
[  5]   0.00-10.07  sec   346 MBytes   289 Mbits/sec                  receiver

iperf Done.

Throughput: 291.0 Mbps
Retransmissions: 1018
Measurement saved
iperf3 output:

Throughput: 0 Mbps
Retransmissions: 0
Measurement saved
iperf3 output:
Connecting to host 35.93.195.101, port 5201
[  5] local 172.31.22.33 port 48974 connected to 35.93.195.101 port 5201
[ ID] Interval           Transfer     Bitrate         Retr  Cwnd
[  5]   0.00-1.00   sec  18.8 MBytes   157 Mbits/sec  734   2.20 MBytes       
[  5]   1.00-2.00   sec  34.1 MBytes   286 Mbits/sec    0   2.33 MBytes       
[  5]   2.00-3.00   sec  33.1 MBytes   278 Mbits/sec    0   2.43 MBytes       
[  5]   3.00-4.00   sec  37.8 MBytes   317 Mbits/sec    0   2.52 MBytes       
[  5]   4.00-5.00   sec  37.1 MBytes   311 Mbits/sec    0   2.58 MBytes       
[  5]   5.00-6.00   sec  37.4 MBytes   314 Mbits/sec    0   2.61 MBytes       
[  5]   6.00-7.00   sec  38.4 MBytes   322 Mbits/sec    0   2.64 MBytes       
[  5]   7.00-8.00   sec  40.2 MBytes   338 Mbits/sec    0   2.66 MBytes       
[  5]   8.00-9.00   sec  37.2 MBytes   312 Mbits/sec    0   2.66 MBytes       
[  5]   9.00-10.00  sec  39.9 MBytes   334 Mbits/sec    0   2.66 MBytes       
- - - - - - - - - - - - - - - - - - - - - - - - -
[ ID] Interval           Transfer     Bitrate         Retr
[  5]   0.00-10.00  sec   354 MBytes   297 Mbits/sec  734            sender
[  5]   0.00-10.07  sec   353 MBytes   294 Mbits/sec                  receiver

iperf Done.

Throughput: 297.0 Mbps
Retransmissions: 734
Measurement saved
iperf3 output:
Connecting to host 35.93.195.101, port 5201
[  5] local 172.31.22.33 port 55578 connected to 35.93.195.101 port 5201
[ ID] Interval           Transfer     Bitrate         Retr  Cwnd
[  5]   0.00-1.00   sec  16.5 MBytes   138 Mbits/sec  409   1.90 MBytes       
[  5]   1.00-2.00   sec  31.4 MBytes   263 Mbits/sec    0   2.03 MBytes       
[  5]   2.00-3.00   sec  31.1 MBytes   261 Mbits/sec    0   2.12 MBytes       
[  5]   3.00-4.00   sec  33.6 MBytes   282 Mbits/sec    0   2.19 MBytes       
[  5]   4.00-5.00   sec  33.1 MBytes   278 Mbits/sec    0   2.24 MBytes       
[  5]   5.00-6.00   sec  35.9 MBytes   301 Mbits/sec    0   2.27 MBytes       
[  5]   6.00-7.00   sec  37.0 MBytes   310 Mbits/sec    0   2.30 MBytes       
[  5]   7.00-8.00   sec  35.2 MBytes   296 Mbits/sec    0   2.31 MBytes       
[  5]   8.00-9.00   sec  37.0 MBytes   310 Mbits/sec    0   2.31 MBytes       
[  5]   9.00-10.00  sec  33.4 MBytes   280 Mbits/sec    0   2.31 MBytes       
- - - - - - - - - - - - - - - - - - - - - - - - -
[ ID] Interval           Transfer     Bitrate         Retr
[  5]   0.00-10.00  sec   324 MBytes   272 Mbits/sec  409            sender
[  5]   0.00-10.07  sec   324 MBytes   270 Mbits/sec                  receiver

iperf Done.

Throughput: 272.0 Mbps
Retransmissions: 409
Measurement saved
iperf3 output:
Connecting to host 35.93.195.101, port 5201
[  5] local 172.31.22.33 port 59162 connected to 35.93.195.101 port 5201
[ ID] Interval           Transfer     Bitrate         Retr  Cwnd
[  5]   0.00-1.00   sec  18.4 MBytes   154 Mbits/sec  1451   2.62 MBytes       
[  5]   1.00-2.00   sec  43.4 MBytes   364 Mbits/sec    0   2.77 MBytes       
[  5]   2.00-3.00   sec  45.6 MBytes   383 Mbits/sec    0   2.89 MBytes       
[  5]   3.00-4.00   sec  41.2 MBytes   346 Mbits/sec   22   2.11 MBytes       
[  5]   4.00-5.00   sec  32.2 MBytes   271 Mbits/sec    0   2.23 MBytes       
[  5]   5.00-6.00   sec  37.0 MBytes   310 Mbits/sec    0   2.32 MBytes       
[  5]   6.00-7.00   sec  37.5 MBytes   315 Mbits/sec    0   2.39 MBytes       
[  5]   7.00-8.00   sec  39.4 MBytes   330 Mbits/sec    0   2.44 MBytes       
[  5]   8.00-9.00   sec  39.2 MBytes   329 Mbits/sec    0   2.48 MBytes       
[  5]   9.00-10.00  sec  39.2 MBytes   329 Mbits/sec    0   2.50 MBytes       
- - - - - - - - - - - - - - - - - - - - - - - - -
[ ID] Interval           Transfer     Bitrate         Retr
[  5]   0.00-10.00  sec   373 MBytes   313 Mbits/sec  1473            sender
[  5]   0.00-10.07  sec   373 MBytes   311 Mbits/sec                  receiver

iperf Done.

Throughput: 313.0 Mbps
Retransmissions: 1473
Measurement saved
iperf3 output:
Connecting to host 35.93.195.101, port 5201
[  5] local 172.31.22.33 port 51980 connected to 35.93.195.101 port 5201
[ ID] Interval           Transfer     Bitrate         Retr  Cwnd
[  5]   0.00-1.00   sec  16.0 MBytes   134 Mbits/sec  832   1.72 MBytes       
[  5]   1.00-2.00   sec  26.9 MBytes   225 Mbits/sec    0   1.83 MBytes       
[  5]   2.00-3.00   sec  28.2 MBytes   237 Mbits/sec    0   1.92 MBytes       
[  5]   3.00-4.00   sec  29.5 MBytes   247 Mbits/sec    0   1.98 MBytes       
[  5]   4.00-5.00   sec  29.8 MBytes   250 Mbits/sec    0   2.03 MBytes       
[  5]   5.00-6.00   sec  30.2 MBytes   254 Mbits/sec    0   2.06 MBytes       
[  5]   6.00-7.00   sec  30.9 MBytes   259 Mbits/sec    0   2.07 MBytes       
[  5]   7.00-8.00   sec  32.1 MBytes   269 Mbits/sec    0   2.08 MBytes       
[  5]   8.00-9.00   sec  30.8 MBytes   258 Mbits/sec    0   2.08 MBytes       
[  5]   9.00-10.00  sec  31.0 MBytes   260 Mbits/sec    0   2.08 MBytes       
- - - - - - - - - - - - - - - - - - - - - - - - -
[ ID] Interval           Transfer     Bitrate         Retr
[  5]   0.00-10.00  sec   285 MBytes   239 Mbits/sec  832            sender
[  5]   0.00-10.06  sec   284 MBytes   237 Mbits/sec                  receiver

iperf Done.

Throughput: 239.0 Mbps
Retransmissions: 832
Measurement saved
iperf3 output:
Connecting to host 35.93.195.101, port 5201
[  5] local 172.31.22.33 port 52040 connected to 35.93.195.101 port 5201
[ ID] Interval           Transfer     Bitrate         Retr  Cwnd
[  5]   0.00-1.00   sec  20.2 MBytes   170 Mbits/sec  825   2.18 MBytes       
[  5]   1.00-2.00   sec  33.6 MBytes   282 Mbits/sec    0   2.31 MBytes       
[  5]   2.00-3.00   sec  37.1 MBytes   311 Mbits/sec    0   2.42 MBytes       
[  5]   3.00-4.00   sec  36.1 MBytes   303 Mbits/sec    0   2.49 MBytes       
[  5]   4.00-5.00   sec  38.1 MBytes   320 Mbits/sec    0   2.55 MBytes       
[  5]   5.00-6.00   sec  38.5 MBytes   323 Mbits/sec    0   2.59 MBytes       
[  5]   6.00-7.00   sec  39.8 MBytes   333 Mbits/sec    0   2.61 MBytes       
[  5]   7.00-8.00   sec  38.5 MBytes   323 Mbits/sec    0   2.62 MBytes       
[  5]   8.00-9.00   sec  40.4 MBytes   339 Mbits/sec    0   2.63 MBytes       
[  5]   9.00-10.00  sec  38.5 MBytes   323 Mbits/sec    0   2.63 MBytes       
- - - - - - - - - - - - - - - - - - - - - - - - -
[ ID] Interval           Transfer     Bitrate         Retr
[  5]   0.00-10.00  sec   361 MBytes   303 Mbits/sec  825            sender
[  5]   0.00-10.06  sec   360 MBytes   301 Mbits/sec                  receiver

iperf Done.

Throughput: 303.0 Mbps
Retransmissions: 825
Measurement saved
iperf3 output:
Connecting to host 35.93.195.101, port 5201
[  5] local 172.31.22.33 port 40470 connected to 35.93.195.101 port 5201
[ ID] Interval           Transfer     Bitrate         Retr  Cwnd
[  5]   0.00-1.00   sec  20.4 MBytes   171 Mbits/sec  614   1.45 MBytes       
[  5]   1.00-2.00   sec  28.0 MBytes   235 Mbits/sec    0   1.54 MBytes       
[  5]   2.00-3.00   sec  27.6 MBytes   232 Mbits/sec    0   1.61 MBytes       
[  5]   3.00-4.00   sec  29.5 MBytes   247 Mbits/sec    0   1.66 MBytes       
[  5]   4.00-5.00   sec  31.8 MBytes   266 Mbits/sec    0   1.70 MBytes       
[  5]   5.00-6.00   sec  30.8 MBytes   258 Mbits/sec    0   1.72 MBytes       
[  5]   6.00-7.00   sec  30.9 MBytes   259 Mbits/sec    0   1.73 MBytes       
[  5]   7.00-8.00   sec  31.2 MBytes   262 Mbits/sec    0   1.73 MBytes       
[  5]   8.00-9.00   sec  33.8 MBytes   283 Mbits/sec    0   1.73 MBytes       
[  5]   9.00-10.00  sec  31.2 MBytes   262 Mbits/sec    0   1.73 MBytes       
- - - - - - - - - - - - - - - - - - - - - - - - -
[ ID] Interval           Transfer     Bitrate         Retr
[  5]   0.00-10.00  sec   295 MBytes   248 Mbits/sec  614            sender
[  5]   0.00-10.06  sec   293 MBytes   244 Mbits/sec                  receiver

iperf Done.

Throughput: 248.0 Mbps
Retransmissions: 614
Measurement saved
iperf3 output:
Connecting to host 35.93.195.101, port 5201
[  5] local 172.31.22.33 port 54994 connected to 35.93.195.101 port 5201
[ ID] Interval           Transfer     Bitrate         Retr  Cwnd
[  5]   0.00-1.00   sec  22.0 MBytes   184 Mbits/sec  478   1.55 MBytes       
[  5]   1.00-2.00   sec  28.2 MBytes   237 Mbits/sec    0   1.65 MBytes       
[  5]   2.00-3.00   sec  30.0 MBytes   252 Mbits/sec    0   1.72 MBytes       
[  5]   3.00-4.00   sec  31.4 MBytes   263 Mbits/sec    0   1.77 MBytes       
[  5]   4.00-5.00   sec  33.0 MBytes   277 Mbits/sec    0   1.81 MBytes       
[  5]   5.00-6.00   sec  31.6 MBytes   265 Mbits/sec    0   1.83 MBytes       
[  5]   6.00-7.00   sec  34.0 MBytes   285 Mbits/sec    0   1.84 MBytes       
[  5]   7.00-8.00   sec  34.4 MBytes   288 Mbits/sec    0   1.84 MBytes       
[  5]   8.00-9.00   sec  33.1 MBytes   278 Mbits/sec    0   1.84 MBytes       
[  5]   9.00-10.00  sec  33.4 MBytes   280 Mbits/sec    0   1.84 MBytes       
- - - - - - - - - - - - - - - - - - - - - - - - -
[ ID] Interval           Transfer     Bitrate         Retr
[  5]   0.00-10.00  sec   311 MBytes   261 Mbits/sec  478            sender
[  5]   0.00-10.06  sec   310 MBytes   258 Mbits/sec                  receiver

iperf Done.

Throughput: 261.0 Mbps
Retransmissions: 478
Measurement saved
iperf3 output:
Connecting to host 35.93.195.101, port 5201
[  5] local 172.31.22.33 port 49290 connected to 35.93.195.101 port 5201
[ ID] Interval           Transfer     Bitrate         Retr  Cwnd
[  5]   0.00-1.00   sec  18.6 MBytes   156 Mbits/sec  743   1.66 MBytes       
[  5]   1.00-2.00   sec  29.9 MBytes   251 Mbits/sec    0   1.76 MBytes       
[  5]   2.00-3.00   sec  29.1 MBytes   244 Mbits/sec    4   1.29 MBytes       
[  5]   3.00-4.00   sec  23.9 MBytes   200 Mbits/sec    0   1.38 MBytes       
[  5]   4.00-5.00   sec  24.1 MBytes   202 Mbits/sec    0   1.45 MBytes       
[  5]   5.00-6.00   sec  25.0 MBytes   210 Mbits/sec    0   1.49 MBytes       
[  5]   6.00-7.00   sec  25.2 MBytes   212 Mbits/sec    0   1.52 MBytes       
[  5]   7.00-8.00   sec  26.0 MBytes   218 Mbits/sec    0   1.54 MBytes       
[  5]   8.00-9.00   sec  25.8 MBytes   216 Mbits/sec    0   1.55 MBytes       
[  5]   9.00-10.00  sec  27.5 MBytes   231 Mbits/sec    0   1.56 MBytes       
- - - - - - - - - - - - - - - - - - - - - - - - -
[ ID] Interval           Transfer     Bitrate         Retr
[  5]   0.00-10.00  sec   256 MBytes   214 Mbits/sec  747            sender
[  5]   0.00-10.06  sec   253 MBytes   211 Mbits/sec                  receiver

iperf Done.

Throughput: 214.0 Mbps
Retransmissions: 747
Measurement saved
iperf3 output:
Connecting to host 35.93.195.101, port 5201
[  5] local 172.31.22.33 port 50322 connected to 35.93.195.101 port 5201
[ ID] Interval           Transfer     Bitrate         Retr  Cwnd
[  5]   0.00-1.00   sec  20.8 MBytes   174 Mbits/sec  1118   1.64 MBytes       
[  5]   1.00-2.00   sec  30.8 MBytes   258 Mbits/sec    0   1.73 MBytes       
[  5]   2.00-3.00   sec  31.4 MBytes   263 Mbits/sec    0   1.81 MBytes       
[  5]   3.00-4.00   sec  33.0 MBytes   277 Mbits/sec    0   1.87 MBytes       
[  5]   4.00-5.00   sec  34.1 MBytes   286 Mbits/sec    0   1.90 MBytes       
[  5]   5.00-6.00   sec  35.4 MBytes   297 Mbits/sec    0   1.93 MBytes       
[  5]   6.00-7.00   sec  34.0 MBytes   285 Mbits/sec    0   1.94 MBytes       
[  5]   7.00-8.00   sec  36.1 MBytes   303 Mbits/sec    0   1.95 MBytes       
[  5]   8.00-9.00   sec  34.8 MBytes   292 Mbits/sec    0   1.95 MBytes       
[  5]   9.00-10.00  sec  35.4 MBytes   297 Mbits/sec    0   1.95 MBytes       
- - - - - - - - - - - - - - - - - - - - - - - - -
[ ID] Interval           Transfer     Bitrate         Retr
[  5]   0.00-10.00  sec   326 MBytes   273 Mbits/sec  1118            sender
[  5]   0.00-10.06  sec   325 MBytes   271 Mbits/sec                  receiver

iperf Done.

Throughput: 273.0 Mbps
Retransmissions: 1118
Measurement saved
iperf3 output:
Connecting to host 35.93.195.101, port 5201
[  5] local 172.31.22.33 port 44162 connected to 35.93.195.101 port 5201
[ ID] Interval           Transfer     Bitrate         Retr  Cwnd
[  5]   0.00-1.00   sec  21.4 MBytes   179 Mbits/sec  658   1.92 MBytes       
[  5]   1.00-2.00   sec  33.6 MBytes   282 Mbits/sec    0   2.04 MBytes       
[  5]   2.00-3.00   sec  36.4 MBytes   305 Mbits/sec    0   2.13 MBytes       
[  5]   3.00-4.00   sec  33.6 MBytes   282 Mbits/sec    0   2.19 MBytes       
[  5]   4.00-5.00   sec  38.6 MBytes   324 Mbits/sec    0   2.24 MBytes       
[  5]   5.00-6.00   sec  38.4 MBytes   322 Mbits/sec    0   2.27 MBytes       
[  5]   6.00-7.00   sec  36.2 MBytes   304 Mbits/sec    0   2.29 MBytes       
[  5]   7.00-8.00   sec  38.9 MBytes   326 Mbits/sec    0   2.30 MBytes       
[  5]   8.00-9.00   sec  38.6 MBytes   324 Mbits/sec    0   2.30 MBytes       
[  5]   9.00-10.00  sec  40.2 MBytes   338 Mbits/sec    0   2.30 MBytes       
- - - - - - - - - - - - - - - - - - - - - - - - -
[ ID] Interval           Transfer     Bitrate         Retr
[  5]   0.00-10.00  sec   356 MBytes   299 Mbits/sec  658            sender
[  5]   0.00-10.06  sec   354 MBytes   295 Mbits/sec                  receiver

iperf Done.

Throughput: 299.0 Mbps
Retransmissions: 658
Measurement saved
iperf3 output:
Connecting to host 35.93.195.101, port 5201
[  5] local 172.31.22.33 port 42792 connected to 35.93.195.101 port 5201
[ ID] Interval           Transfer     Bitrate         Retr  Cwnd
[  5]   0.00-1.00   sec  18.8 MBytes   157 Mbits/sec  628   1.55 MBytes       
[  5]   1.00-2.00   sec  30.1 MBytes   253 Mbits/sec    0   1.64 MBytes       
[  5]   2.00-3.00   sec  29.9 MBytes   251 Mbits/sec    0   1.72 MBytes       
[  5]   3.00-4.00   sec  30.5 MBytes   256 Mbits/sec    0   1.77 MBytes       
[  5]   4.00-5.00   sec  33.0 MBytes   277 Mbits/sec    0   1.80 MBytes       
[  5]   5.00-6.00   sec  31.5 MBytes   264 Mbits/sec    9   1.29 MBytes       
[  5]   6.00-7.00   sec  24.1 MBytes   202 Mbits/sec    0   1.38 MBytes       
[  5]   7.00-8.00   sec  25.4 MBytes   213 Mbits/sec    0   1.44 MBytes       
[  5]   8.00-9.00   sec  27.2 MBytes   229 Mbits/sec    0   1.49 MBytes       
[  5]   9.00-10.00  sec  27.4 MBytes   230 Mbits/sec    0   1.52 MBytes       
- - - - - - - - - - - - - - - - - - - - - - - - -
[ ID] Interval           Transfer     Bitrate         Retr
[  5]   0.00-10.00  sec   278 MBytes   233 Mbits/sec  637            sender
[  5]   0.00-10.06  sec   276 MBytes   230 Mbits/sec                  receiver

iperf Done.

Throughput: 233.0 Mbps
Retransmissions: 637
Measurement saved
iperf3 output:
Connecting to host 35.93.195.101, port 5201
[  5] local 172.31.22.33 port 46436 connected to 35.93.195.101 port 5201
[ ID] Interval           Transfer     Bitrate         Retr  Cwnd
[  5]   0.00-1.00   sec  21.6 MBytes   181 Mbits/sec  1328   2.03 MBytes       
[  5]   1.00-2.00   sec  37.4 MBytes   314 Mbits/sec    0   2.15 MBytes       
[  5]   2.00-3.00   sec  38.6 MBytes   324 Mbits/sec    0   2.24 MBytes       
[  5]   3.00-4.00   sec  42.2 MBytes   354 Mbits/sec    0   2.31 MBytes       
[  5]   4.00-5.00   sec  40.6 MBytes   341 Mbits/sec    0   2.35 MBytes       
[  5]   5.00-6.00   sec  42.6 MBytes   358 Mbits/sec    0   2.39 MBytes       
[  5]   6.00-7.00   sec  43.8 MBytes   367 Mbits/sec    0   2.41 MBytes       
[  5]   7.00-8.00   sec  45.5 MBytes   382 Mbits/sec    0   2.42 MBytes       
[  5]   8.00-9.00   sec  44.5 MBytes   373 Mbits/sec    0   2.42 MBytes       
[  5]   9.00-10.00  sec  43.2 MBytes   363 Mbits/sec    0   2.42 MBytes       
- - - - - - - - - - - - - - - - - - - - - - - - -
[ ID] Interval           Transfer     Bitrate         Retr
[  5]   0.00-10.00  sec   402 MBytes   337 Mbits/sec  1328            sender
[  5]   0.00-10.06  sec   401 MBytes   334 Mbits/sec                  receiver

iperf Done.

Throughput: 337.0 Mbps
Retransmissions: 1328
Measurement saved
iperf3 output:
Connecting to host 35.93.195.101, port 5201
[  5] local 172.31.22.33 port 51162 connected to 35.93.195.101 port 5201
[ ID] Interval           Transfer     Bitrate         Retr  Cwnd
[  5]   0.00-1.00   sec  23.8 MBytes   199 Mbits/sec  441   2.08 MBytes       
[  5]   1.00-2.00   sec  34.2 MBytes   287 Mbits/sec    0   2.19 MBytes       
[  5]   2.00-3.00   sec  35.6 MBytes   299 Mbits/sec    0   2.29 MBytes       
[  5]   3.00-4.00   sec  39.1 MBytes   328 Mbits/sec    0   2.36 MBytes       
[  5]   4.00-5.00   sec  38.9 MBytes   326 Mbits/sec    0   2.41 MBytes       
[  5]   5.00-6.00   sec  38.0 MBytes   319 Mbits/sec    0   2.44 MBytes       
[  5]   6.00-7.00   sec  41.0 MBytes   344 Mbits/sec    0   2.46 MBytes       
[  5]   7.00-8.00   sec  33.2 MBytes   279 Mbits/sec   14   1.80 MBytes       
[  5]   8.00-9.00   sec  28.9 MBytes   242 Mbits/sec    0   1.90 MBytes       
[  5]   9.00-10.00  sec  31.4 MBytes   263 Mbits/sec    0   1.97 MBytes       
- - - - - - - - - - - - - - - - - - - - - - - - -
[ ID] Interval           Transfer     Bitrate         Retr
[  5]   0.00-10.00  sec   345 MBytes   290 Mbits/sec  455            sender
[  5]   0.00-10.06  sec   344 MBytes   287 Mbits/sec                  receiver

iperf Done.

Throughput: 290.0 Mbps
Retransmissions: 455
Measurement saved
iperf3 output:
Connecting to host 35.93.195.101, port 5201
[  5] local 172.31.22.33 port 60540 connected to 35.93.195.101 port 5201
[ ID] Interval           Transfer     Bitrate         Retr  Cwnd
[  5]   0.00-1.00   sec  33.8 MBytes   283 Mbits/sec    0   6.05 MBytes       
[  5]   1.00-2.00   sec  66.2 MBytes   556 Mbits/sec    0   8.00 MBytes       
[  5]   2.00-3.00   sec  65.2 MBytes   547 Mbits/sec  287   5.60 MBytes       
[  5]   3.00-4.00   sec  71.8 MBytes   602 Mbits/sec    0   5.60 MBytes       
[  5]   4.00-5.00   sec  67.1 MBytes   563 Mbits/sec    0   5.60 MBytes       
[  5]   5.00-6.00   sec  71.6 MBytes   601 Mbits/sec    0   5.60 MBytes       
[  5]   6.00-7.00   sec  67.5 MBytes   566 Mbits/sec    0   5.60 MBytes       
[  5]   7.00-8.00   sec  65.2 MBytes   547 Mbits/sec  348   3.92 MBytes       
[  5]   8.00-9.00   sec  69.2 MBytes   581 Mbits/sec    0   4.03 MBytes       
[  5]   9.00-10.00  sec  69.5 MBytes   583 Mbits/sec    0   4.03 MBytes       
- - - - - - - - - - - - - - - - - - - - - - - - -
[ ID] Interval           Transfer     Bitrate         Retr
[  5]   0.00-10.00  sec   648 MBytes   543 Mbits/sec  635            sender
[  5]   0.00-10.06  sec   648 MBytes   540 Mbits/sec                  receiver

iperf Done.

Throughput: 543.0 Mbps
Retransmissions: 635
Measurement saved
iperf3 output:
Connecting to host 35.93.195.101, port 5201
[  5] local 172.31.22.33 port 34234 connected to 35.93.195.101 port 5201
[ ID] Interval           Transfer     Bitrate         Retr  Cwnd
[  5]   0.00-1.00   sec  21.4 MBytes   179 Mbits/sec  378   2.19 MBytes       
[  5]   1.00-2.00   sec  36.0 MBytes   302 Mbits/sec    0   2.32 MBytes       
[  5]   2.00-3.00   sec  40.9 MBytes   343 Mbits/sec    0   2.42 MBytes       
[  5]   3.00-4.00   sec  39.4 MBytes   330 Mbits/sec    0   2.50 MBytes       
[  5]   4.00-5.00   sec  40.4 MBytes   339 Mbits/sec    0   2.55 MBytes       
[  5]   5.00-6.00   sec  43.8 MBytes   367 Mbits/sec    0   2.59 MBytes       
[  5]   6.00-7.00   sec  41.6 MBytes   349 Mbits/sec    0   2.62 MBytes       
[  5]   7.00-8.00   sec  43.9 MBytes   368 Mbits/sec    0   2.63 MBytes       
[  5]   8.00-9.00   sec  42.8 MBytes   359 Mbits/sec    0   2.63 MBytes       
[  5]   9.00-10.00  sec  41.1 MBytes   345 Mbits/sec    0   2.63 MBytes       
- - - - - - - - - - - - - - - - - - - - - - - - -
[ ID] Interval           Transfer     Bitrate         Retr
[  5]   0.00-10.00  sec   391 MBytes   328 Mbits/sec  378            sender
[  5]   0.00-10.06  sec   391 MBytes   326 Mbits/sec                  receiver

iperf Done.

Throughput: 328.0 Mbps
Retransmissions: 378
Measurement saved
iperf3 output:
Connecting to host 35.93.195.101, port 5201
[  5] local 172.31.22.33 port 38894 connected to 35.93.195.101 port 5201
[ ID] Interval           Transfer     Bitrate         Retr  Cwnd
[  5]   0.00-1.00   sec  26.4 MBytes   221 Mbits/sec  990   2.27 MBytes       
[  5]   1.00-2.00   sec  41.6 MBytes   349 Mbits/sec    0   2.40 MBytes       
[  5]   2.00-3.00   sec  44.5 MBytes   373 Mbits/sec    0   2.50 MBytes       
[  5]   3.00-4.00   sec  45.5 MBytes   382 Mbits/sec    0   2.57 MBytes       
[  5]   4.00-5.00   sec  47.9 MBytes   402 Mbits/sec    0   2.63 MBytes       
[  5]   5.00-6.00   sec  48.5 MBytes   407 Mbits/sec    0   2.67 MBytes       
[  5]   6.00-7.00   sec  49.5 MBytes   415 Mbits/sec    0   2.69 MBytes       
[  5]   7.00-8.00   sec  47.9 MBytes   402 Mbits/sec    0   2.71 MBytes       
[  5]   8.00-9.00   sec  49.5 MBytes   415 Mbits/sec    0   2.71 MBytes       
[  5]   9.00-10.00  sec  49.4 MBytes   414 Mbits/sec    0   2.71 MBytes       
- - - - - - - - - - - - - - - - - - - - - - - - -
[ ID] Interval           Transfer     Bitrate         Retr
[  5]   0.00-10.00  sec   451 MBytes   378 Mbits/sec  990            sender
[  5]   0.00-10.06  sec   451 MBytes   376 Mbits/sec                  receiver

iperf Done.

Throughput: 378.0 Mbps
Retransmissions: 990
Measurement saved
iperf3 output:
Connecting to host 35.93.195.101, port 5201
[  5] local 172.31.22.33 port 49932 connected to 35.93.195.101 port 5201
[ ID] Interval           Transfer     Bitrate         Retr  Cwnd
[  5]   0.00-1.00   sec  23.0 MBytes   193 Mbits/sec  944   1.77 MBytes       
[  5]   1.00-2.00   sec  33.2 MBytes   279 Mbits/sec    0   1.88 MBytes       
[  5]   2.00-3.00   sec  34.0 MBytes   285 Mbits/sec    0   1.96 MBytes       
[  5]   3.00-4.00   sec  37.2 MBytes   312 Mbits/sec    0   2.02 MBytes       
[  5]   4.00-5.00   sec  37.6 MBytes   316 Mbits/sec    0   2.06 MBytes       
[  5]   5.00-6.00   sec  37.0 MBytes   310 Mbits/sec    0   2.09 MBytes       
[  5]   6.00-7.00   sec  37.4 MBytes   314 Mbits/sec    0   2.10 MBytes       
[  5]   7.00-8.00   sec  40.5 MBytes   340 Mbits/sec    0   2.11 MBytes       
[  5]   8.00-9.00   sec  38.2 MBytes   321 Mbits/sec    0   2.11 MBytes       
[  5]   9.00-10.00  sec  38.0 MBytes   319 Mbits/sec    0   2.11 MBytes       
- - - - - - - - - - - - - - - - - - - - - - - - -
[ ID] Interval           Transfer     Bitrate         Retr
[  5]   0.00-10.00  sec   356 MBytes   299 Mbits/sec  944            sender
[  5]   0.00-10.06  sec   355 MBytes   296 Mbits/sec                  receiver

iperf Done.

Throughput: 299.0 Mbps
Retransmissions: 944
Measurement saved
iperf3 output:
Connecting to host 35.93.195.101, port 5201
[  5] local 172.31.22.33 port 51024 connected to 35.93.195.101 port 5201
[ ID] Interval           Transfer     Bitrate         Retr  Cwnd
[  5]   0.00-1.00   sec  22.1 MBytes   185 Mbits/sec  596   2.66 MBytes       
[  5]   1.00-2.00   sec  44.6 MBytes   374 Mbits/sec    0   2.81 MBytes       
[  5]   2.00-3.00   sec  45.0 MBytes   377 Mbits/sec    0   2.93 MBytes       
[  5]   3.00-4.00   sec  47.4 MBytes   397 Mbits/sec    0   3.02 MBytes       
[  5]   4.00-5.00   sec  47.5 MBytes   398 Mbits/sec    0   3.09 MBytes       
[  5]   5.00-6.00   sec  48.9 MBytes   410 Mbits/sec    0   3.13 MBytes       
[  5]   6.00-7.00   sec  39.2 MBytes   329 Mbits/sec    7   2.31 MBytes       
[  5]   7.00-8.00   sec  36.8 MBytes   308 Mbits/sec    0   2.42 MBytes       
[  5]   8.00-9.00   sec  39.5 MBytes   331 Mbits/sec    0   2.50 MBytes       
[  5]   9.00-10.00  sec  41.2 MBytes   346 Mbits/sec    0   2.57 MBytes       
- - - - - - - - - - - - - - - - - - - - - - - - -
[ ID] Interval           Transfer     Bitrate         Retr
[  5]   0.00-10.00  sec   412 MBytes   346 Mbits/sec  603            sender
[  5]   0.00-10.06  sec   411 MBytes   343 Mbits/sec                  receiver

iperf Done.

Throughput: 346.0 Mbps
Retransmissions: 603
Measurement saved
iperf3 output:
Connecting to host 35.93.195.101, port 5201
[  5] local 172.31.22.33 port 59580 connected to 35.93.195.101 port 5201
[ ID] Interval           Transfer     Bitrate         Retr  Cwnd
[  5]   0.00-1.00   sec  21.4 MBytes   179 Mbits/sec  778   1.86 MBytes       
[  5]   1.00-2.00   sec  33.0 MBytes   277 Mbits/sec    0   1.97 MBytes       
[  5]   2.00-3.00   sec  35.1 MBytes   295 Mbits/sec    0   2.06 MBytes       
[  5]   3.00-4.00   sec  34.6 MBytes   290 Mbits/sec    0   2.12 MBytes       
[  5]   4.00-5.00   sec  37.4 MBytes   314 Mbits/sec    0   2.17 MBytes       
[  5]   5.00-6.00   sec  36.8 MBytes   308 Mbits/sec    0   2.20 MBytes       
[  5]   6.00-7.00   sec  37.5 MBytes   315 Mbits/sec    0   2.21 MBytes       
[  5]   7.00-8.00   sec  37.6 MBytes   316 Mbits/sec    0   2.22 MBytes       
[  5]   8.00-9.00   sec  38.6 MBytes   324 Mbits/sec    0   2.22 MBytes       
[  5]   9.00-10.00  sec  37.2 MBytes   312 Mbits/sec    0   2.22 MBytes       
- - - - - - - - - - - - - - - - - - - - - - - - -
[ ID] Interval           Transfer     Bitrate         Retr
[  5]   0.00-10.00  sec   350 MBytes   293 Mbits/sec  778            sender
[  5]   0.00-10.06  sec   349 MBytes   291 Mbits/sec                  receiver

iperf Done.

Throughput: 293.0 Mbps
Retransmissions: 778
Measurement saved
iperf3 output:
Connecting to host 35.93.195.101, port 5201
[  5] local 172.31.22.33 port 55810 connected to 35.93.195.101 port 5201
[ ID] Interval           Transfer     Bitrate         Retr  Cwnd
[  5]   0.00-1.00   sec  26.4 MBytes   221 Mbits/sec  615   2.57 MBytes       
[  5]   1.00-2.00   sec  49.0 MBytes   411 Mbits/sec    0   2.80 MBytes       
[  5]   2.00-3.00   sec  47.8 MBytes   401 Mbits/sec    0   2.98 MBytes       
[  5]   3.00-4.00   sec  52.4 MBytes   439 Mbits/sec   54   2.19 MBytes       
[  5]   4.00-5.00   sec  37.4 MBytes   314 Mbits/sec    0   2.32 MBytes       
[  5]   5.00-6.00   sec  42.9 MBytes   360 Mbits/sec    0   2.42 MBytes       
[  5]   6.00-7.00   sec  42.4 MBytes   355 Mbits/sec    0   2.50 MBytes       
[  5]   7.00-8.00   sec  44.9 MBytes   376 Mbits/sec    0   2.56 MBytes       
[  5]   8.00-9.00   sec  46.9 MBytes   393 Mbits/sec    0   2.60 MBytes       
[  5]   9.00-10.00  sec  45.1 MBytes   378 Mbits/sec    0   2.63 MBytes       
- - - - - - - - - - - - - - - - - - - - - - - - -
[ ID] Interval           Transfer     Bitrate         Retr
[  5]   0.00-10.00  sec   435 MBytes   365 Mbits/sec  669            sender
[  5]   0.00-10.06  sec   434 MBytes   361 Mbits/sec                  receiver

iperf Done.

Throughput: 365.0 Mbps
Retransmissions: 669
Measurement saved
iperf3 output:
Connecting to host 35.93.195.101, port 5201
[  5] local 172.31.22.33 port 34358 connected to 35.93.195.101 port 5201
[ ID] Interval           Transfer     Bitrate         Retr  Cwnd
[  5]   0.00-1.00   sec  21.9 MBytes   183 Mbits/sec  1533   1.58 MBytes       
[  5]   1.00-2.00   sec  24.0 MBytes   201 Mbits/sec    0   1.30 MBytes       
[  5]   2.00-3.00   sec  23.2 MBytes   195 Mbits/sec    0   1.37 MBytes       
[  5]   3.00-4.00   sec  25.0 MBytes   210 Mbits/sec    0   1.42 MBytes       
[  5]   4.00-5.00   sec  27.1 MBytes   228 Mbits/sec    0   1.45 MBytes       
[  5]   5.00-6.00   sec  26.2 MBytes   220 Mbits/sec    0   1.47 MBytes       
[  5]   6.00-7.00   sec  26.5 MBytes   222 Mbits/sec    0   1.48 MBytes       
[  5]   7.00-8.00   sec  26.6 MBytes   223 Mbits/sec    0   1.48 MBytes       
[  5]   8.00-9.00   sec  28.0 MBytes   235 Mbits/sec    0   1.48 MBytes       
[  5]   9.00-10.00  sec  26.6 MBytes   223 Mbits/sec    0   1.48 MBytes       
- - - - - - - - - - - - - - - - - - - - - - - - -
[ ID] Interval           Transfer     Bitrate         Retr
[  5]   0.00-10.00  sec   255 MBytes   214 Mbits/sec  1533            sender
[  5]   0.00-10.06  sec   253 MBytes   211 Mbits/sec                  receiver

iperf Done.

Throughput: 214.0 Mbps
Retransmissions: 1533
Measurement saved
iperf3 output:
Connecting to host 35.93.195.101, port 5201
[  5] local 172.31.22.33 port 57318 connected to 35.93.195.101 port 5201
[ ID] Interval           Transfer     Bitrate         Retr  Cwnd
[  5]   0.00-1.00   sec  33.0 MBytes   277 Mbits/sec    0   8.04 MBytes       
[  5]   1.00-2.00   sec  62.1 MBytes   521 Mbits/sec    0   8.04 MBytes       
[  5]   2.00-3.00   sec  63.5 MBytes   533 Mbits/sec    0   8.04 MBytes       
[  5]   3.00-4.00   sec  63.5 MBytes   533 Mbits/sec    0   8.04 MBytes       
[  5]   4.00-5.00   sec  59.8 MBytes   501 Mbits/sec    0   8.04 MBytes       
[  5]   5.00-6.00   sec  63.6 MBytes   534 Mbits/sec    0   8.04 MBytes       
[  5]   6.00-7.00   sec  63.8 MBytes   535 Mbits/sec    0   8.04 MBytes       
[  5]   7.00-8.00   sec  59.6 MBytes   500 Mbits/sec    0   8.04 MBytes       
[  5]   8.00-9.00   sec  60.1 MBytes   504 Mbits/sec    0   8.04 MBytes       
[  5]   9.00-10.00  sec  48.6 MBytes   408 Mbits/sec    0   8.04 MBytes       
- - - - - - - - - - - - - - - - - - - - - - - - -
[ ID] Interval           Transfer     Bitrate         Retr
[  5]   0.00-10.00  sec   578 MBytes   484 Mbits/sec    0            sender
[  5]   0.00-10.06  sec   578 MBytes   482 Mbits/sec                  receiver

iperf Done.

Throughput: 484.0 Mbps
Retransmissions: 0
Measurement saved
iperf3 output:
Connecting to host 35.93.195.101, port 5201
[  5] local 172.31.22.33 port 40194 connected to 35.93.195.101 port 5201
[ ID] Interval           Transfer     Bitrate         Retr  Cwnd
[  5]   0.00-1.00   sec  24.0 MBytes   201 Mbits/sec  194   2.46 MBytes       
[  5]   1.00-2.00   sec  46.4 MBytes   389 Mbits/sec    0   2.68 MBytes       
[  5]   2.00-3.00   sec  49.8 MBytes   417 Mbits/sec    0   2.86 MBytes       
[  5]   3.00-4.00   sec  51.4 MBytes   431 Mbits/sec    0   3.00 MBytes       
[  5]   4.00-5.00   sec  55.6 MBytes   467 Mbits/sec    0   3.12 MBytes       
[  5]   5.00-6.00   sec  55.0 MBytes   461 Mbits/sec    0   3.21 MBytes       
[  5]   6.00-7.00   sec  49.5 MBytes   415 Mbits/sec   24   2.34 MBytes       
[  5]   7.00-8.00   sec  43.5 MBytes   365 Mbits/sec    0   2.46 MBytes       
[  5]   8.00-9.00   sec  44.9 MBytes   376 Mbits/sec    0   2.56 MBytes       
[  5]   9.00-10.00  sec  47.0 MBytes   394 Mbits/sec    0   2.63 MBytes       
- - - - - - - - - - - - - - - - - - - - - - - - -
[ ID] Interval           Transfer     Bitrate         Retr
[  5]   0.00-10.00  sec   467 MBytes   392 Mbits/sec  218            sender
[  5]   0.00-10.06  sec   467 MBytes   389 Mbits/sec                  receiver

iperf Done.

Throughput: 392.0 Mbps
Retransmissions: 218
Measurement saved
iperf3 output:
Connecting to host 35.93.195.101, port 5201
[  5] local 172.31.22.33 port 33248 connected to 35.93.195.101 port 5201
[ ID] Interval           Transfer     Bitrate         Retr  Cwnd
[  5]   0.00-1.00   sec  19.5 MBytes   163 Mbits/sec  731   1.86 MBytes       
[  5]   1.00-2.00   sec  30.8 MBytes   258 Mbits/sec    0   1.98 MBytes       
[  5]   2.00-3.00   sec  33.8 MBytes   283 Mbits/sec    0   2.07 MBytes       
[  5]   3.00-4.00   sec  35.0 MBytes   294 Mbits/sec    0   2.14 MBytes       
[  5]   4.00-5.00   sec  34.1 MBytes   286 Mbits/sec    0   2.18 MBytes       
[  5]   5.00-6.00   sec  35.0 MBytes   294 Mbits/sec    0   2.21 MBytes       
[  5]   6.00-7.00   sec  36.2 MBytes   304 Mbits/sec    0   2.23 MBytes       
[  5]   7.00-8.00   sec  35.2 MBytes   296 Mbits/sec    0   2.24 MBytes       
[  5]   8.00-9.00   sec  35.9 MBytes   301 Mbits/sec    0   2.25 MBytes       
[  5]   9.00-10.00  sec  36.5 MBytes   306 Mbits/sec    0   2.25 MBytes       
- - - - - - - - - - - - - - - - - - - - - - - - -
[ ID] Interval           Transfer     Bitrate         Retr
[  5]   0.00-10.00  sec   332 MBytes   278 Mbits/sec  731            sender
[  5]   0.00-10.06  sec   330 MBytes   275 Mbits/sec                  receiver

iperf Done.

Throughput: 278.0 Mbps
Retransmissions: 731
Measurement saved
iperf3 output:
Connecting to host 35.93.195.101, port 5201
[  5] local 172.31.22.33 port 42816 connected to 35.93.195.101 port 5201
[ ID] Interval           Transfer     Bitrate         Retr  Cwnd
[  5]   0.00-1.00   sec  21.1 MBytes   177 Mbits/sec  512   1.55 MBytes       
[  5]   1.00-2.00   sec  28.6 MBytes   240 Mbits/sec    0   1.65 MBytes       
[  5]   2.00-3.00   sec  28.2 MBytes   237 Mbits/sec    0   1.72 MBytes       
[  5]   3.00-4.00   sec  31.5 MBytes   264 Mbits/sec    0   1.77 MBytes       
[  5]   4.00-5.00   sec  30.6 MBytes   257 Mbits/sec    0   1.81 MBytes       
[  5]   5.00-6.00   sec  32.8 MBytes   275 Mbits/sec    0   1.83 MBytes       
[  5]   6.00-7.00   sec  32.2 MBytes   270 Mbits/sec    0   1.85 MBytes       
[  5]   7.00-8.00   sec  31.8 MBytes   266 Mbits/sec    0   1.85 MBytes       
[  5]   8.00-9.00   sec  33.6 MBytes   282 Mbits/sec    0   1.85 MBytes       
[  5]   9.00-10.00  sec  32.0 MBytes   268 Mbits/sec    0   1.85 MBytes       
- - - - - - - - - - - - - - - - - - - - - - - - -
[ ID] Interval           Transfer     Bitrate         Retr
[  5]   0.00-10.00  sec   302 MBytes   254 Mbits/sec  512            sender
[  5]   0.00-10.06  sec   301 MBytes   251 Mbits/sec                  receiver

iperf Done.

Throughput: 254.0 Mbps
Retransmissions: 512
Measurement saved
iperf3 output:
Connecting to host 35.93.195.101, port 5201
[  5] local 172.31.22.33 port 44584 connected to 35.93.195.101 port 5201
[ ID] Interval           Transfer     Bitrate         Retr  Cwnd
[  5]   0.00-1.00   sec  21.2 MBytes   178 Mbits/sec  297   2.40 MBytes       
[  5]   1.00-2.00   sec  41.0 MBytes   344 Mbits/sec    0   2.54 MBytes       
[  5]   2.00-3.00   sec  42.4 MBytes   355 Mbits/sec    0   2.64 MBytes       
[  5]   3.00-4.00   sec  42.2 MBytes   354 Mbits/sec    0   2.72 MBytes       
[  5]   4.00-5.00   sec  44.5 MBytes   373 Mbits/sec    0   2.78 MBytes       
[  5]   5.00-6.00   sec  45.1 MBytes   379 Mbits/sec    0   2.82 MBytes       
[  5]   6.00-7.00   sec  44.1 MBytes   370 Mbits/sec    0   2.84 MBytes       
[  5]   7.00-8.00   sec  45.8 MBytes   384 Mbits/sec    0   2.85 MBytes       
[  5]   8.00-9.00   sec  45.6 MBytes   383 Mbits/sec    0   2.86 MBytes       
[  5]   9.00-10.00  sec  45.2 MBytes   379 Mbits/sec    0   2.86 MBytes       
- - - - - - - - - - - - - - - - - - - - - - - - -
[ ID] Interval           Transfer     Bitrate         Retr
[  5]   0.00-10.00  sec   417 MBytes   350 Mbits/sec  297            sender
[  5]   0.00-10.06  sec   416 MBytes   347 Mbits/sec                  receiver

iperf Done.

Throughput: 350.0 Mbps
Retransmissions: 297
Measurement saved
iperf3 output:
Connecting to host 35.93.195.101, port 5201
[  5] local 172.31.22.33 port 55182 connected to 35.93.195.101 port 5201
[ ID] Interval           Transfer     Bitrate         Retr  Cwnd
[  5]   0.00-1.00   sec  25.0 MBytes   209 Mbits/sec  649   2.42 MBytes       
[  5]   1.00-2.00   sec  45.4 MBytes   381 Mbits/sec    0   2.55 MBytes       
[  5]   2.00-3.00   sec  43.6 MBytes   366 Mbits/sec    0   2.66 MBytes       
[  5]   3.00-4.00   sec  48.2 MBytes   405 Mbits/sec    0   2.74 MBytes       
[  5]   4.00-5.00   sec  48.0 MBytes   403 Mbits/sec    0   2.80 MBytes       
[  5]   5.00-6.00   sec  50.1 MBytes   420 Mbits/sec    0   2.85 MBytes       
[  5]   6.00-7.00   sec  49.2 MBytes   413 Mbits/sec    0   2.87 MBytes       
[  5]   7.00-8.00   sec  50.1 MBytes   420 Mbits/sec    0   2.89 MBytes       
[  5]   8.00-9.00   sec  52.4 MBytes   439 Mbits/sec    0   2.90 MBytes       
[  5]   9.00-10.00  sec  47.9 MBytes   401 Mbits/sec    0   2.90 MBytes       
- - - - - - - - - - - - - - - - - - - - - - - - -
[ ID] Interval           Transfer     Bitrate         Retr
[  5]   0.00-10.00  sec   460 MBytes   386 Mbits/sec  649            sender
[  5]   0.00-10.06  sec   460 MBytes   384 Mbits/sec                  receiver

iperf Done.

Throughput: 386.0 Mbps
Retransmissions: 649
Measurement saved
iperf3 output:
Connecting to host 35.93.195.101, port 5201
[  5] local 172.31.22.33 port 53346 connected to 35.93.195.101 port 5201
[ ID] Interval           Transfer     Bitrate         Retr  Cwnd
[  5]   0.00-1.00   sec  22.5 MBytes   189 Mbits/sec  814   1.66 MBytes       
[  5]   1.00-2.00   sec  30.2 MBytes   254 Mbits/sec    0   1.76 MBytes       
[  5]   2.00-3.00   sec  33.1 MBytes   278 Mbits/sec    0   1.85 MBytes       
[  5]   3.00-4.00   sec  33.2 MBytes   279 Mbits/sec    0   1.91 MBytes       
[  5]   4.00-5.00   sec  36.8 MBytes   308 Mbits/sec    0   1.96 MBytes       
[  5]   5.00-6.00   sec  36.1 MBytes   303 Mbits/sec    0   1.98 MBytes       
[  5]   6.00-7.00   sec  35.2 MBytes   296 Mbits/sec    0   2.00 MBytes       
[  5]   7.00-8.00   sec  36.6 MBytes   307 Mbits/sec    0   2.01 MBytes       
[  5]   8.00-9.00   sec  38.0 MBytes   319 Mbits/sec    0   2.01 MBytes       
[  5]   9.00-10.00  sec  36.1 MBytes   303 Mbits/sec    0   2.01 MBytes       
- - - - - - - - - - - - - - - - - - - - - - - - -
[ ID] Interval           Transfer     Bitrate         Retr
[  5]   0.00-10.00  sec   338 MBytes   284 Mbits/sec  814            sender
[  5]   0.00-10.06  sec   337 MBytes   281 Mbits/sec                  receiver

iperf Done.

Throughput: 284.0 Mbps
Retransmissions: 814
Measurement saved
iperf3 output:
Connecting to host 35.93.195.101, port 5201
[  5] local 172.31.22.33 port 44944 connected to 35.93.195.101 port 5201
[ ID] Interval           Transfer     Bitrate         Retr  Cwnd
[  5]   0.00-1.00   sec  25.5 MBytes   214 Mbits/sec  284   3.17 MBytes       
[  5]   1.00-2.00   sec  43.4 MBytes   364 Mbits/sec   48   2.38 MBytes       
[  5]   2.00-3.00   sec  39.2 MBytes   329 Mbits/sec    0   2.51 MBytes       
[  5]   3.00-4.00   sec  42.5 MBytes   357 Mbits/sec    0   2.61 MBytes       
[  5]   4.00-5.00   sec  42.4 MBytes   355 Mbits/sec    0   2.68 MBytes       
[  5]   5.00-6.00   sec  43.5 MBytes   365 Mbits/sec    0   2.73 MBytes       
[  5]   6.00-7.00   sec  46.1 MBytes   387 Mbits/sec    0   2.77 MBytes       
[  5]   7.00-8.00   sec  45.8 MBytes   384 Mbits/sec    0   2.79 MBytes       
[  5]   8.00-9.00   sec  44.1 MBytes   370 Mbits/sec    0   2.81 MBytes       
[  5]   9.00-10.00  sec  44.4 MBytes   372 Mbits/sec    0   2.81 MBytes       
- - - - - - - - - - - - - - - - - - - - - - - - -
[ ID] Interval           Transfer     Bitrate         Retr
[  5]   0.00-10.00  sec   417 MBytes   350 Mbits/sec  332            sender
[  5]   0.00-10.06  sec   417 MBytes   348 Mbits/sec                  receiver

iperf Done.

Throughput: 350.0 Mbps
Retransmissions: 332
Measurement saved
iperf3 output:
Connecting to host 35.93.195.101, port 5201
[  5] local 172.31.22.33 port 33514 connected to 35.93.195.101 port 5201
[ ID] Interval           Transfer     Bitrate         Retr  Cwnd
[  5]   0.00-1.00   sec  23.0 MBytes   193 Mbits/sec  1090   2.32 MBytes       
[  5]   1.00-2.00   sec  38.9 MBytes   326 Mbits/sec   11   1.72 MBytes       
[  5]   2.00-3.00   sec  31.4 MBytes   263 Mbits/sec    0   1.83 MBytes       
[  5]   3.00-4.00   sec  33.1 MBytes   278 Mbits/sec    0   1.91 MBytes       
[  5]   4.00-5.00   sec  33.2 MBytes   279 Mbits/sec    0   1.97 MBytes       
[  5]   5.00-6.00   sec  35.5 MBytes   298 Mbits/sec    0   2.01 MBytes       
[  5]   6.00-7.00   sec  36.6 MBytes   307 Mbits/sec    0   2.04 MBytes       
[  5]   7.00-8.00   sec  36.0 MBytes   302 Mbits/sec    0   2.06 MBytes       
[  5]   8.00-9.00   sec  36.5 MBytes   306 Mbits/sec    0   2.07 MBytes       
[  5]   9.00-10.00  sec  35.8 MBytes   300 Mbits/sec    0   2.07 MBytes       
- - - - - - - - - - - - - - - - - - - - - - - - -
[ ID] Interval           Transfer     Bitrate         Retr
[  5]   0.00-10.00  sec   340 MBytes   285 Mbits/sec  1101            sender
[  5]   0.00-10.06  sec   338 MBytes   282 Mbits/sec                  receiver

iperf Done.

Throughput: 285.0 Mbps
Retransmissions: 1101
Measurement saved
iperf3 output:
Connecting to host 35.93.195.101, port 5201
[  5] local 172.31.22.33 port 57466 connected to 35.93.195.101 port 5201
[ ID] Interval           Transfer     Bitrate         Retr  Cwnd
[  5]   0.00-1.00   sec  18.5 MBytes   155 Mbits/sec  620   1.60 MBytes       
[  5]   1.00-2.00   sec  27.0 MBytes   226 Mbits/sec  303   1.78 MBytes       
[  5]   2.00-3.00   sec  30.2 MBytes   254 Mbits/sec    0   1.87 MBytes       
[  5]   3.00-4.00   sec  29.8 MBytes   250 Mbits/sec    0   1.93 MBytes       
[  5]   4.00-5.00   sec  31.0 MBytes   260 Mbits/sec    0   1.98 MBytes       
[  5]   5.00-6.00   sec  22.8 MBytes   191 Mbits/sec  307   1.47 MBytes       
[  5]   6.00-7.00   sec  24.5 MBytes   206 Mbits/sec    0   1.55 MBytes       
[  5]   7.00-8.00   sec  24.1 MBytes   202 Mbits/sec    0   1.60 MBytes       
[  5]   8.00-9.00   sec  25.6 MBytes   215 Mbits/sec    0   1.64 MBytes       
[  5]   9.00-10.00  sec  25.6 MBytes   215 Mbits/sec    0   1.66 MBytes       
- - - - - - - - - - - - - - - - - - - - - - - - -
[ ID] Interval           Transfer     Bitrate         Retr
[  5]   0.00-10.00  sec   259 MBytes   217 Mbits/sec  1230            sender
[  5]   0.00-10.06  sec   258 MBytes   215 Mbits/sec                  receiver

iperf Done.

Throughput: 217.0 Mbps
Retransmissions: 1230
Measurement saved
iperf3 output:
Connecting to host 35.93.195.101, port 5201
[  5] local 172.31.22.33 port 33914 connected to 35.93.195.101 port 5201
[ ID] Interval           Transfer     Bitrate         Retr  Cwnd
[  5]   0.00-1.00   sec  26.0 MBytes   218 Mbits/sec  512   2.46 MBytes       
[  5]   1.00-2.00   sec  46.5 MBytes   390 Mbits/sec    0   2.60 MBytes       
[  5]   2.00-3.00   sec  47.5 MBytes   398 Mbits/sec    0   2.71 MBytes       
[  5]   3.00-4.00   sec  48.9 MBytes   410 Mbits/sec    0   2.79 MBytes       
[  5]   4.00-5.00   sec  50.6 MBytes   425 Mbits/sec    0   2.85 MBytes       
[  5]   5.00-6.00   sec  51.5 MBytes   432 Mbits/sec    0   2.89 MBytes       
[  5]   6.00-7.00   sec  53.9 MBytes   452 Mbits/sec    0   2.92 MBytes       
[  5]   7.00-8.00   sec  53.2 MBytes   447 Mbits/sec    0   2.94 MBytes       
[  5]   8.00-9.00   sec  51.6 MBytes   433 Mbits/sec    0   2.95 MBytes       
[  5]   9.00-10.00  sec  52.4 MBytes   439 Mbits/sec    0   2.95 MBytes       
- - - - - - - - - - - - - - - - - - - - - - - - -
[ ID] Interval           Transfer     Bitrate         Retr
[  5]   0.00-10.00  sec   483 MBytes   405 Mbits/sec  512            sender
[  5]   0.00-10.06  sec   483 MBytes   402 Mbits/sec                  receiver

iperf Done.

Throughput: 405.0 Mbps
Retransmissions: 512
Measurement saved
iperf3 output:
Connecting to host 35.93.195.101, port 5201
[  5] local 172.31.22.33 port 50642 connected to 35.93.195.101 port 5201
[ ID] Interval           Transfer     Bitrate         Retr  Cwnd
[  5]   0.00-1.00   sec  23.5 MBytes   197 Mbits/sec  369   1.67 MBytes       
[  5]   1.00-2.00   sec  30.4 MBytes   255 Mbits/sec    0   1.77 MBytes       
[  5]   2.00-3.00   sec  26.4 MBytes   221 Mbits/sec    2   1.32 MBytes       
[  5]   3.00-4.00   sec  25.4 MBytes   213 Mbits/sec    0   1.39 MBytes       
[  5]   4.00-5.00   sec  24.1 MBytes   202 Mbits/sec   14   1.02 MBytes       
[  5]   5.00-6.00   sec  19.0 MBytes   159 Mbits/sec    0   1.09 MBytes       
[  5]   6.00-7.00   sec  20.9 MBytes   175 Mbits/sec    0   1.15 MBytes       
[  5]   7.00-8.00   sec  21.2 MBytes   178 Mbits/sec    0   1.18 MBytes       
[  5]   8.00-9.00   sec  21.5 MBytes   180 Mbits/sec    0   1.21 MBytes       
[  5]   9.00-10.00  sec  22.0 MBytes   185 Mbits/sec    0   1.22 MBytes       
- - - - - - - - - - - - - - - - - - - - - - - - -
[ ID] Interval           Transfer     Bitrate         Retr
[  5]   0.00-10.00  sec   234 MBytes   197 Mbits/sec  385            sender
[  5]   0.00-10.06  sec   233 MBytes   194 Mbits/sec                  receiver

iperf Done.

Throughput: 197.0 Mbps
Retransmissions: 385
Measurement saved
iperf3 output:
Connecting to host 35.93.195.101, port 5201
[  5] local 172.31.22.33 port 42112 connected to 35.93.195.101 port 5201
[ ID] Interval           Transfer     Bitrate         Retr  Cwnd
[  5]   0.00-1.00   sec  26.0 MBytes   218 Mbits/sec  576   2.03 MBytes       
[  5]   1.00-2.00   sec  39.6 MBytes   332 Mbits/sec    0   2.15 MBytes       
[  5]   2.00-3.00   sec  38.5 MBytes   323 Mbits/sec    0   2.24 MBytes       
[  5]   3.00-4.00   sec  42.2 MBytes   354 Mbits/sec    0   2.32 MBytes       
[  5]   4.00-5.00   sec  43.4 MBytes   364 Mbits/sec    0   2.37 MBytes       
[  5]   5.00-6.00   sec  43.9 MBytes   368 Mbits/sec   12   1.68 MBytes       
[  5]   6.00-7.00   sec  30.5 MBytes   256 Mbits/sec    0   1.79 MBytes       
[  5]   7.00-8.00   sec  32.8 MBytes   275 Mbits/sec    0   1.88 MBytes       
[  5]   8.00-9.00   sec  36.1 MBytes   303 Mbits/sec    0   1.94 MBytes       
[  5]   9.00-10.00  sec  35.2 MBytes   296 Mbits/sec    0   1.98 MBytes       
- - - - - - - - - - - - - - - - - - - - - - - - -
[ ID] Interval           Transfer     Bitrate         Retr
[  5]   0.00-10.00  sec   368 MBytes   309 Mbits/sec  588            sender
[  5]   0.00-10.06  sec   368 MBytes   307 Mbits/sec                  receiver

iperf Done.

Throughput: 309.0 Mbps
Retransmissions: 588
Measurement saved
iperf3 output:
Connecting to host 35.93.195.101, port 5201
[  5] local 172.31.22.33 port 39518 connected to 35.93.195.101 port 5201
[ ID] Interval           Transfer     Bitrate         Retr  Cwnd
[  5]   0.00-1.00   sec  28.8 MBytes   241 Mbits/sec  652   2.78 MBytes       
[  5]   1.00-2.00   sec  51.6 MBytes   433 Mbits/sec    0   2.93 MBytes       
[  5]   2.00-3.00   sec  52.5 MBytes   440 Mbits/sec    0   3.05 MBytes       
[  5]   3.00-4.00   sec  55.6 MBytes   467 Mbits/sec    0   3.15 MBytes       
[  5]   4.00-5.00   sec  56.4 MBytes   473 Mbits/sec   21   2.68 MBytes       
[  5]   5.00-6.00   sec  41.5 MBytes   348 Mbits/sec    0   2.38 MBytes       
[  5]   6.00-7.00   sec  44.2 MBytes   371 Mbits/sec    0   2.49 MBytes       
[  5]   7.00-8.00   sec  42.5 MBytes   357 Mbits/sec    0   2.58 MBytes       
[  5]   8.00-9.00   sec  45.2 MBytes   380 Mbits/sec    0   2.64 MBytes       
[  5]   9.00-10.00  sec  45.6 MBytes   383 Mbits/sec    0   2.68 MBytes       
- - - - - - - - - - - - - - - - - - - - - - - - -
[ ID] Interval           Transfer     Bitrate         Retr
[  5]   0.00-10.00  sec   464 MBytes   389 Mbits/sec  673            sender
[  5]   0.00-10.06  sec   462 MBytes   386 Mbits/sec                  receiver

iperf Done.

Throughput: 389.0 Mbps
Retransmissions: 673
Measurement saved
iperf3 output:
Connecting to host 35.93.195.101, port 5201
[  5] local 172.31.22.33 port 39248 connected to 35.93.195.101 port 5201
[ ID] Interval           Transfer     Bitrate         Retr  Cwnd
[  5]   0.00-1.00   sec  25.4 MBytes   213 Mbits/sec  619   1.99 MBytes       
[  5]   1.00-2.00   sec  36.9 MBytes   309 Mbits/sec    0   2.11 MBytes       
[  5]   2.00-3.00   sec  38.1 MBytes   320 Mbits/sec    0   2.20 MBytes       
[  5]   3.00-4.00   sec  39.9 MBytes   334 Mbits/sec    0   2.26 MBytes       
[  5]   4.00-5.00   sec  40.9 MBytes   343 Mbits/sec    0   2.31 MBytes       
[  5]   5.00-6.00   sec  43.0 MBytes   361 Mbits/sec    0   2.34 MBytes       
[  5]   6.00-7.00   sec  41.2 MBytes   346 Mbits/sec    0   2.36 MBytes       
[  5]   7.00-8.00   sec  43.6 MBytes   366 Mbits/sec    0   2.37 MBytes       
[  5]   8.00-9.00   sec  44.5 MBytes   373 Mbits/sec    0   2.38 MBytes       
[  5]   9.00-10.00  sec  42.9 MBytes   360 Mbits/sec    0   2.38 MBytes       
- - - - - - - - - - - - - - - - - - - - - - - - -
[ ID] Interval           Transfer     Bitrate         Retr
[  5]   0.00-10.00  sec   396 MBytes   332 Mbits/sec  619            sender
[  5]   0.00-10.06  sec   395 MBytes   329 Mbits/sec                  receiver

iperf Done.

Throughput: 332.0 Mbps
Retransmissions: 619
Measurement saved
iperf3 output:
Connecting to host 35.93.195.101, port 5201
[  5] local 172.31.22.33 port 45064 connected to 35.93.195.101 port 5201
[ ID] Interval           Transfer     Bitrate         Retr  Cwnd
[  5]   0.00-1.00   sec  26.5 MBytes   222 Mbits/sec  420   2.10 MBytes       
[  5]   1.00-2.00   sec  39.4 MBytes   330 Mbits/sec    0   2.22 MBytes       
[  5]   2.00-3.00   sec  41.5 MBytes   348 Mbits/sec    0   2.31 MBytes       
[  5]   3.00-4.00   sec  42.1 MBytes   353 Mbits/sec    0   2.38 MBytes       
[  5]   4.00-5.00   sec  45.1 MBytes   379 Mbits/sec    0   2.43 MBytes       
[  5]   5.00-6.00   sec  44.8 MBytes   375 Mbits/sec    0   2.46 MBytes       
[  5]   6.00-7.00   sec  43.6 MBytes   366 Mbits/sec    0   2.49 MBytes       
[  5]   7.00-8.00   sec  45.5 MBytes   382 Mbits/sec    0   2.50 MBytes       
[  5]   8.00-9.00   sec  46.9 MBytes   393 Mbits/sec    0   2.50 MBytes       
[  5]   9.00-10.00  sec  45.8 MBytes   384 Mbits/sec    0   2.50 MBytes       
- - - - - - - - - - - - - - - - - - - - - - - - -
[ ID] Interval           Transfer     Bitrate         Retr
[  5]   0.00-10.00  sec   421 MBytes   353 Mbits/sec  420            sender
[  5]   0.00-10.06  sec   420 MBytes   350 Mbits/sec                  receiver

iperf Done.

Throughput: 353.0 Mbps
Retransmissions: 420
Measurement saved
iperf3 output:
Connecting to host 35.93.195.101, port 5201
[  5] local 172.31.22.33 port 49662 connected to 35.93.195.101 port 5201
[ ID] Interval           Transfer     Bitrate         Retr  Cwnd
[  5]   0.00-1.00   sec  21.2 MBytes   178 Mbits/sec  322   2.43 MBytes       
[  5]   1.00-2.00   sec  43.2 MBytes   363 Mbits/sec    0   2.65 MBytes       
[  5]   2.00-3.00   sec  46.8 MBytes   392 Mbits/sec    0   2.83 MBytes       
[  5]   3.00-4.00   sec  48.2 MBytes   405 Mbits/sec    0   2.98 MBytes       
[  5]   4.00-5.00   sec  51.5 MBytes   432 Mbits/sec    0   3.09 MBytes       
[  5]   5.00-6.00   sec  51.9 MBytes   435 Mbits/sec    0   3.18 MBytes       
[  5]   6.00-7.00   sec  41.4 MBytes   347 Mbits/sec    8   2.35 MBytes       
[  5]   7.00-8.00   sec  41.5 MBytes   348 Mbits/sec    0   2.46 MBytes       
[  5]   8.00-9.00   sec  41.5 MBytes   348 Mbits/sec    0   2.55 MBytes       
[  5]   9.00-10.00  sec  43.0 MBytes   361 Mbits/sec    0   2.61 MBytes       
- - - - - - - - - - - - - - - - - - - - - - - - -
[ ID] Interval           Transfer     Bitrate         Retr
[  5]   0.00-10.00  sec   430 MBytes   361 Mbits/sec  330            sender
[  5]   0.00-10.06  sec   430 MBytes   359 Mbits/sec                  receiver

iperf Done.

Throughput: 361.0 Mbps
Retransmissions: 330
Measurement saved
iperf3 output:
Connecting to host 35.93.195.101, port 5201
[  5] local 172.31.22.33 port 57012 connected to 35.93.195.101 port 5201
[ ID] Interval           Transfer     Bitrate         Retr  Cwnd
[  5]   0.00-1.00   sec  20.5 MBytes   172 Mbits/sec  806   1.38 MBytes       
[  5]   1.00-2.00   sec  28.1 MBytes   236 Mbits/sec    0   1.48 MBytes       
[  5]   2.00-3.00   sec  27.0 MBytes   226 Mbits/sec    0   1.55 MBytes       
[  5]   3.00-4.00   sec  28.2 MBytes   237 Mbits/sec    0   1.60 MBytes       
[  5]   4.00-5.00   sec  29.2 MBytes   245 Mbits/sec    0   1.63 MBytes       
[  5]   5.00-6.00   sec  29.5 MBytes   247 Mbits/sec    0   1.65 MBytes       
[  5]   6.00-7.00   sec  29.8 MBytes   250 Mbits/sec    0   1.66 MBytes       
[  5]   7.00-8.00   sec  29.6 MBytes   249 Mbits/sec    0   1.66 MBytes       
[  5]   8.00-9.00   sec  31.1 MBytes   261 Mbits/sec    0   1.66 MBytes       
[  5]   9.00-10.00  sec  30.8 MBytes   258 Mbits/sec    0   1.66 MBytes       
- - - - - - - - - - - - - - - - - - - - - - - - -
[ ID] Interval           Transfer     Bitrate         Retr
[  5]   0.00-10.00  sec   284 MBytes   238 Mbits/sec  806            sender
[  5]   0.00-10.06  sec   282 MBytes   235 Mbits/sec                  receiver

iperf Done.

Throughput: 238.0 Mbps
Retransmissions: 806
Measurement saved
iperf3 output:
Connecting to host 35.93.195.101, port 5201
[  5] local 172.31.22.33 port 57724 connected to 35.93.195.101 port 5201
[ ID] Interval           Transfer     Bitrate         Retr  Cwnd
[  5]   0.00-1.00   sec  21.5 MBytes   180 Mbits/sec  567   1.98 MBytes       
[  5]   1.00-2.00   sec  36.8 MBytes   308 Mbits/sec    0   2.10 MBytes       
[  5]   2.00-3.00   sec  39.9 MBytes   334 Mbits/sec    0   2.19 MBytes       
[  5]   3.00-4.00   sec  39.0 MBytes   327 Mbits/sec    0   2.26 MBytes       
[  5]   4.00-5.00   sec  41.2 MBytes   346 Mbits/sec    0   2.31 MBytes       
[  5]   5.00-6.00   sec  43.0 MBytes   361 Mbits/sec    0   2.34 MBytes       
[  5]   6.00-7.00   sec  43.6 MBytes   366 Mbits/sec    0   2.36 MBytes       
[  5]   7.00-8.00   sec  42.1 MBytes   353 Mbits/sec    0   2.37 MBytes       
[  5]   8.00-9.00   sec  42.9 MBytes   360 Mbits/sec    0   2.38 MBytes       
[  5]   9.00-10.00  sec  43.6 MBytes   366 Mbits/sec    0   2.38 MBytes       
- - - - - - - - - - - - - - - - - - - - - - - - -
[ ID] Interval           Transfer     Bitrate         Retr
[  5]   0.00-10.00  sec   394 MBytes   330 Mbits/sec  567            sender
[  5]   0.00-10.06  sec   392 MBytes   327 Mbits/sec                  receiver

iperf Done.

Throughput: 330.0 Mbps
Retransmissions: 567
Measurement saved
iperf3 output:
Connecting to host 35.93.195.101, port 5201
[  5] local 172.31.22.33 port 54688 connected to 35.93.195.101 port 5201
[ ID] Interval           Transfer     Bitrate         Retr  Cwnd
[  5]   0.00-1.00   sec  21.1 MBytes   177 Mbits/sec  241   1.78 MBytes       
[  5]   1.00-2.00   sec  32.5 MBytes   273 Mbits/sec    0   1.88 MBytes       
[  5]   2.00-3.00   sec  33.8 MBytes   283 Mbits/sec    0   1.96 MBytes       
[  5]   3.00-4.00   sec  36.5 MBytes   306 Mbits/sec    0   2.02 MBytes       
[  5]   4.00-5.00   sec  38.8 MBytes   325 Mbits/sec    0   2.06 MBytes       
[  5]   5.00-6.00   sec  37.9 MBytes   318 Mbits/sec    0   2.09 MBytes       
[  5]   6.00-7.00   sec  37.6 MBytes   316 Mbits/sec    0   2.10 MBytes       
[  5]   7.00-8.00   sec  36.9 MBytes   309 Mbits/sec    0   2.10 MBytes       
[  5]   8.00-9.00   sec  39.6 MBytes   333 Mbits/sec    0   2.11 MBytes       
[  5]   9.00-10.00  sec  39.2 MBytes   329 Mbits/sec    0   2.11 MBytes       
- - - - - - - - - - - - - - - - - - - - - - - - -
[ ID] Interval           Transfer     Bitrate         Retr
[  5]   0.00-10.00  sec   354 MBytes   297 Mbits/sec  241            sender
[  5]   0.00-10.06  sec   352 MBytes   294 Mbits/sec                  receiver

iperf Done.

Throughput: 297.0 Mbps
Retransmissions: 241
Measurement saved
iperf3 output:
Connecting to host 35.93.195.101, port 5201
[  5] local 172.31.22.33 port 55476 connected to 35.93.195.101 port 5201
[ ID] Interval           Transfer     Bitrate         Retr  Cwnd
[  5]   0.00-1.00   sec  23.6 MBytes   198 Mbits/sec  314   2.28 MBytes       
[  5]   1.00-2.00   sec  39.8 MBytes   333 Mbits/sec    0   2.41 MBytes       
[  5]   2.00-3.00   sec  42.9 MBytes   360 Mbits/sec    0   2.52 MBytes       
[  5]   3.00-4.00   sec  42.4 MBytes   355 Mbits/sec    0   2.59 MBytes       
[  5]   4.00-5.00   sec  44.5 MBytes   373 Mbits/sec    0   2.65 MBytes       
[  5]   5.00-6.00   sec  45.6 MBytes   383 Mbits/sec    0   2.69 MBytes       
[  5]   6.00-7.00   sec  43.8 MBytes   367 Mbits/sec    0   2.72 MBytes       
[  5]   7.00-8.00   sec  45.5 MBytes   382 Mbits/sec    0   2.73 MBytes       
[  5]   8.00-9.00   sec  46.5 MBytes   390 Mbits/sec    0   2.74 MBytes       
[  5]   9.00-10.00  sec  46.6 MBytes   391 Mbits/sec    0   2.74 MBytes       
- - - - - - - - - - - - - - - - - - - - - - - - -
[ ID] Interval           Transfer     Bitrate         Retr
[  5]   0.00-10.00  sec   421 MBytes   353 Mbits/sec  314            sender
[  5]   0.00-10.06  sec   421 MBytes   351 Mbits/sec                  receiver

iperf Done.

Throughput: 353.0 Mbps
Retransmissions: 314
Measurement saved
iperf3 output:
Connecting to host 35.93.195.101, port 5201
[  5] local 172.31.22.33 port 55578 connected to 35.93.195.101 port 5201
[ ID] Interval           Transfer     Bitrate         Retr  Cwnd
[  5]   0.00-1.00   sec  20.4 MBytes   171 Mbits/sec  625   2.40 MBytes       
[  5]   1.00-2.00   sec  39.4 MBytes   330 Mbits/sec    0   2.54 MBytes       
[  5]   2.00-3.00   sec  41.8 MBytes   350 Mbits/sec    0   2.65 MBytes       
[  5]   3.00-4.00   sec  41.9 MBytes   351 Mbits/sec  137   1.92 MBytes       
[  5]   4.00-5.00   sec  30.5 MBytes   256 Mbits/sec    0   2.04 MBytes       
[  5]   5.00-6.00   sec  33.9 MBytes   284 Mbits/sec    0   2.13 MBytes       
[  5]   6.00-7.00   sec  34.8 MBytes   292 Mbits/sec    0   2.20 MBytes       
[  5]   7.00-8.00   sec  35.6 MBytes   299 Mbits/sec    0   2.25 MBytes       
[  5]   8.00-9.00   sec  35.8 MBytes   300 Mbits/sec    0   2.28 MBytes       
[  5]   9.00-10.00  sec  38.6 MBytes   324 Mbits/sec    0   2.30 MBytes       
- - - - - - - - - - - - - - - - - - - - - - - - -
[ ID] Interval           Transfer     Bitrate         Retr
[  5]   0.00-10.00  sec   352 MBytes   296 Mbits/sec  762            sender
[  5]   0.00-10.06  sec   350 MBytes   292 Mbits/sec                  receiver

iperf Done.

Throughput: 296.0 Mbps
Retransmissions: 762
Measurement saved
iperf3 output:
Connecting to host 35.93.195.101, port 5201
[  5] local 172.31.22.33 port 46810 connected to 35.93.195.101 port 5201
[ ID] Interval           Transfer     Bitrate         Retr  Cwnd
[  5]   0.00-1.00   sec  20.4 MBytes   171 Mbits/sec  578   2.13 MBytes       
[  5]   1.00-2.00   sec  35.5 MBytes   298 Mbits/sec    0   2.25 MBytes       
[  5]   2.00-3.00   sec  37.0 MBytes   310 Mbits/sec    0   2.35 MBytes       
[  5]   3.00-4.00   sec  40.4 MBytes   339 Mbits/sec    0   2.42 MBytes       
[  5]   4.00-5.00   sec  39.5 MBytes   331 Mbits/sec    0   2.48 MBytes       
[  5]   5.00-6.00   sec  35.6 MBytes   299 Mbits/sec   19   1.79 MBytes       
[  5]   6.00-7.00   sec  29.5 MBytes   247 Mbits/sec    0   1.90 MBytes       
[  5]   7.00-8.00   sec  32.9 MBytes   276 Mbits/sec    0   1.98 MBytes       
[  5]   8.00-9.00   sec  32.0 MBytes   268 Mbits/sec    0   2.04 MBytes       
[  5]   9.00-10.00  sec  31.0 MBytes   260 Mbits/sec   22   1.47 MBytes       
- - - - - - - - - - - - - - - - - - - - - - - - -
[ ID] Interval           Transfer     Bitrate         Retr
[  5]   0.00-10.00  sec   334 MBytes   280 Mbits/sec  619            sender
[  5]   0.00-10.06  sec   331 MBytes   276 Mbits/sec                  receiver

iperf Done.

Throughput: 280.0 Mbps
Retransmissions: 619
Measurement saved
iperf3 output:
Connecting to host 35.93.195.101, port 5201
[  5] local 172.31.22.33 port 40014 connected to 35.93.195.101 port 5201
[ ID] Interval           Transfer     Bitrate         Retr  Cwnd
[  5]   0.00-1.00   sec  24.6 MBytes   206 Mbits/sec  586   2.17 MBytes       
[  5]   1.00-2.00   sec  40.8 MBytes   342 Mbits/sec    0   2.30 MBytes       
[  5]   2.00-3.00   sec  42.5 MBytes   357 Mbits/sec    0   2.39 MBytes       
[  5]   3.00-4.00   sec  44.2 MBytes   371 Mbits/sec    0   2.47 MBytes       
[  5]   4.00-5.00   sec  44.5 MBytes   373 Mbits/sec    0   2.52 MBytes       
[  5]   5.00-6.00   sec  46.0 MBytes   386 Mbits/sec    0   2.55 MBytes       
[  5]   6.00-7.00   sec  46.2 MBytes   388 Mbits/sec    0   2.58 MBytes       
[  5]   7.00-8.00   sec  47.0 MBytes   394 Mbits/sec    0   2.59 MBytes       
[  5]   8.00-9.00   sec  47.1 MBytes   395 Mbits/sec    0   2.59 MBytes       
[  5]   9.00-10.00  sec  45.5 MBytes   382 Mbits/sec    0   2.59 MBytes       
- - - - - - - - - - - - - - - - - - - - - - - - -
[ ID] Interval           Transfer     Bitrate         Retr
[  5]   0.00-10.00  sec   428 MBytes   359 Mbits/sec  586            sender
[  5]   0.00-10.06  sec   428 MBytes   357 Mbits/sec                  receiver

iperf Done.

Throughput: 359.0 Mbps
Retransmissions: 586
Measurement saved
iperf3 output:
Connecting to host 35.93.195.101, port 5201
[  5] local 172.31.22.33 port 36382 connected to 35.93.195.101 port 5201
[ ID] Interval           Transfer     Bitrate         Retr  Cwnd
[  5]   0.00-1.00   sec  22.4 MBytes   188 Mbits/sec  845   1.55 MBytes       
[  5]   1.00-2.00   sec  28.8 MBytes   241 Mbits/sec    0   1.65 MBytes       
[  5]   2.00-3.00   sec  30.5 MBytes   256 Mbits/sec    0   1.72 MBytes       
[  5]   3.00-4.00   sec  31.6 MBytes   265 Mbits/sec    0   1.78 MBytes       
[  5]   4.00-5.00   sec  32.9 MBytes   276 Mbits/sec    0   1.82 MBytes       
[  5]   5.00-6.00   sec  31.8 MBytes   266 Mbits/sec    0   1.84 MBytes       
[  5]   6.00-7.00   sec  33.6 MBytes   282 Mbits/sec    0   1.86 MBytes       
[  5]   7.00-8.00   sec  33.9 MBytes   284 Mbits/sec    0   1.86 MBytes       
[  5]   8.00-9.00   sec  35.4 MBytes   297 Mbits/sec    0   1.86 MBytes       
[  5]   9.00-10.00  sec  34.1 MBytes   286 Mbits/sec    0   1.86 MBytes       
- - - - - - - - - - - - - - - - - - - - - - - - -
[ ID] Interval           Transfer     Bitrate         Retr
[  5]   0.00-10.00  sec   315 MBytes   264 Mbits/sec  845            sender
[  5]   0.00-10.06  sec   313 MBytes   261 Mbits/sec                  receiver

iperf Done.

Throughput: 264.0 Mbps
Retransmissions: 845
Measurement saved
iperf3 output:
Connecting to host 35.93.195.101, port 5201
[  5] local 172.31.22.33 port 53486 connected to 35.93.195.101 port 5201
[ ID] Interval           Transfer     Bitrate         Retr  Cwnd
[  5]   0.00-1.00   sec  23.6 MBytes   198 Mbits/sec  799   1.96 MBytes       
[  5]   1.00-2.00   sec  37.1 MBytes   311 Mbits/sec    0   2.07 MBytes       
[  5]   2.00-3.00   sec  37.4 MBytes   314 Mbits/sec    0   2.16 MBytes       
[  5]   3.00-4.00   sec  40.0 MBytes   336 Mbits/sec    0   2.23 MBytes       
[  5]   4.00-5.00   sec  41.4 MBytes   347 Mbits/sec    0   2.27 MBytes       
[  5]   5.00-6.00   sec  40.6 MBytes   341 Mbits/sec    0   2.30 MBytes       
[  5]   6.00-7.00   sec  41.0 MBytes   344 Mbits/sec    0   2.33 MBytes       
[  5]   7.00-8.00   sec  41.9 MBytes   351 Mbits/sec    0   2.33 MBytes       
[  5]   8.00-9.00   sec  42.5 MBytes   357 Mbits/sec    0   2.34 MBytes       
[  5]   9.00-10.00  sec  42.0 MBytes   352 Mbits/sec    0   2.34 MBytes       
- - - - - - - - - - - - - - - - - - - - - - - - -
[ ID] Interval           Transfer     Bitrate         Retr
[  5]   0.00-10.00  sec   388 MBytes   325 Mbits/sec  799            sender
[  5]   0.00-10.06  sec   387 MBytes   323 Mbits/sec                  receiver

iperf Done.

Throughput: 325.0 Mbps
Retransmissions: 799
Measurement saved
iperf3 output:
Connecting to host 35.93.195.101, port 5201
[  5] local 172.31.22.33 port 60656 connected to 35.93.195.101 port 5201
[ ID] Interval           Transfer     Bitrate         Retr  Cwnd
[  5]   0.00-1.00   sec  27.4 MBytes   229 Mbits/sec  486   2.42 MBytes       
[  5]   1.00-2.00   sec  42.9 MBytes   360 Mbits/sec    0   2.56 MBytes       
[  5]   2.00-3.00   sec  46.4 MBytes   389 Mbits/sec    0   2.67 MBytes       
[  5]   3.00-4.00   sec  47.0 MBytes   394 Mbits/sec    0   2.76 MBytes       
[  5]   4.00-5.00   sec  46.6 MBytes   391 Mbits/sec  371   1.85 MBytes       
[  5]   5.00-6.00   sec  36.0 MBytes   302 Mbits/sec    0   2.09 MBytes       
[  5]   6.00-7.00   sec  37.8 MBytes   317 Mbits/sec    0   2.19 MBytes       
[  5]   7.00-8.00   sec  38.4 MBytes   322 Mbits/sec    0   2.27 MBytes       
[  5]   8.00-9.00   sec  41.9 MBytes   351 Mbits/sec    0   2.32 MBytes       
[  5]   9.00-10.00  sec  39.8 MBytes   333 Mbits/sec    0   2.36 MBytes       
- - - - - - - - - - - - - - - - - - - - - - - - -
[ ID] Interval           Transfer     Bitrate         Retr
[  5]   0.00-10.00  sec   404 MBytes   339 Mbits/sec  857            sender
[  5]   0.00-10.06  sec   402 MBytes   336 Mbits/sec                  receiver

iperf Done.

Throughput: 339.0 Mbps
Retransmissions: 857
Measurement saved
iperf3 output:
Connecting to host 35.93.195.101, port 5201
[  5] local 172.31.22.33 port 33092 connected to 35.93.195.101 port 5201
[ ID] Interval           Transfer     Bitrate         Retr  Cwnd
[  5]   0.00-1.00   sec  22.8 MBytes   191 Mbits/sec  437   1.80 MBytes       
[  5]   1.00-2.00   sec  33.1 MBytes   278 Mbits/sec    0   1.91 MBytes       
[  5]   2.00-3.00   sec  35.2 MBytes   296 Mbits/sec    0   1.99 MBytes       
[  5]   3.00-4.00   sec  37.4 MBytes   314 Mbits/sec    0   2.05 MBytes       
[  5]   4.00-5.00   sec  36.6 MBytes   307 Mbits/sec    0   2.09 MBytes       
[  5]   5.00-6.00   sec  37.6 MBytes   316 Mbits/sec    0   2.12 MBytes       
[  5]   6.00-7.00   sec  40.6 MBytes   341 Mbits/sec    0   2.14 MBytes       
[  5]   7.00-8.00   sec  38.5 MBytes   323 Mbits/sec    0   2.14 MBytes       
[  5]   8.00-9.00   sec  38.6 MBytes   324 Mbits/sec    0   2.15 MBytes       
[  5]   9.00-10.00  sec  39.0 MBytes   327 Mbits/sec    0   2.15 MBytes       
- - - - - - - - - - - - - - - - - - - - - - - - -
[ ID] Interval           Transfer     Bitrate         Retr
[  5]   0.00-10.00  sec   360 MBytes   302 Mbits/sec  437            sender
[  5]   0.00-10.06  sec   358 MBytes   299 Mbits/sec                  receiver

iperf Done.

Throughput: 302.0 Mbps
Retransmissions: 437
Measurement saved
iperf3 output:
Connecting to host 35.93.195.101, port 5201
[  5] local 172.31.22.33 port 56964 connected to 35.93.195.101 port 5201
[ ID] Interval           Transfer     Bitrate         Retr  Cwnd
[  5]   0.00-1.00   sec  24.8 MBytes   207 Mbits/sec  745   2.61 MBytes       
[  5]   1.00-2.00   sec  45.1 MBytes   379 Mbits/sec    0   2.75 MBytes       
[  5]   2.00-3.00   sec  50.6 MBytes   425 Mbits/sec    0   2.87 MBytes       
[  5]   3.00-4.00   sec  50.0 MBytes   419 Mbits/sec    0   2.96 MBytes       
[  5]   4.00-5.00   sec  53.0 MBytes   445 Mbits/sec    0   3.03 MBytes       
[  5]   5.00-6.00   sec  51.4 MBytes   431 Mbits/sec    0   3.07 MBytes       
[  5]   6.00-7.00   sec  52.5 MBytes   440 Mbits/sec    0   3.11 MBytes       
[  5]   7.00-8.00   sec  40.0 MBytes   336 Mbits/sec   10   2.30 MBytes       
[  5]   8.00-9.00   sec  41.2 MBytes   346 Mbits/sec    0   2.41 MBytes       
[  5]   9.00-10.00  sec  41.9 MBytes   351 Mbits/sec    0   2.49 MBytes       
- - - - - - - - - - - - - - - - - - - - - - - - -
[ ID] Interval           Transfer     Bitrate         Retr
[  5]   0.00-10.00  sec   451 MBytes   378 Mbits/sec  755            sender
[  5]   0.00-10.06  sec   450 MBytes   375 Mbits/sec                  receiver

iperf Done.

Throughput: 378.0 Mbps
Retransmissions: 755
Measurement saved
iperf3 output:
Connecting to host 35.93.195.101, port 5201
[  5] local 172.31.22.33 port 50056 connected to 35.93.195.101 port 5201
[ ID] Interval           Transfer     Bitrate         Retr  Cwnd
[  5]   0.00-1.00   sec  28.4 MBytes   238 Mbits/sec  801   2.86 MBytes       
[  5]   1.00-2.00   sec  54.0 MBytes   453 Mbits/sec    0   3.09 MBytes       
[  5]   2.00-3.00   sec  54.8 MBytes   459 Mbits/sec   44   2.30 MBytes       
[  5]   3.00-4.00   sec  44.1 MBytes   370 Mbits/sec    0   2.44 MBytes       
[  5]   4.00-5.00   sec  46.2 MBytes   388 Mbits/sec    0   2.55 MBytes       
[  5]   5.00-6.00   sec  41.9 MBytes   351 Mbits/sec   15   1.87 MBytes       
[  5]   6.00-7.00   sec  34.6 MBytes   290 Mbits/sec    0   1.97 MBytes       
[  5]   7.00-8.00   sec  36.4 MBytes   305 Mbits/sec    0   2.06 MBytes       
[  5]   8.00-9.00   sec  39.9 MBytes   335 Mbits/sec    0   2.12 MBytes       
[  5]   9.00-10.00  sec  38.1 MBytes   320 Mbits/sec    0   2.16 MBytes       
- - - - - - - - - - - - - - - - - - - - - - - - -
[ ID] Interval           Transfer     Bitrate         Retr
[  5]   0.00-10.00  sec   418 MBytes   351 Mbits/sec  860            sender
[  5]   0.00-10.06  sec   417 MBytes   348 Mbits/sec                  receiver

iperf Done.

Throughput: 351.0 Mbps
Retransmissions: 860
Measurement saved
iperf3 output:
Connecting to host 35.93.195.101, port 5201
[  5] local 172.31.22.33 port 45706 connected to 35.93.195.101 port 5201
[ ID] Interval           Transfer     Bitrate         Retr  Cwnd
[  5]   0.00-1.00   sec  25.5 MBytes   214 Mbits/sec  830   2.02 MBytes       
[  5]   1.00-2.00   sec  37.2 MBytes   312 Mbits/sec    0   2.14 MBytes       
[  5]   2.00-3.00   sec  39.6 MBytes   332 Mbits/sec    0   2.22 MBytes       
[  5]   3.00-4.00   sec  40.6 MBytes   341 Mbits/sec    0   2.29 MBytes       
[  5]   4.00-5.00   sec  43.4 MBytes   364 Mbits/sec    0   2.34 MBytes       
[  5]   5.00-6.00   sec  43.1 MBytes   362 Mbits/sec    0   2.37 MBytes       
[  5]   6.00-7.00   sec  42.4 MBytes   355 Mbits/sec    0   2.39 MBytes       
[  5]   7.00-8.00   sec  42.8 MBytes   359 Mbits/sec    0   2.40 MBytes       
[  5]   8.00-9.00   sec  45.2 MBytes   380 Mbits/sec    0   2.40 MBytes       
[  5]   9.00-10.00  sec  44.4 MBytes   372 Mbits/sec    0   2.40 MBytes       
- - - - - - - - - - - - - - - - - - - - - - - - -
[ ID] Interval           Transfer     Bitrate         Retr
[  5]   0.00-10.00  sec   404 MBytes   339 Mbits/sec  830            sender
[  5]   0.00-10.06  sec   403 MBytes   336 Mbits/sec                  receiver

iperf Done.

Throughput: 339.0 Mbps
Retransmissions: 830
Measurement saved
iperf3 output:
Connecting to host 35.93.195.101, port 5201
[  5] local 172.31.22.33 port 34954 connected to 35.93.195.101 port 5201
[ ID] Interval           Transfer     Bitrate         Retr  Cwnd
[  5]   0.00-1.00   sec  25.5 MBytes   214 Mbits/sec  487   3.26 MBytes       
[  5]   1.00-2.00   sec  38.2 MBytes   321 Mbits/sec  144   2.41 MBytes       
[  5]   2.00-3.00   sec  39.0 MBytes   327 Mbits/sec    0   2.52 MBytes       
[  5]   3.00-4.00   sec  43.2 MBytes   363 Mbits/sec    0   2.61 MBytes       
[  5]   4.00-5.00   sec  43.0 MBytes   361 Mbits/sec    0   2.67 MBytes       
[  5]   5.00-6.00   sec  42.6 MBytes   358 Mbits/sec    0   2.72 MBytes       
[  5]   6.00-7.00   sec  46.5 MBytes   390 Mbits/sec    0   2.75 MBytes       
[  5]   7.00-8.00   sec  44.4 MBytes   372 Mbits/sec    0   2.77 MBytes       
[  5]   8.00-9.00   sec  43.6 MBytes   366 Mbits/sec    0   2.78 MBytes       
[  5]   9.00-10.00  sec  46.4 MBytes   389 Mbits/sec    0   2.78 MBytes       
- - - - - - - - - - - - - - - - - - - - - - - - -
[ ID] Interval           Transfer     Bitrate         Retr
[  5]   0.00-10.00  sec   412 MBytes   346 Mbits/sec  631            sender
[  5]   0.00-10.06  sec   411 MBytes   343 Mbits/sec                  receiver

iperf Done.

Throughput: 346.0 Mbps
Retransmissions: 631
Measurement saved
iperf3 output:
Connecting to host 35.93.195.101, port 5201
[  5] local 172.31.22.33 port 58000 connected to 35.93.195.101 port 5201
[ ID] Interval           Transfer     Bitrate         Retr  Cwnd
[  5]   0.00-1.00   sec  21.4 MBytes   179 Mbits/sec  752   2.21 MBytes       
[  5]   1.00-2.00   sec  40.8 MBytes   342 Mbits/sec    0   2.42 MBytes       
[  5]   2.00-3.00   sec  42.5 MBytes   357 Mbits/sec    0   2.58 MBytes       
[  5]   3.00-4.00   sec  48.5 MBytes   407 Mbits/sec    0   2.72 MBytes       
[  5]   4.00-5.00   sec  45.9 MBytes   385 Mbits/sec    0   2.82 MBytes       
[  5]   5.00-6.00   sec  52.2 MBytes   438 Mbits/sec    0   2.91 MBytes       
[  5]   6.00-7.00   sec  49.5 MBytes   415 Mbits/sec    0   2.97 MBytes       
[  5]   7.00-8.00   sec  51.8 MBytes   434 Mbits/sec    0   3.01 MBytes       
[  5]   8.00-9.00   sec  51.0 MBytes   428 Mbits/sec    0   3.04 MBytes       
[  5]   9.00-10.00  sec  53.8 MBytes   451 Mbits/sec    0   3.05 MBytes       
- - - - - - - - - - - - - - - - - - - - - - - - -
[ ID] Interval           Transfer     Bitrate         Retr
[  5]   0.00-10.00  sec   457 MBytes   384 Mbits/sec  752            sender
[  5]   0.00-10.06  sec   456 MBytes   381 Mbits/sec                  receiver

iperf Done.

Throughput: 384.0 Mbps
Retransmissions: 752
Measurement saved
iperf3 output:
Connecting to host 35.93.195.101, port 5201
[  5] local 172.31.22.33 port 52764 connected to 35.93.195.101 port 5201
[ ID] Interval           Transfer     Bitrate         Retr  Cwnd
[  5]   0.00-1.00   sec  23.6 MBytes   198 Mbits/sec  1164   1.86 MBytes       
[  5]   1.00-2.00   sec  35.2 MBytes   296 Mbits/sec    0   1.97 MBytes       
[  5]   2.00-3.00   sec  35.2 MBytes   296 Mbits/sec    0   2.05 MBytes       
[  5]   3.00-4.00   sec  38.0 MBytes   319 Mbits/sec    0   2.11 MBytes       
[  5]   4.00-5.00   sec  37.6 MBytes   316 Mbits/sec    0   2.16 MBytes       
[  5]   5.00-6.00   sec  40.6 MBytes   341 Mbits/sec    0   2.19 MBytes       
[  5]   6.00-7.00   sec  41.0 MBytes   344 Mbits/sec    0   2.21 MBytes       
[  5]   7.00-8.00   sec  39.6 MBytes   332 Mbits/sec    0   2.21 MBytes       
[  5]   8.00-9.00   sec  39.8 MBytes   333 Mbits/sec    0   2.22 MBytes       
[  5]   9.00-10.00  sec  40.4 MBytes   339 Mbits/sec    0   2.22 MBytes       
- - - - - - - - - - - - - - - - - - - - - - - - -
[ ID] Interval           Transfer     Bitrate         Retr
[  5]   0.00-10.00  sec   371 MBytes   311 Mbits/sec  1164            sender
[  5]   0.00-10.06  sec   370 MBytes   308 Mbits/sec                  receiver

iperf Done.

Throughput: 311.0 Mbps
Retransmissions: 1164
Measurement saved
iperf3 output:
Connecting to host 35.93.195.101, port 5201
[  5] local 172.31.22.33 port 45764 connected to 35.93.195.101 port 5201
[ ID] Interval           Transfer     Bitrate         Retr  Cwnd
[  5]   0.00-1.00   sec  25.2 MBytes   212 Mbits/sec  530   1.96 MBytes       
[  5]   1.00-2.00   sec  36.8 MBytes   308 Mbits/sec    0   2.07 MBytes       
[  5]   2.00-3.00   sec  37.4 MBytes   314 Mbits/sec    0   2.15 MBytes       
[  5]   3.00-4.00   sec  40.6 MBytes   341 Mbits/sec    0   2.22 MBytes       
[  5]   4.00-5.00   sec  40.2 MBytes   338 Mbits/sec    0   2.26 MBytes       
[  5]   5.00-6.00   sec  40.8 MBytes   342 Mbits/sec    0   2.29 MBytes       
[  5]   6.00-7.00   sec  40.9 MBytes   343 Mbits/sec    0   2.31 MBytes       
[  5]   7.00-8.00   sec  41.4 MBytes   347 Mbits/sec    0   2.32 MBytes       
[  5]   8.00-9.00   sec  42.4 MBytes   355 Mbits/sec    0   2.32 MBytes       
[  5]   9.00-10.00  sec  41.6 MBytes   349 Mbits/sec    0   2.32 MBytes       
- - - - - - - - - - - - - - - - - - - - - - - - -
[ ID] Interval           Transfer     Bitrate         Retr
[  5]   0.00-10.00  sec   387 MBytes   325 Mbits/sec  530            sender
[  5]   0.00-10.06  sec   387 MBytes   323 Mbits/sec                  receiver

iperf Done.

Throughput: 325.0 Mbps
Retransmissions: 530
Measurement saved
iperf3 output:
Connecting to host 35.93.195.101, port 5201
[  5] local 172.31.22.33 port 40648 connected to 35.93.195.101 port 5201
[ ID] Interval           Transfer     Bitrate         Retr  Cwnd
[  5]   0.00-1.00   sec  22.0 MBytes   184 Mbits/sec  1217   1.76 MBytes       
[  5]   1.00-2.00   sec  32.4 MBytes   272 Mbits/sec    0   1.86 MBytes       
[  5]   2.00-3.00   sec  35.4 MBytes   297 Mbits/sec    0   1.94 MBytes       
[  5]   3.00-4.00   sec  34.8 MBytes   291 Mbits/sec    0   2.00 MBytes       
[  5]   4.00-5.00   sec  36.4 MBytes   305 Mbits/sec    0   2.05 MBytes       
[  5]   5.00-6.00   sec  37.1 MBytes   311 Mbits/sec    0   2.07 MBytes       
[  5]   6.00-7.00   sec  39.4 MBytes   330 Mbits/sec    0   2.09 MBytes       
[  5]   7.00-8.00   sec  38.6 MBytes   324 Mbits/sec    0   2.09 MBytes       
[  5]   8.00-9.00   sec  37.5 MBytes   315 Mbits/sec    0   2.10 MBytes       
[  5]   9.00-10.00  sec  37.6 MBytes   316 Mbits/sec    0   2.10 MBytes       
- - - - - - - - - - - - - - - - - - - - - - - - -
[ ID] Interval           Transfer     Bitrate         Retr
[  5]   0.00-10.00  sec   351 MBytes   295 Mbits/sec  1217            sender
[  5]   0.00-10.06  sec   350 MBytes   292 Mbits/sec                  receiver

iperf Done.

Throughput: 295.0 Mbps
Retransmissions: 1217
Measurement saved
iperf3 output:
Connecting to host 35.93.195.101, port 5201
[  5] local 172.31.22.33 port 44852 connected to 35.93.195.101 port 5201
[ ID] Interval           Transfer     Bitrate         Retr  Cwnd
[  5]   0.00-1.00   sec  19.9 MBytes   167 Mbits/sec  621   1.63 MBytes       
[  5]   1.00-2.00   sec  29.4 MBytes   246 Mbits/sec    0   1.73 MBytes       
[  5]   2.00-3.00   sec  30.0 MBytes   252 Mbits/sec    0   1.80 MBytes       
[  5]   3.00-4.00   sec  33.1 MBytes   278 Mbits/sec    0   1.86 MBytes       
[  5]   4.00-5.00   sec  33.8 MBytes   283 Mbits/sec    0   1.90 MBytes       
[  5]   5.00-6.00   sec  33.1 MBytes   278 Mbits/sec    0   1.92 MBytes       
[  5]   6.00-7.00   sec  35.0 MBytes   294 Mbits/sec    0   1.93 MBytes       
[  5]   7.00-8.00   sec  33.5 MBytes   281 Mbits/sec    0   1.94 MBytes       
[  5]   8.00-9.00   sec  33.9 MBytes   284 Mbits/sec    0   1.94 MBytes       
[  5]   9.00-10.00  sec  34.6 MBytes   290 Mbits/sec    0   1.94 MBytes       
- - - - - - - - - - - - - - - - - - - - - - - - -
[ ID] Interval           Transfer     Bitrate         Retr
[  5]   0.00-10.00  sec   316 MBytes   265 Mbits/sec  621            sender
[  5]   0.00-10.06  sec   315 MBytes   263 Mbits/sec                  receiver

iperf Done.

Throughput: 265.0 Mbps
Retransmissions: 621
Measurement saved
iperf3 output:
Connecting to host 35.93.195.101, port 5201
[  5] local 172.31.22.33 port 52058 connected to 35.93.195.101 port 5201
[ ID] Interval           Transfer     Bitrate         Retr  Cwnd
[  5]   0.00-1.00   sec  21.0 MBytes   176 Mbits/sec  720   1.60 MBytes       
[  5]   1.00-2.00   sec  30.1 MBytes   253 Mbits/sec    0   1.70 MBytes       
[  5]   2.00-3.00   sec  31.6 MBytes   265 Mbits/sec    0   1.77 MBytes       
[  5]   3.00-4.00   sec  32.0 MBytes   268 Mbits/sec    0   1.82 MBytes       
[  5]   4.00-5.00   sec  33.1 MBytes   278 Mbits/sec    0   1.86 MBytes       
[  5]   5.00-6.00   sec  34.5 MBytes   289 Mbits/sec    0   1.88 MBytes       
[  5]   6.00-7.00   sec  34.0 MBytes   285 Mbits/sec    0   1.89 MBytes       
[  5]   7.00-8.00   sec  33.2 MBytes   279 Mbits/sec    0   1.90 MBytes       
[  5]   8.00-9.00   sec  34.2 MBytes   287 Mbits/sec    0   1.90 MBytes       
[  5]   9.00-10.00  sec  36.1 MBytes   303 Mbits/sec    0   1.90 MBytes       
- - - - - - - - - - - - - - - - - - - - - - - - -
[ ID] Interval           Transfer     Bitrate         Retr
[  5]   0.00-10.00  sec   320 MBytes   268 Mbits/sec  720            sender
[  5]   0.00-10.06  sec   318 MBytes   266 Mbits/sec                  receiver

iperf Done.

Throughput: 268.0 Mbps
Retransmissions: 720
Measurement saved
iperf3 output:
Connecting to host 35.93.195.101, port 5201
[  5] local 172.31.22.33 port 37210 connected to 35.93.195.101 port 5201
[ ID] Interval           Transfer     Bitrate         Retr  Cwnd
[  5]   0.00-1.00   sec  24.0 MBytes   201 Mbits/sec  1565   1.80 MBytes       
[  5]   1.00-2.00   sec  33.5 MBytes   281 Mbits/sec    0   1.92 MBytes       
[  5]   2.00-3.00   sec  35.4 MBytes   297 Mbits/sec    0   2.01 MBytes       
[  5]   3.00-4.00   sec  36.6 MBytes   307 Mbits/sec    0   2.07 MBytes       
[  5]   4.00-5.00   sec  38.8 MBytes   325 Mbits/sec    0   2.12 MBytes       
[  5]   5.00-6.00   sec  38.1 MBytes   320 Mbits/sec    0   2.15 MBytes       
[  5]   6.00-7.00   sec  38.6 MBytes   324 Mbits/sec    0   2.17 MBytes       
[  5]   7.00-8.00   sec  40.6 MBytes   341 Mbits/sec    0   2.18 MBytes       
[  5]   8.00-9.00   sec  39.9 MBytes   335 Mbits/sec    0   2.18 MBytes       
[  5]   9.00-10.00  sec  38.8 MBytes   325 Mbits/sec    0   2.18 MBytes       
- - - - - - - - - - - - - - - - - - - - - - - - -
[ ID] Interval           Transfer     Bitrate         Retr
[  5]   0.00-10.00  sec   365 MBytes   306 Mbits/sec  1565            sender
[  5]   0.00-10.06  sec   364 MBytes   304 Mbits/sec                  receiver

iperf Done.

Throughput: 306.0 Mbps
Retransmissions: 1565
Measurement saved
iperf3 output:
Connecting to host 35.93.195.101, port 5201
[  5] local 172.31.22.33 port 41372 connected to 35.93.195.101 port 5201
[ ID] Interval           Transfer     Bitrate         Retr  Cwnd
[  5]   0.00-1.00   sec  23.5 MBytes   197 Mbits/sec  849   1.86 MBytes       
[  5]   1.00-2.00   sec  35.6 MBytes   299 Mbits/sec    0   1.97 MBytes       
[  5]   2.00-3.00   sec  36.1 MBytes   303 Mbits/sec    0   2.05 MBytes       
[  5]   3.00-4.00   sec  37.1 MBytes   311 Mbits/sec    0   2.12 MBytes       
[  5]   4.00-5.00   sec  37.8 MBytes   317 Mbits/sec    0   2.16 MBytes       
[  5]   5.00-6.00   sec  40.5 MBytes   340 Mbits/sec    0   2.19 MBytes       
[  5]   6.00-7.00   sec  40.9 MBytes   343 Mbits/sec    0   2.21 MBytes       
[  5]   7.00-8.00   sec  39.9 MBytes   334 Mbits/sec    0   2.21 MBytes       
[  5]   8.00-9.00   sec  39.8 MBytes   333 Mbits/sec    0   2.21 MBytes       
[  5]   9.00-10.00  sec  39.8 MBytes   333 Mbits/sec    0   2.21 MBytes       
- - - - - - - - - - - - - - - - - - - - - - - - -
[ ID] Interval           Transfer     Bitrate         Retr
[  5]   0.00-10.00  sec   371 MBytes   311 Mbits/sec  849            sender
[  5]   0.00-10.06  sec   370 MBytes   308 Mbits/sec                  receiver

iperf Done.

Throughput: 311.0 Mbps
Retransmissions: 849
Measurement saved
iperf3 output:
Connecting to host 35.93.195.101, port 5201
[  5] local 172.31.22.33 port 34226 connected to 35.93.195.101 port 5201
[ ID] Interval           Transfer     Bitrate         Retr  Cwnd
[  5]   0.00-1.00   sec  21.5 MBytes   180 Mbits/sec  715   1.73 MBytes       
[  5]   1.00-2.00   sec  31.1 MBytes   261 Mbits/sec    0   1.83 MBytes       
[  5]   2.00-3.00   sec  34.0 MBytes   285 Mbits/sec    0   1.91 MBytes       
[  5]   3.00-4.00   sec  35.4 MBytes   297 Mbits/sec    0   1.97 MBytes       
[  5]   4.00-5.00   sec  37.6 MBytes   316 Mbits/sec    0   2.01 MBytes       
[  5]   5.00-6.00   sec  37.0 MBytes   310 Mbits/sec    0   2.04 MBytes       
[  5]   6.00-7.00   sec  35.8 MBytes   300 Mbits/sec    0   2.05 MBytes       
[  5]   7.00-8.00   sec  37.0 MBytes   310 Mbits/sec    0   2.06 MBytes       
[  5]   8.00-9.00   sec  40.1 MBytes   337 Mbits/sec    0   2.06 MBytes       
[  5]   9.00-10.00  sec  37.0 MBytes   310 Mbits/sec    0   2.06 MBytes       
- - - - - - - - - - - - - - - - - - - - - - - - -
[ ID] Interval           Transfer     Bitrate         Retr
[  5]   0.00-10.00  sec   346 MBytes   291 Mbits/sec  715            sender
[  5]   0.00-10.06  sec   345 MBytes   287 Mbits/sec                  receiver

iperf Done.

Throughput: 291.0 Mbps
Retransmissions: 715
Measurement saved
iperf3 output:
Connecting to host 35.93.195.101, port 5201
[  5] local 172.31.22.33 port 36990 connected to 35.93.195.101 port 5201
[ ID] Interval           Transfer     Bitrate         Retr  Cwnd
[  5]   0.00-1.00   sec  20.9 MBytes   175 Mbits/sec  861   1.72 MBytes       
[  5]   1.00-2.00   sec  31.9 MBytes   267 Mbits/sec    0   1.83 MBytes       
[  5]   2.00-3.00   sec  33.8 MBytes   283 Mbits/sec    0   1.91 MBytes       
[  5]   3.00-4.00   sec  34.9 MBytes   293 Mbits/sec    0   1.97 MBytes       
[  5]   4.00-5.00   sec  37.5 MBytes   315 Mbits/sec    0   2.01 MBytes       
[  5]   5.00-6.00   sec  36.2 MBytes   304 Mbits/sec    0   2.04 MBytes       
[  5]   6.00-7.00   sec  37.6 MBytes   316 Mbits/sec    0   2.06 MBytes       
[  5]   7.00-8.00   sec  39.4 MBytes   331 Mbits/sec    0   2.06 MBytes       
[  5]   8.00-9.00   sec  36.1 MBytes   303 Mbits/sec    0   2.06 MBytes       
[  5]   9.00-10.00  sec  37.9 MBytes   318 Mbits/sec    0   2.06 MBytes       
- - - - - - - - - - - - - - - - - - - - - - - - -
[ ID] Interval           Transfer     Bitrate         Retr
[  5]   0.00-10.00  sec   346 MBytes   290 Mbits/sec  861            sender
[  5]   0.00-10.06  sec   345 MBytes   288 Mbits/sec                  receiver

iperf Done.

Throughput: 290.0 Mbps
Retransmissions: 861
Measurement saved
iperf3 output:
Connecting to host 35.93.195.101, port 5201
[  5] local 172.31.22.33 port 43218 connected to 35.93.195.101 port 5201
[ ID] Interval           Transfer     Bitrate         Retr  Cwnd
[  5]   0.00-1.00   sec  15.8 MBytes   132 Mbits/sec   35    930 KBytes       
[  5]   1.00-2.00   sec  17.2 MBytes   145 Mbits/sec    0    994 KBytes       
[  5]   2.00-3.00   sec  17.8 MBytes   149 Mbits/sec    0   1.01 MBytes       
[  5]   3.00-4.00   sec  19.4 MBytes   163 Mbits/sec    0   1.04 MBytes       
[  5]   4.00-5.00   sec  18.8 MBytes   157 Mbits/sec    0   1.06 MBytes       
[  5]   5.00-6.00   sec  19.2 MBytes   161 Mbits/sec    0   1.07 MBytes       
[  5]   6.00-7.00   sec  19.5 MBytes   164 Mbits/sec    0   1.07 MBytes       
[  5]   7.00-8.00   sec  20.5 MBytes   172 Mbits/sec    0   1.07 MBytes       
[  5]   8.00-9.00   sec  18.9 MBytes   158 Mbits/sec    0   1.07 MBytes       
[  5]   9.00-10.00  sec  19.2 MBytes   161 Mbits/sec    0   1.08 MBytes       
- - - - - - - - - - - - - - - - - - - - - - - - -
[ ID] Interval           Transfer     Bitrate         Retr
[  5]   0.00-10.00  sec   186 MBytes   156 Mbits/sec   35            sender
[  5]   0.00-10.06  sec   184 MBytes   153 Mbits/sec                  receiver

iperf Done.

Throughput: 156.0 Mbps
Retransmissions: 35
Measurement saved
iperf3 output:
Connecting to host 35.93.195.101, port 5201
[  5] local 172.31.22.33 port 36618 connected to 35.93.195.101 port 5201
[ ID] Interval           Transfer     Bitrate         Retr  Cwnd
[  5]   0.00-1.00   sec  28.6 MBytes   240 Mbits/sec  605   2.30 MBytes       
[  5]   1.00-2.00   sec  41.6 MBytes   349 Mbits/sec    0   2.43 MBytes       
[  5]   2.00-3.00   sec  44.5 MBytes   373 Mbits/sec    0   2.53 MBytes       
[  5]   3.00-4.00   sec  46.2 MBytes   388 Mbits/sec    0   2.60 MBytes       
[  5]   4.00-5.00   sec  47.6 MBytes   400 Mbits/sec    0   2.66 MBytes       
[  5]   5.00-6.00   sec  48.9 MBytes   410 Mbits/sec    0   2.70 MBytes       
[  5]   6.00-7.00   sec  50.4 MBytes   423 Mbits/sec    0   2.72 MBytes       
[  5]   7.00-8.00   sec  49.9 MBytes   418 Mbits/sec    0   2.74 MBytes       
[  5]   8.00-9.00   sec  49.5 MBytes   415 Mbits/sec    0   2.74 MBytes       
[  5]   9.00-10.00  sec  48.5 MBytes   407 Mbits/sec    0   2.74 MBytes       
- - - - - - - - - - - - - - - - - - - - - - - - -
[ ID] Interval           Transfer     Bitrate         Retr
[  5]   0.00-10.00  sec   456 MBytes   382 Mbits/sec  605            sender
[  5]   0.00-10.06  sec   456 MBytes   380 Mbits/sec                  receiver

iperf Done.

Throughput: 382.0 Mbps
Retransmissions: 605
Measurement saved
iperf3 output:
Connecting to host 35.93.195.101, port 5201
[  5] local 172.31.22.33 port 37390 connected to 35.93.195.101 port 5201
[ ID] Interval           Transfer     Bitrate         Retr  Cwnd
[  5]   0.00-1.00   sec  18.0 MBytes   151 Mbits/sec  966   1.69 MBytes       
[  5]   1.00-2.00   sec  28.8 MBytes   241 Mbits/sec    0   1.80 MBytes       
[  5]   2.00-3.00   sec  28.6 MBytes   240 Mbits/sec    0   1.88 MBytes       
[  5]   3.00-4.00   sec  31.4 MBytes   263 Mbits/sec    0   1.94 MBytes       
[  5]   4.00-5.00   sec  31.5 MBytes   264 Mbits/sec    0   1.98 MBytes       
[  5]   5.00-6.00   sec  31.4 MBytes   263 Mbits/sec    0   2.01 MBytes       
[  5]   6.00-7.00   sec  32.4 MBytes   272 Mbits/sec    0   2.03 MBytes       
[  5]   7.00-8.00   sec  33.1 MBytes   278 Mbits/sec    0   2.03 MBytes       
[  5]   8.00-9.00   sec  34.0 MBytes   285 Mbits/sec    0   2.03 MBytes       
[  5]   9.00-10.00  sec  32.2 MBytes   270 Mbits/sec    0   2.03 MBytes       
- - - - - - - - - - - - - - - - - - - - - - - - -
[ ID] Interval           Transfer     Bitrate         Retr
[  5]   0.00-10.00  sec   301 MBytes   253 Mbits/sec  966            sender
[  5]   0.00-10.06  sec   300 MBytes   250 Mbits/sec                  receiver

iperf Done.

Throughput: 253.0 Mbps
Retransmissions: 966
Measurement saved
iperf3 output:
Connecting to host 35.93.195.101, port 5201
[  5] local 172.31.22.33 port 46834 connected to 35.93.195.101 port 5201
[ ID] Interval           Transfer     Bitrate         Retr  Cwnd
[  5]   0.00-1.00   sec  19.1 MBytes   160 Mbits/sec  983   2.08 MBytes       
[  5]   1.00-2.00   sec  35.9 MBytes   301 Mbits/sec    0   2.21 MBytes       
[  5]   2.00-3.00   sec  38.9 MBytes   326 Mbits/sec    0   2.31 MBytes       
[  5]   3.00-4.00   sec  35.5 MBytes   298 Mbits/sec   19   1.69 MBytes       
[  5]   4.00-5.00   sec  29.6 MBytes   249 Mbits/sec    0   1.79 MBytes       
[  5]   5.00-6.00   sec  31.1 MBytes   261 Mbits/sec    0   1.87 MBytes       
[  5]   6.00-7.00   sec  31.9 MBytes   267 Mbits/sec    0   1.92 MBytes       
[  5]   7.00-8.00   sec  31.4 MBytes   263 Mbits/sec    0   1.96 MBytes       
[  5]   8.00-9.00   sec  32.4 MBytes   272 Mbits/sec    0   1.98 MBytes       
[  5]   9.00-10.00  sec  34.1 MBytes   286 Mbits/sec    0   1.99 MBytes       
- - - - - - - - - - - - - - - - - - - - - - - - -
[ ID] Interval           Transfer     Bitrate         Retr
[  5]   0.00-10.00  sec   320 MBytes   268 Mbits/sec  1002            sender
[  5]   0.00-10.06  sec   319 MBytes   266 Mbits/sec                  receiver

iperf Done.

Throughput: 268.0 Mbps
Retransmissions: 1002
Measurement saved
iperf3 output:
Connecting to host 35.93.195.101, port 5201
[  5] local 172.31.22.33 port 37912 connected to 35.93.195.101 port 5201
[ ID] Interval           Transfer     Bitrate         Retr  Cwnd
[  5]   0.00-1.00   sec  20.8 MBytes   174 Mbits/sec  1165   2.01 MBytes       
[  5]   1.00-2.00   sec  28.8 MBytes   241 Mbits/sec   33   1.50 MBytes       
[  5]   2.00-3.00   sec  27.0 MBytes   226 Mbits/sec    0   1.58 MBytes       
[  5]   3.00-4.00   sec  27.1 MBytes   228 Mbits/sec    0   1.64 MBytes       
[  5]   4.00-5.00   sec  28.6 MBytes   240 Mbits/sec    0   1.68 MBytes       
[  5]   5.00-6.00   sec  28.5 MBytes   239 Mbits/sec    0   1.71 MBytes       
[  5]   6.00-7.00   sec  29.1 MBytes   244 Mbits/sec    0   1.73 MBytes       
[  5]   7.00-8.00   sec  29.2 MBytes   245 Mbits/sec    0   1.73 MBytes       
[  5]   8.00-9.00   sec  30.5 MBytes   256 Mbits/sec    0   1.73 MBytes       
[  5]   9.00-10.00  sec  28.8 MBytes   241 Mbits/sec    0   1.73 MBytes       
- - - - - - - - - - - - - - - - - - - - - - - - -
[ ID] Interval           Transfer     Bitrate         Retr
[  5]   0.00-10.00  sec   278 MBytes   233 Mbits/sec  1198            sender
[  5]   0.00-10.06  sec   277 MBytes   231 Mbits/sec                  receiver

iperf Done.

Throughput: 233.0 Mbps
Retransmissions: 1198
Measurement saved
iperf3 output:
Connecting to host 35.93.195.101, port 5201
[  5] local 172.31.22.33 port 40798 connected to 35.93.195.101 port 5201
[ ID] Interval           Transfer     Bitrate         Retr  Cwnd
[  5]   0.00-1.00   sec  19.4 MBytes   162 Mbits/sec  624   1.95 MBytes       
[  5]   1.00-2.00   sec  33.9 MBytes   284 Mbits/sec    0   2.07 MBytes       
[  5]   2.00-3.00   sec  33.6 MBytes   282 Mbits/sec    0   2.16 MBytes       
[  5]   3.00-4.00   sec  35.9 MBytes   301 Mbits/sec    0   2.23 MBytes       
[  5]   4.00-5.00   sec  36.1 MBytes   303 Mbits/sec    0   2.28 MBytes       
[  5]   5.00-6.00   sec  35.5 MBytes   298 Mbits/sec    0   2.31 MBytes       
[  5]   6.00-7.00   sec  37.6 MBytes   316 Mbits/sec    0   2.33 MBytes       
[  5]   7.00-8.00   sec  37.1 MBytes   311 Mbits/sec    0   2.34 MBytes       
[  5]   8.00-9.00   sec  38.4 MBytes   322 Mbits/sec    0   2.34 MBytes       
[  5]   9.00-10.00  sec  37.2 MBytes   312 Mbits/sec    0   2.34 MBytes       
- - - - - - - - - - - - - - - - - - - - - - - - -
[ ID] Interval           Transfer     Bitrate         Retr
[  5]   0.00-10.00  sec   345 MBytes   289 Mbits/sec  624            sender
[  5]   0.00-10.06  sec   343 MBytes   286 Mbits/sec                  receiver

iperf Done.

Throughput: 289.0 Mbps
Retransmissions: 624
Measurement saved
iperf3 output:
Connecting to host 35.93.195.101, port 5201
[  5] local 172.31.22.33 port 50706 connected to 35.93.195.101 port 5201
[ ID] Interval           Transfer     Bitrate         Retr  Cwnd
[  5]   0.00-1.00   sec  23.2 MBytes   195 Mbits/sec  938   1.82 MBytes       
[  5]   1.00-2.00   sec  23.9 MBytes   200 Mbits/sec   36   1.36 MBytes       
[  5]   2.00-3.00   sec  26.1 MBytes   219 Mbits/sec    0   1.43 MBytes       
[  5]   3.00-4.00   sec  26.1 MBytes   219 Mbits/sec    0   1.48 MBytes       
[  5]   4.00-5.00   sec  26.9 MBytes   225 Mbits/sec    0   1.52 MBytes       
[  5]   5.00-6.00   sec  27.2 MBytes   229 Mbits/sec    0   1.54 MBytes       
[  5]   6.00-7.00   sec  28.9 MBytes   242 Mbits/sec    0   1.55 MBytes       
[  5]   7.00-8.00   sec  28.9 MBytes   242 Mbits/sec    0   1.55 MBytes       
[  5]   8.00-9.00   sec  27.6 MBytes   232 Mbits/sec    0   1.55 MBytes       
[  5]   9.00-10.00  sec  27.4 MBytes   230 Mbits/sec    0   1.55 MBytes       
- - - - - - - - - - - - - - - - - - - - - - - - -
[ ID] Interval           Transfer     Bitrate         Retr
[  5]   0.00-10.00  sec   266 MBytes   223 Mbits/sec  974            sender
[  5]   0.00-10.06  sec   265 MBytes   221 Mbits/sec                  receiver

iperf Done.

Throughput: 223.0 Mbps
Retransmissions: 974
Measurement saved
iperf3 output:
Connecting to host 35.93.195.101, port 5201
[  5] local 172.31.22.33 port 44890 connected to 35.93.195.101 port 5201
[ ID] Interval           Transfer     Bitrate         Retr  Cwnd
[  5]   0.00-1.00   sec  22.2 MBytes   186 Mbits/sec  903   1.70 MBytes       
[  5]   1.00-2.00   sec  31.2 MBytes   262 Mbits/sec    0   1.80 MBytes       
[  5]   2.00-3.00   sec  32.8 MBytes   275 Mbits/sec    0   1.88 MBytes       
[  5]   3.00-4.00   sec  34.6 MBytes   290 Mbits/sec    0   1.93 MBytes       
[  5]   4.00-5.00   sec  37.1 MBytes   311 Mbits/sec    0   1.97 MBytes       
[  5]   5.00-6.00   sec  28.6 MBytes   240 Mbits/sec   43   1.45 MBytes       
[  5]   6.00-7.00   sec  26.6 MBytes   223 Mbits/sec    0   1.53 MBytes       
[  5]   7.00-8.00   sec  28.1 MBytes   236 Mbits/sec    0   1.59 MBytes       
[  5]   8.00-9.00   sec  30.8 MBytes   258 Mbits/sec    0   1.64 MBytes       
[  5]   9.00-10.00  sec  29.5 MBytes   247 Mbits/sec    0   1.66 MBytes       
- - - - - - - - - - - - - - - - - - - - - - - - -
[ ID] Interval           Transfer     Bitrate         Retr
[  5]   0.00-10.00  sec   302 MBytes   253 Mbits/sec  946            sender
[  5]   0.00-10.06  sec   300 MBytes   250 Mbits/sec                  receiver

iperf Done.

Throughput: 253.0 Mbps
Retransmissions: 946
Measurement saved
iperf3 output:
Connecting to host 35.93.195.101, port 5201
[  5] local 172.31.22.33 port 43348 connected to 35.93.195.101 port 5201
[ ID] Interval           Transfer     Bitrate         Retr  Cwnd
[  5]   0.00-1.00   sec  30.2 MBytes   253 Mbits/sec    0   7.13 MBytes       
[  5]   1.00-2.00   sec  36.4 MBytes   305 Mbits/sec  763   1.82 MBytes       
[  5]   2.00-3.00   sec  30.2 MBytes   254 Mbits/sec    0   1.93 MBytes       
[  5]   3.00-4.00   sec  33.1 MBytes   278 Mbits/sec    0   2.02 MBytes       
[  5]   4.00-5.00   sec  33.1 MBytes   278 Mbits/sec    0   2.08 MBytes       
[  5]   5.00-6.00   sec  32.2 MBytes   271 Mbits/sec    0   2.12 MBytes       
[  5]   6.00-7.00   sec  36.9 MBytes   309 Mbits/sec    0   2.15 MBytes       
[  5]   7.00-8.00   sec  34.2 MBytes   287 Mbits/sec    0   2.16 MBytes       
[  5]   8.00-9.00   sec  36.6 MBytes   307 Mbits/sec    0   2.17 MBytes       
[  5]   9.00-10.00  sec  35.2 MBytes   295 Mbits/sec    0   2.17 MBytes       
- - - - - - - - - - - - - - - - - - - - - - - - -
[ ID] Interval           Transfer     Bitrate         Retr
[  5]   0.00-10.00  sec   338 MBytes   284 Mbits/sec  763            sender
[  5]   0.00-10.06  sec   337 MBytes   281 Mbits/sec                  receiver

iperf Done.

Throughput: 284.0 Mbps
Retransmissions: 763
Measurement saved
iperf3 output:
Connecting to host 35.93.195.101, port 5201
[  5] local 172.31.22.33 port 44318 connected to 35.93.195.101 port 5201
[ ID] Interval           Transfer     Bitrate         Retr  Cwnd
[  5]   0.00-1.00   sec  25.0 MBytes   209 Mbits/sec  263   2.25 MBytes       
[  5]   1.00-2.00   sec  43.8 MBytes   367 Mbits/sec    0   2.38 MBytes       
[  5]   2.00-3.00   sec  43.9 MBytes   368 Mbits/sec    0   2.47 MBytes       
[  5]   3.00-4.00   sec  45.1 MBytes   379 Mbits/sec    0   2.55 MBytes       
[  5]   4.00-5.00   sec  45.8 MBytes   384 Mbits/sec    0   2.60 MBytes       
[  5]   5.00-6.00   sec  47.2 MBytes   396 Mbits/sec    0   2.64 MBytes       
[  5]   6.00-7.00   sec  48.1 MBytes   404 Mbits/sec    0   2.67 MBytes       
[  5]   7.00-8.00   sec  48.2 MBytes   405 Mbits/sec    0   2.68 MBytes       
[  5]   8.00-9.00   sec  50.9 MBytes   427 Mbits/sec    0   2.68 MBytes       
[  5]   9.00-10.00  sec  48.9 MBytes   410 Mbits/sec    0   2.68 MBytes       
- - - - - - - - - - - - - - - - - - - - - - - - -
[ ID] Interval           Transfer     Bitrate         Retr
[  5]   0.00-10.00  sec   447 MBytes   375 Mbits/sec  263            sender
[  5]   0.00-10.06  sec   446 MBytes   372 Mbits/sec                  receiver

iperf Done.

Throughput: 375.0 Mbps
Retransmissions: 263
Measurement saved
iperf3 output:
Connecting to host 35.93.195.101, port 5201
[  5] local 172.31.22.33 port 39230 connected to 35.93.195.101 port 5201
[ ID] Interval           Transfer     Bitrate         Retr  Cwnd
[  5]   0.00-1.00   sec  19.9 MBytes   167 Mbits/sec  500   1.50 MBytes       
[  5]   1.00-2.00   sec  28.8 MBytes   241 Mbits/sec    0   1.59 MBytes       
[  5]   2.00-3.00   sec  29.8 MBytes   250 Mbits/sec    0   1.66 MBytes       
[  5]   3.00-4.00   sec  30.5 MBytes   256 Mbits/sec    0   1.71 MBytes       
[  5]   4.00-5.00   sec  30.5 MBytes   256 Mbits/sec    0   1.75 MBytes       
[  5]   5.00-6.00   sec  31.2 MBytes   262 Mbits/sec    0   1.77 MBytes       
[  5]   6.00-7.00   sec  34.4 MBytes   288 Mbits/sec    0   1.78 MBytes       
[  5]   7.00-8.00   sec  31.4 MBytes   263 Mbits/sec    0   1.78 MBytes       
[  5]   8.00-9.00   sec  32.0 MBytes   268 Mbits/sec    0   1.78 MBytes       
[  5]   9.00-10.00  sec  32.2 MBytes   270 Mbits/sec    0   1.78 MBytes       
- - - - - - - - - - - - - - - - - - - - - - - - -
[ ID] Interval           Transfer     Bitrate         Retr
[  5]   0.00-10.00  sec   301 MBytes   252 Mbits/sec  500            sender
[  5]   0.00-10.06  sec   299 MBytes   250 Mbits/sec                  receiver

iperf Done.

Throughput: 252.0 Mbps
Retransmissions: 500
Measurement saved
iperf3 output:
Connecting to host 35.93.195.101, port 5201
[  5] local 172.31.22.33 port 44314 connected to 35.93.195.101 port 5201
[ ID] Interval           Transfer     Bitrate         Retr  Cwnd
[  5]   0.00-1.00   sec  24.6 MBytes   206 Mbits/sec  717   2.80 MBytes       
[  5]   1.00-2.00   sec  39.4 MBytes   330 Mbits/sec  535   1.44 MBytes       
[  5]   2.00-3.00   sec  26.4 MBytes   221 Mbits/sec    0   1.54 MBytes       
[  5]   3.00-4.00   sec  28.4 MBytes   238 Mbits/sec    0   1.61 MBytes       
[  5]   4.00-5.00   sec  28.0 MBytes   235 Mbits/sec    0   1.66 MBytes       
[  5]   5.00-6.00   sec  30.2 MBytes   254 Mbits/sec    0   1.70 MBytes       
[  5]   6.00-7.00   sec  28.9 MBytes   242 Mbits/sec    0   1.72 MBytes       
[  5]   7.00-8.00   sec  24.6 MBytes   207 Mbits/sec   46    891 KBytes       
[  5]   8.00-9.00   sec  16.8 MBytes   141 Mbits/sec    0    957 KBytes       
[  5]   9.00-10.00  sec  16.9 MBytes   142 Mbits/sec    0   1001 KBytes       
- - - - - - - - - - - - - - - - - - - - - - - - -
[ ID] Interval           Transfer     Bitrate         Retr
[  5]   0.00-10.00  sec   264 MBytes   222 Mbits/sec  1298            sender
[  5]   0.00-10.06  sec   261 MBytes   218 Mbits/sec                  receiver

iperf Done.

Throughput: 222.0 Mbps
Retransmissions: 1298
Measurement saved
iperf3 output:
Connecting to host 35.93.195.101, port 5201
[  5] local 172.31.22.33 port 53928 connected to 35.93.195.101 port 5201
[ ID] Interval           Transfer     Bitrate         Retr  Cwnd
[  5]   0.00-1.00   sec  23.4 MBytes   196 Mbits/sec  723   2.01 MBytes       
[  5]   1.00-2.00   sec  37.2 MBytes   312 Mbits/sec    0   2.12 MBytes       
[  5]   2.00-3.00   sec  39.9 MBytes   334 Mbits/sec    0   2.21 MBytes       
[  5]   3.00-4.00   sec  40.4 MBytes   339 Mbits/sec    0   2.28 MBytes       
[  5]   4.00-5.00   sec  41.6 MBytes   349 Mbits/sec    0   2.33 MBytes       
[  5]   5.00-6.00   sec  42.2 MBytes   354 Mbits/sec    0   2.36 MBytes       
[  5]   6.00-7.00   sec  44.5 MBytes   373 Mbits/sec    0   2.38 MBytes       
[  5]   7.00-8.00   sec  42.8 MBytes   359 Mbits/sec    0   2.39 MBytes       
[  5]   8.00-9.00   sec  42.5 MBytes   357 Mbits/sec    0   2.39 MBytes       
[  5]   9.00-10.00  sec  44.0 MBytes   369 Mbits/sec    0   2.39 MBytes       
- - - - - - - - - - - - - - - - - - - - - - - - -
[ ID] Interval           Transfer     Bitrate         Retr
[  5]   0.00-10.00  sec   398 MBytes   334 Mbits/sec  723            sender
[  5]   0.00-10.06  sec   397 MBytes   331 Mbits/sec                  receiver

iperf Done.

Throughput: 334.0 Mbps
Retransmissions: 723
Measurement saved
iperf3 output:
Connecting to host 35.93.195.101, port 5201
[  5] local 172.31.22.33 port 57280 connected to 35.93.195.101 port 5201
[ ID] Interval           Transfer     Bitrate         Retr  Cwnd
[  5]   0.00-1.00   sec  27.0 MBytes   226 Mbits/sec  578   2.52 MBytes       
[  5]   1.00-2.00   sec  43.5 MBytes   365 Mbits/sec    0   2.66 MBytes       
[  5]   2.00-3.00   sec  49.8 MBytes   417 Mbits/sec    0   2.77 MBytes       
[  5]   3.00-4.00   sec  46.5 MBytes   390 Mbits/sec    0   2.85 MBytes       
[  5]   4.00-5.00   sec  51.0 MBytes   428 Mbits/sec    0   2.92 MBytes       
[  5]   5.00-6.00   sec  50.8 MBytes   426 Mbits/sec    0   2.96 MBytes       
[  5]   6.00-7.00   sec  48.8 MBytes   409 Mbits/sec    0   2.99 MBytes       
[  5]   7.00-8.00   sec  54.6 MBytes   458 Mbits/sec    0   3.01 MBytes       
[  5]   8.00-9.00   sec  50.2 MBytes   422 Mbits/sec    0   3.01 MBytes       
[  5]   9.00-10.00  sec  53.0 MBytes   444 Mbits/sec    0   3.02 MBytes       
- - - - - - - - - - - - - - - - - - - - - - - - -
[ ID] Interval           Transfer     Bitrate         Retr
[  5]   0.00-10.00  sec   476 MBytes   399 Mbits/sec  578            sender
[  5]   0.00-10.06  sec   476 MBytes   396 Mbits/sec                  receiver

iperf Done.

Throughput: 399.0 Mbps
Retransmissions: 578
Measurement saved
iperf3 output:
Connecting to host 35.93.195.101, port 5201
[  5] local 172.31.22.33 port 39158 connected to 35.93.195.101 port 5201
[ ID] Interval           Transfer     Bitrate         Retr  Cwnd
[  5]   0.00-1.00   sec  22.5 MBytes   189 Mbits/sec  665   1.62 MBytes       
[  5]   1.00-2.00   sec  30.9 MBytes   259 Mbits/sec    0   1.72 MBytes       
[  5]   2.00-3.00   sec  31.8 MBytes   266 Mbits/sec    0   1.81 MBytes       
[  5]   3.00-4.00   sec  32.5 MBytes   273 Mbits/sec    0   1.87 MBytes       
[  5]   4.00-5.00   sec  34.0 MBytes   285 Mbits/sec    0   1.91 MBytes       
[  5]   5.00-6.00   sec  35.6 MBytes   299 Mbits/sec    0   1.94 MBytes       
[  5]   6.00-7.00   sec  33.9 MBytes   284 Mbits/sec    0   1.95 MBytes       
[  5]   7.00-8.00   sec  35.6 MBytes   299 Mbits/sec    0   1.96 MBytes       
[  5]   8.00-9.00   sec  35.8 MBytes   300 Mbits/sec    0   1.96 MBytes       
[  5]   9.00-10.00  sec  36.6 MBytes   307 Mbits/sec    0   1.96 MBytes       
- - - - - - - - - - - - - - - - - - - - - - - - -
[ ID] Interval           Transfer     Bitrate         Retr
[  5]   0.00-10.00  sec   329 MBytes   276 Mbits/sec  665            sender
[  5]   0.00-10.06  sec   327 MBytes   273 Mbits/sec                  receiver

iperf Done.

Throughput: 276.0 Mbps
Retransmissions: 665
Measurement saved
iperf3 output:
Connecting to host 35.93.195.101, port 5201
[  5] local 172.31.22.33 port 43304 connected to 35.93.195.101 port 5201
[ ID] Interval           Transfer     Bitrate         Retr  Cwnd
[  5]   0.00-1.00   sec  25.5 MBytes   214 Mbits/sec  585   2.21 MBytes       
[  5]   1.00-2.00   sec  41.5 MBytes   348 Mbits/sec    0   2.33 MBytes       
[  5]   2.00-3.00   sec  42.8 MBytes   359 Mbits/sec    0   2.43 MBytes       
[  5]   3.00-4.00   sec  45.0 MBytes   377 Mbits/sec    0   2.50 MBytes       
[  5]   4.00-5.00   sec  45.5 MBytes   382 Mbits/sec    0   2.55 MBytes       
[  5]   5.00-6.00   sec  47.9 MBytes   402 Mbits/sec    0   2.59 MBytes       
[  5]   6.00-7.00   sec  47.9 MBytes   402 Mbits/sec    0   2.62 MBytes       
[  5]   7.00-8.00   sec  46.6 MBytes   391 Mbits/sec    0   2.63 MBytes       
[  5]   8.00-9.00   sec  47.1 MBytes   395 Mbits/sec    0   2.63 MBytes       
[  5]   9.00-10.00  sec  47.8 MBytes   400 Mbits/sec    0   2.63 MBytes       
- - - - - - - - - - - - - - - - - - - - - - - - -
[ ID] Interval           Transfer     Bitrate         Retr
[  5]   0.00-10.00  sec   438 MBytes   367 Mbits/sec  585            sender
[  5]   0.00-10.06  sec   437 MBytes   364 Mbits/sec                  receiver

iperf Done.

Throughput: 367.0 Mbps
Retransmissions: 585
Measurement saved
iperf3 output:
Connecting to host 35.93.195.101, port 5201
[  5] local 172.31.22.33 port 51332 connected to 35.93.195.101 port 5201
[ ID] Interval           Transfer     Bitrate         Retr  Cwnd
[  5]   0.00-1.00   sec  23.8 MBytes   199 Mbits/sec  722   1.75 MBytes       
[  5]   1.00-2.00   sec  32.6 MBytes   274 Mbits/sec    0   1.86 MBytes       
[  5]   2.00-3.00   sec  33.4 MBytes   280 Mbits/sec    0   1.95 MBytes       
[  5]   3.00-4.00   sec  36.1 MBytes   303 Mbits/sec    0   2.01 MBytes       
[  5]   4.00-5.00   sec  36.8 MBytes   308 Mbits/sec    0   2.06 MBytes       
[  5]   5.00-6.00   sec  36.4 MBytes   305 Mbits/sec    0   2.09 MBytes       
[  5]   6.00-7.00   sec  40.0 MBytes   336 Mbits/sec    0   2.10 MBytes       
[  5]   7.00-8.00   sec  37.9 MBytes   318 Mbits/sec    0   2.11 MBytes       
[  5]   8.00-9.00   sec  38.6 MBytes   324 Mbits/sec    0   2.12 MBytes       
[  5]   9.00-10.00  sec  38.2 MBytes   321 Mbits/sec    0   2.12 MBytes       
- - - - - - - - - - - - - - - - - - - - - - - - -
[ ID] Interval           Transfer     Bitrate         Retr
[  5]   0.00-10.00  sec   354 MBytes   297 Mbits/sec  722            sender
[  5]   0.00-10.06  sec   352 MBytes   294 Mbits/sec                  receiver

iperf Done.

Throughput: 297.0 Mbps
Retransmissions: 722
Measurement saved
iperf3 output:
Connecting to host 35.93.195.101, port 5201
[  5] local 172.31.22.33 port 47006 connected to 35.93.195.101 port 5201
[ ID] Interval           Transfer     Bitrate         Retr  Cwnd
[  5]   0.00-1.00   sec  25.9 MBytes   217 Mbits/sec  1074   2.03 MBytes       
[  5]   1.00-2.00   sec  38.6 MBytes   324 Mbits/sec    0   2.15 MBytes       
[  5]   2.00-3.00   sec  39.0 MBytes   327 Mbits/sec    0   2.24 MBytes       
[  5]   3.00-4.00   sec  40.9 MBytes   343 Mbits/sec    0   2.32 MBytes       
[  5]   4.00-5.00   sec  43.6 MBytes   366 Mbits/sec    0   2.37 MBytes       
[  5]   5.00-6.00   sec  44.8 MBytes   375 Mbits/sec    0   2.41 MBytes       
[  5]   6.00-7.00   sec  43.2 MBytes   363 Mbits/sec    0   2.43 MBytes       
[  5]   7.00-8.00   sec  43.0 MBytes   361 Mbits/sec    0   2.44 MBytes       
[  5]   8.00-9.00   sec  45.5 MBytes   382 Mbits/sec    0   2.45 MBytes       
[  5]   9.00-10.00  sec  45.9 MBytes   385 Mbits/sec    0   2.45 MBytes       
- - - - - - - - - - - - - - - - - - - - - - - - -
[ ID] Interval           Transfer     Bitrate         Retr
[  5]   0.00-10.00  sec   410 MBytes   344 Mbits/sec  1074            sender
[  5]   0.00-10.06  sec   409 MBytes   341 Mbits/sec                  receiver

iperf Done.

Throughput: 344.0 Mbps
Retransmissions: 1074
Measurement saved
iperf3 output:
Connecting to host 35.93.195.101, port 5201
[  5] local 172.31.22.33 port 49838 connected to 35.93.195.101 port 5201
[ ID] Interval           Transfer     Bitrate         Retr  Cwnd
[  5]   0.00-1.00   sec  26.9 MBytes   225 Mbits/sec  819   2.50 MBytes       
[  5]   1.00-2.00   sec  42.8 MBytes   359 Mbits/sec   27   1.86 MBytes       
[  5]   2.00-3.00   sec  34.8 MBytes   291 Mbits/sec    0   1.97 MBytes       
[  5]   3.00-4.00   sec  35.9 MBytes   301 Mbits/sec    0   2.05 MBytes       
[  5]   4.00-5.00   sec  36.6 MBytes   307 Mbits/sec    0   2.11 MBytes       
[  5]   5.00-6.00   sec  39.6 MBytes   332 Mbits/sec    0   2.15 MBytes       
[  5]   6.00-7.00   sec  40.4 MBytes   339 Mbits/sec    0   2.18 MBytes       
[  5]   7.00-8.00   sec  39.4 MBytes   330 Mbits/sec    0   2.20 MBytes       
[  5]   8.00-9.00   sec  40.5 MBytes   340 Mbits/sec    0   2.21 MBytes       
[  5]   9.00-10.00  sec  39.1 MBytes   328 Mbits/sec    0   2.21 MBytes       
- - - - - - - - - - - - - - - - - - - - - - - - -
[ ID] Interval           Transfer     Bitrate         Retr
[  5]   0.00-10.00  sec   376 MBytes   315 Mbits/sec  846            sender
[  5]   0.00-10.06  sec   375 MBytes   313 Mbits/sec                  receiver

iperf Done.

Throughput: 315.0 Mbps
Retransmissions: 846
Measurement saved
iperf3 output:
Connecting to host 35.93.195.101, port 5201
[  5] local 172.31.22.33 port 43552 connected to 35.93.195.101 port 5201
[ ID] Interval           Transfer     Bitrate         Retr  Cwnd
[  5]   0.00-1.00   sec  22.9 MBytes   192 Mbits/sec  587   2.50 MBytes       
[  5]   1.00-2.00   sec  39.9 MBytes   334 Mbits/sec    0   2.64 MBytes       
[  5]   2.00-3.00   sec  42.2 MBytes   354 Mbits/sec  254   1.93 MBytes       
[  5]   3.00-4.00   sec  31.1 MBytes   261 Mbits/sec    0   2.05 MBytes       
[  5]   4.00-5.00   sec  33.4 MBytes   280 Mbits/sec    0   2.14 MBytes       
[  5]   5.00-6.00   sec  34.8 MBytes   292 Mbits/sec    0   2.21 MBytes       
[  5]   6.00-7.00   sec  36.5 MBytes   306 Mbits/sec    0   2.26 MBytes       
[  5]   7.00-8.00   sec  35.4 MBytes   297 Mbits/sec    0   2.29 MBytes       
[  5]   8.00-9.00   sec  37.5 MBytes   315 Mbits/sec    0   2.31 MBytes       
[  5]   9.00-10.00  sec  36.0 MBytes   302 Mbits/sec    0   2.32 MBytes       
- - - - - - - - - - - - - - - - - - - - - - - - -
[ ID] Interval           Transfer     Bitrate         Retr
[  5]   0.00-10.00  sec   350 MBytes   294 Mbits/sec  841            sender
[  5]   0.00-10.06  sec   350 MBytes   292 Mbits/sec                  receiver

iperf Done.

Throughput: 294.0 Mbps
Retransmissions: 841
Measurement saved
iperf3 output:
Connecting to host 35.93.195.101, port 5201
[  5] local 172.31.22.33 port 42988 connected to 35.93.195.101 port 5201
[ ID] Interval           Transfer     Bitrate         Retr  Cwnd
[  5]   0.00-1.00   sec  23.0 MBytes   193 Mbits/sec  424   1.81 MBytes       
[  5]   1.00-2.00   sec  34.2 MBytes   287 Mbits/sec    0   1.92 MBytes       
[  5]   2.00-3.00   sec  35.4 MBytes   297 Mbits/sec    0   2.00 MBytes       
[  5]   3.00-4.00   sec  36.5 MBytes   306 Mbits/sec    0   2.06 MBytes       
[  5]   4.00-5.00   sec  38.9 MBytes   326 Mbits/sec    0   2.11 MBytes       
[  5]   5.00-6.00   sec  38.4 MBytes   322 Mbits/sec    0   2.14 MBytes       
[  5]   6.00-7.00   sec  39.0 MBytes   327 Mbits/sec    0   2.15 MBytes       
[  5]   7.00-8.00   sec  38.1 MBytes   320 Mbits/sec    0   2.16 MBytes       
[  5]   8.00-9.00   sec  41.2 MBytes   346 Mbits/sec    0   2.16 MBytes       
[  5]   9.00-10.00  sec  38.4 MBytes   322 Mbits/sec    0   2.16 MBytes       
- - - - - - - - - - - - - - - - - - - - - - - - -
[ ID] Interval           Transfer     Bitrate         Retr
[  5]   0.00-10.00  sec   363 MBytes   305 Mbits/sec  424            sender
[  5]   0.00-10.06  sec   363 MBytes   302 Mbits/sec                  receiver

iperf Done.

Throughput: 305.0 Mbps
Retransmissions: 424
Measurement saved
iperf3 output:
Connecting to host 35.93.195.101, port 5201
[  5] local 172.31.22.33 port 32978 connected to 35.93.195.101 port 5201
[ ID] Interval           Transfer     Bitrate         Retr  Cwnd
[  5]   0.00-1.00   sec  27.8 MBytes   233 Mbits/sec  429   2.20 MBytes       
[  5]   1.00-2.00   sec  41.9 MBytes   351 Mbits/sec    0   2.32 MBytes       
[  5]   2.00-3.00   sec  41.9 MBytes   351 Mbits/sec    0   2.42 MBytes       
[  5]   3.00-4.00   sec  35.1 MBytes   295 Mbits/sec  146   1.78 MBytes       
[  5]   4.00-5.00   sec  31.6 MBytes   265 Mbits/sec    0   1.88 MBytes       
[  5]   5.00-6.00   sec  35.4 MBytes   297 Mbits/sec    0   1.95 MBytes       
[  5]   6.00-7.00   sec  34.6 MBytes   290 Mbits/sec    0   2.00 MBytes       
[  5]   7.00-8.00   sec  38.1 MBytes   320 Mbits/sec    0   2.04 MBytes       
[  5]   8.00-9.00   sec  37.9 MBytes   318 Mbits/sec    0   2.06 MBytes       
[  5]   9.00-10.00  sec  37.8 MBytes   317 Mbits/sec    0   2.07 MBytes       
- - - - - - - - - - - - - - - - - - - - - - - - -
[ ID] Interval           Transfer     Bitrate         Retr
[  5]   0.00-10.00  sec   362 MBytes   304 Mbits/sec  575            sender
[  5]   0.00-10.06  sec   360 MBytes   300 Mbits/sec                  receiver

iperf Done.

Throughput: 304.0 Mbps
Retransmissions: 575
Measurement saved
iperf3 output:
Connecting to host 35.93.195.101, port 5201
[  5] local 172.31.22.33 port 50452 connected to 35.93.195.101 port 5201
[ ID] Interval           Transfer     Bitrate         Retr  Cwnd
[  5]   0.00-1.00   sec  24.6 MBytes   206 Mbits/sec  435   1.96 MBytes       
[  5]   1.00-2.00   sec  37.8 MBytes   317 Mbits/sec    0   2.07 MBytes       
[  5]   2.00-3.00   sec  27.2 MBytes   229 Mbits/sec  413   1.54 MBytes       
[  5]   3.00-4.00   sec  28.9 MBytes   242 Mbits/sec    0   1.62 MBytes       
[  5]   4.00-5.00   sec  29.4 MBytes   246 Mbits/sec    0   1.68 MBytes       
[  5]   5.00-6.00   sec  31.2 MBytes   262 Mbits/sec    0   1.72 MBytes       
[  5]   6.00-7.00   sec  31.4 MBytes   263 Mbits/sec    0   1.75 MBytes       
[  5]   7.00-8.00   sec  30.4 MBytes   255 Mbits/sec    0   1.76 MBytes       
[  5]   8.00-9.00   sec  32.5 MBytes   273 Mbits/sec    0   1.77 MBytes       
[  5]   9.00-10.00  sec  32.4 MBytes   271 Mbits/sec    0   1.77 MBytes       
- - - - - - - - - - - - - - - - - - - - - - - - -
[ ID] Interval           Transfer     Bitrate         Retr
[  5]   0.00-10.00  sec   306 MBytes   256 Mbits/sec  848            sender
[  5]   0.00-10.06  sec   304 MBytes   254 Mbits/sec                  receiver

iperf Done.

Throughput: 256.0 Mbps
Retransmissions: 848
Measurement saved
iperf3 output:
Connecting to host 35.93.195.101, port 5201
[  5] local 172.31.22.33 port 50234 connected to 35.93.195.101 port 5201
[ ID] Interval           Transfer     Bitrate         Retr  Cwnd
[  5]   0.00-1.00   sec  19.5 MBytes   163 Mbits/sec  767   1.76 MBytes       
[  5]   1.00-2.00   sec  30.6 MBytes   257 Mbits/sec    0   1.87 MBytes       
[  5]   2.00-3.00   sec  32.2 MBytes   271 Mbits/sec    0   1.95 MBytes       
[  5]   3.00-4.00   sec  33.0 MBytes   277 Mbits/sec    0   2.01 MBytes       
[  5]   4.00-5.00   sec  35.6 MBytes   299 Mbits/sec    0   2.06 MBytes       
[  5]   5.00-6.00   sec  35.5 MBytes   298 Mbits/sec    0   2.09 MBytes       
[  5]   6.00-7.00   sec  34.9 MBytes   293 Mbits/sec    0   2.10 MBytes       
[  5]   7.00-8.00   sec  35.5 MBytes   298 Mbits/sec    0   2.11 MBytes       
[  5]   8.00-9.00   sec  36.6 MBytes   307 Mbits/sec    0   2.11 MBytes       
[  5]   9.00-10.00  sec  35.2 MBytes   296 Mbits/sec    0   2.11 MBytes       
- - - - - - - - - - - - - - - - - - - - - - - - -
[ ID] Interval           Transfer     Bitrate         Retr
[  5]   0.00-10.00  sec   329 MBytes   276 Mbits/sec  767            sender
[  5]   0.00-10.06  sec   328 MBytes   273 Mbits/sec                  receiver

iperf Done.

Throughput: 276.0 Mbps
Retransmissions: 767
Measurement saved
iperf3 output:
Connecting to host 35.93.195.101, port 5201
[  5] local 172.31.22.33 port 48296 connected to 35.93.195.101 port 5201
[ ID] Interval           Transfer     Bitrate         Retr  Cwnd
[  5]   0.00-1.00   sec  24.5 MBytes   205 Mbits/sec  351   2.05 MBytes       
[  5]   1.00-2.00   sec  38.6 MBytes   324 Mbits/sec    0   2.17 MBytes       
[  5]   2.00-3.00   sec  34.5 MBytes   289 Mbits/sec   54   1.60 MBytes       
[  5]   3.00-4.00   sec  29.1 MBytes   244 Mbits/sec    0   1.69 MBytes       
[  5]   4.00-5.00   sec  32.1 MBytes   269 Mbits/sec    0   1.76 MBytes       
[  5]   5.00-6.00   sec  33.4 MBytes   280 Mbits/sec    0   1.81 MBytes       
[  5]   6.00-7.00   sec  31.8 MBytes   266 Mbits/sec    0   1.85 MBytes       
[  5]   7.00-8.00   sec  36.2 MBytes   304 Mbits/sec    0   1.87 MBytes       
[  5]   8.00-9.00   sec  33.9 MBytes   284 Mbits/sec    0   1.88 MBytes       
[  5]   9.00-10.00  sec  33.1 MBytes   278 Mbits/sec    0   1.88 MBytes       
- - - - - - - - - - - - - - - - - - - - - - - - -
[ ID] Interval           Transfer     Bitrate         Retr
[  5]   0.00-10.00  sec   327 MBytes   274 Mbits/sec  405            sender
[  5]   0.00-10.06  sec   326 MBytes   272 Mbits/sec                  receiver

iperf Done.

Throughput: 274.0 Mbps
Retransmissions: 405
Measurement saved
iperf3 output:
Connecting to host 35.93.195.101, port 5201
[  5] local 172.31.22.33 port 40704 connected to 35.93.195.101 port 5201
[ ID] Interval           Transfer     Bitrate         Retr  Cwnd
[  5]   0.00-1.00   sec  25.9 MBytes   217 Mbits/sec  682   3.46 MBytes       
[  5]   1.00-2.00   sec  39.9 MBytes   335 Mbits/sec  109   2.55 MBytes       
[  5]   2.00-3.00   sec  42.4 MBytes   355 Mbits/sec    0   2.67 MBytes       
[  5]   3.00-4.00   sec  46.2 MBytes   388 Mbits/sec    0   2.77 MBytes       
[  5]   4.00-5.00   sec  44.5 MBytes   373 Mbits/sec    0   2.84 MBytes       
[  5]   5.00-6.00   sec  45.8 MBytes   384 Mbits/sec    0   2.89 MBytes       
[  5]   6.00-7.00   sec  47.2 MBytes   396 Mbits/sec    0   2.92 MBytes       
[  5]   7.00-8.00   sec  46.4 MBytes   389 Mbits/sec    0   2.94 MBytes       
[  5]   8.00-9.00   sec  48.9 MBytes   410 Mbits/sec    0   2.95 MBytes       
[  5]   9.00-10.00  sec  46.9 MBytes   393 Mbits/sec    0   2.95 MBytes       
- - - - - - - - - - - - - - - - - - - - - - - - -
[ ID] Interval           Transfer     Bitrate         Retr
[  5]   0.00-10.00  sec   434 MBytes   364 Mbits/sec  791            sender
[  5]   0.00-10.06  sec   433 MBytes   361 Mbits/sec                  receiver

iperf Done.

Throughput: 364.0 Mbps
Retransmissions: 791
Measurement saved
iperf3 output:
Connecting to host 35.93.195.101, port 5201
[  5] local 172.31.22.33 port 54232 connected to 35.93.195.101 port 5201
[ ID] Interval           Transfer     Bitrate         Retr  Cwnd
[  5]   0.00-1.00   sec  23.0 MBytes   193 Mbits/sec  384   2.22 MBytes       
[  5]   1.00-2.00   sec  36.5 MBytes   306 Mbits/sec    0   2.34 MBytes       
[  5]   2.00-3.00   sec  40.9 MBytes   343 Mbits/sec    0   2.45 MBytes       
[  5]   3.00-4.00   sec  40.5 MBytes   340 Mbits/sec    0   2.52 MBytes       
[  5]   4.00-5.00   sec  40.9 MBytes   343 Mbits/sec    0   2.58 MBytes       
[  5]   5.00-6.00   sec  42.9 MBytes   360 Mbits/sec    0   2.61 MBytes       
[  5]   6.00-7.00   sec  42.6 MBytes   358 Mbits/sec    0   2.64 MBytes       
[  5]   7.00-8.00   sec  44.5 MBytes   373 Mbits/sec    0   2.65 MBytes       
[  5]   8.00-9.00   sec  43.1 MBytes   362 Mbits/sec    0   2.66 MBytes       
[  5]   9.00-10.00  sec  42.8 MBytes   359 Mbits/sec    0   2.66 MBytes       
- - - - - - - - - - - - - - - - - - - - - - - - -
[ ID] Interval           Transfer     Bitrate         Retr
[  5]   0.00-10.00  sec   398 MBytes   334 Mbits/sec  384            sender
[  5]   0.00-10.06  sec   396 MBytes   331 Mbits/sec                  receiver

iperf Done.

Throughput: 334.0 Mbps
Retransmissions: 384
Measurement saved
iperf3 output:
Connecting to host 35.93.195.101, port 5201
[  5] local 172.31.22.33 port 54556 connected to 35.93.195.101 port 5201
[ ID] Interval           Transfer     Bitrate         Retr  Cwnd
[  5]   0.00-1.00   sec  25.8 MBytes   216 Mbits/sec  280   2.32 MBytes       
[  5]   1.00-2.00   sec  44.1 MBytes   370 Mbits/sec    0   2.52 MBytes       
[  5]   2.00-3.00   sec  45.6 MBytes   383 Mbits/sec    0   2.69 MBytes       
[  5]   3.00-4.00   sec  50.5 MBytes   424 Mbits/sec    0   2.83 MBytes       
[  5]   4.00-5.00   sec  51.2 MBytes   430 Mbits/sec    0   2.94 MBytes       
[  5]   5.00-6.00   sec  55.4 MBytes   465 Mbits/sec    0   3.02 MBytes       
[  5]   6.00-7.00   sec  41.2 MBytes   346 Mbits/sec    5   2.23 MBytes       
[  5]   7.00-8.00   sec  42.5 MBytes   357 Mbits/sec    0   2.34 MBytes       
[  5]   8.00-9.00   sec  42.6 MBytes   358 Mbits/sec    0   2.42 MBytes       
[  5]   9.00-10.00  sec  44.8 MBytes   375 Mbits/sec    0   2.48 MBytes       
- - - - - - - - - - - - - - - - - - - - - - - - -
[ ID] Interval           Transfer     Bitrate         Retr
[  5]   0.00-10.00  sec   444 MBytes   372 Mbits/sec  285            sender
[  5]   0.00-10.06  sec   443 MBytes   369 Mbits/sec                  receiver

iperf Done.

Throughput: 372.0 Mbps
Retransmissions: 285
Measurement saved
iperf3 output:
Connecting to host 35.93.195.101, port 5201
[  5] local 172.31.22.33 port 37390 connected to 35.93.195.101 port 5201
[ ID] Interval           Transfer     Bitrate         Retr  Cwnd
[  5]   0.00-1.00   sec  20.9 MBytes   175 Mbits/sec  675   2.09 MBytes       
[  5]   1.00-2.00   sec  34.2 MBytes   287 Mbits/sec    0   2.21 MBytes       
[  5]   2.00-3.00   sec  36.5 MBytes   306 Mbits/sec    0   2.31 MBytes       
[  5]   3.00-4.00   sec  37.2 MBytes   312 Mbits/sec    0   2.38 MBytes       
[  5]   4.00-5.00   sec  38.4 MBytes   322 Mbits/sec    0   2.43 MBytes       
[  5]   5.00-6.00   sec  39.0 MBytes   327 Mbits/sec    0   2.47 MBytes       
[  5]   6.00-7.00   sec  40.6 MBytes   341 Mbits/sec    0   2.49 MBytes       
[  5]   7.00-8.00   sec  38.9 MBytes   326 Mbits/sec    0   2.50 MBytes       
[  5]   8.00-9.00   sec  42.5 MBytes   357 Mbits/sec    0   2.51 MBytes       
[  5]   9.00-10.00  sec  40.0 MBytes   335 Mbits/sec    0   2.51 MBytes       
- - - - - - - - - - - - - - - - - - - - - - - - -
[ ID] Interval           Transfer     Bitrate         Retr
[  5]   0.00-10.00  sec   368 MBytes   309 Mbits/sec  675            sender
[  5]   0.00-10.06  sec   368 MBytes   307 Mbits/sec                  receiver

iperf Done.

Throughput: 309.0 Mbps
Retransmissions: 675
Measurement saved
iperf3 output:
Connecting to host 35.93.195.101, port 5201
[  5] local 172.31.22.33 port 46706 connected to 35.93.195.101 port 5201
[ ID] Interval           Transfer     Bitrate         Retr  Cwnd
[  5]   0.00-1.00   sec  21.6 MBytes   181 Mbits/sec  550   1.85 MBytes       
[  5]   1.00-2.00   sec  31.2 MBytes   262 Mbits/sec  201   1.40 MBytes       
[  5]   2.00-3.00   sec  18.9 MBytes   158 Mbits/sec  158   1.06 MBytes       
[  5]   3.00-4.00   sec  18.9 MBytes   158 Mbits/sec    0   1.11 MBytes       
[  5]   4.00-5.00   sec  20.4 MBytes   171 Mbits/sec    0   1.15 MBytes       
[  5]   5.00-6.00   sec  22.2 MBytes   187 Mbits/sec    0   1.18 MBytes       
[  5]   6.00-7.00   sec  20.8 MBytes   174 Mbits/sec    0   1.20 MBytes       
[  5]   7.00-8.00   sec  21.5 MBytes   180 Mbits/sec    0   1.20 MBytes       
[  5]   8.00-9.00   sec  21.5 MBytes   180 Mbits/sec    0   1.20 MBytes       
[  5]   9.00-10.00  sec  22.6 MBytes   190 Mbits/sec    0   1.20 MBytes       
- - - - - - - - - - - - - - - - - - - - - - - - -
[ ID] Interval           Transfer     Bitrate         Retr
[  5]   0.00-10.00  sec   220 MBytes   184 Mbits/sec  909            sender
[  5]   0.00-10.06  sec   217 MBytes   181 Mbits/sec                  receiver

iperf Done.

Throughput: 184.0 Mbps
Retransmissions: 909
Measurement saved
iperf3 output:
Connecting to host 35.93.195.101, port 5201
[  5] local 172.31.22.33 port 56364 connected to 35.93.195.101 port 5201
[ ID] Interval           Transfer     Bitrate         Retr  Cwnd
[  5]   0.00-1.00   sec  24.6 MBytes   206 Mbits/sec  346   2.15 MBytes       
[  5]   1.00-2.00   sec  33.6 MBytes   282 Mbits/sec  174   1.62 MBytes       
[  5]   2.00-3.00   sec  30.1 MBytes   253 Mbits/sec    0   1.71 MBytes       
[  5]   3.00-4.00   sec  32.8 MBytes   275 Mbits/sec    0   1.79 MBytes       
[  5]   4.00-5.00   sec  33.1 MBytes   278 Mbits/sec    0   1.84 MBytes       
[  5]   5.00-6.00   sec  34.4 MBytes   288 Mbits/sec    0   1.87 MBytes       
[  5]   6.00-7.00   sec  33.1 MBytes   278 Mbits/sec    0   1.89 MBytes       
[  5]   7.00-8.00   sec  34.8 MBytes   292 Mbits/sec    0   1.91 MBytes       
[  5]   8.00-9.00   sec  35.9 MBytes   301 Mbits/sec    0   1.91 MBytes       
[  5]   9.00-10.00  sec  34.4 MBytes   288 Mbits/sec    0   1.91 MBytes       
- - - - - - - - - - - - - - - - - - - - - - - - -
[ ID] Interval           Transfer     Bitrate         Retr
[  5]   0.00-10.00  sec   328 MBytes   275 Mbits/sec  520            sender
[  5]   0.00-10.06  sec   326 MBytes   272 Mbits/sec                  receiver

iperf Done.

Throughput: 275.0 Mbps
Retransmissions: 520
Measurement saved
iperf3 output:
Connecting to host 35.93.195.101, port 5201
[  5] local 172.31.22.33 port 35072 connected to 35.93.195.101 port 5201
[ ID] Interval           Transfer     Bitrate         Retr  Cwnd
[  5]   0.00-1.00   sec  22.6 MBytes   190 Mbits/sec  245   2.73 MBytes       
[  5]   1.00-2.00   sec  45.6 MBytes   383 Mbits/sec    0   2.97 MBytes       
[  5]   2.00-3.00   sec  48.0 MBytes   403 Mbits/sec   36   2.46 MBytes       
[  5]   3.00-4.00   sec  37.4 MBytes   314 Mbits/sec    0   2.35 MBytes       
[  5]   4.00-5.00   sec  38.0 MBytes   319 Mbits/sec    0   2.46 MBytes       
[  5]   5.00-6.00   sec  38.6 MBytes   324 Mbits/sec    0   2.54 MBytes       
[  5]   6.00-7.00   sec  39.0 MBytes   327 Mbits/sec    0   2.60 MBytes       
[  5]   7.00-8.00   sec  42.5 MBytes   357 Mbits/sec    0   2.64 MBytes       
[  5]   8.00-9.00   sec  43.0 MBytes   361 Mbits/sec    0   2.67 MBytes       
[  5]   9.00-10.00  sec  42.8 MBytes   358 Mbits/sec    0   2.68 MBytes       
- - - - - - - - - - - - - - - - - - - - - - - - -
[ ID] Interval           Transfer     Bitrate         Retr
[  5]   0.00-10.00  sec   398 MBytes   333 Mbits/sec  281            sender
[  5]   0.00-10.06  sec   396 MBytes   330 Mbits/sec                  receiver

iperf Done.

Throughput: 333.0 Mbps
Retransmissions: 281
Measurement saved
iperf3 output:
Connecting to host 35.93.195.101, port 5201
[  5] local 172.31.22.33 port 38812 connected to 35.93.195.101 port 5201
[ ID] Interval           Transfer     Bitrate         Retr  Cwnd
[  5]   0.00-1.00   sec  24.9 MBytes   208 Mbits/sec  866   2.14 MBytes       
[  5]   1.00-2.00   sec  39.4 MBytes   330 Mbits/sec    0   2.26 MBytes       
[  5]   2.00-3.00   sec  42.1 MBytes   353 Mbits/sec    0   2.35 MBytes       
[  5]   3.00-4.00   sec  43.0 MBytes   361 Mbits/sec    0   2.43 MBytes       
[  5]   4.00-5.00   sec  45.2 MBytes   380 Mbits/sec    0   2.48 MBytes       
[  5]   5.00-6.00   sec  46.4 MBytes   389 Mbits/sec    0   2.51 MBytes       
[  5]   6.00-7.00   sec  44.6 MBytes   374 Mbits/sec    0   2.54 MBytes       
[  5]   7.00-8.00   sec  45.9 MBytes   385 Mbits/sec    0   2.55 MBytes       
[  5]   8.00-9.00   sec  45.9 MBytes   385 Mbits/sec    0   2.55 MBytes       
[  5]   9.00-10.00  sec  48.5 MBytes   407 Mbits/sec    0   2.55 MBytes       
- - - - - - - - - - - - - - - - - - - - - - - - -
[ ID] Interval           Transfer     Bitrate         Retr
[  5]   0.00-10.00  sec   426 MBytes   357 Mbits/sec  866            sender
[  5]   0.00-10.06  sec   425 MBytes   355 Mbits/sec                  receiver

iperf Done.

Throughput: 357.0 Mbps
Retransmissions: 866
Measurement saved
iperf3 output:
Connecting to host 35.93.195.101, port 5201
[  5] local 172.31.22.33 port 41950 connected to 35.93.195.101 port 5201
[ ID] Interval           Transfer     Bitrate         Retr  Cwnd
[  5]   0.00-1.00   sec  21.5 MBytes   180 Mbits/sec  615   2.54 MBytes       
[  5]   1.00-2.00   sec  43.4 MBytes   364 Mbits/sec    0   2.69 MBytes       
[  5]   2.00-3.00   sec  32.0 MBytes   268 Mbits/sec  1056   1.39 MBytes       
[  5]   3.00-4.00   sec  24.1 MBytes   202 Mbits/sec    0   1.47 MBytes       
[  5]   4.00-5.00   sec  25.5 MBytes   214 Mbits/sec    0   1.54 MBytes       
[  5]   5.00-6.00   sec  26.5 MBytes   222 Mbits/sec    0   1.58 MBytes       
[  5]   6.00-7.00   sec  27.0 MBytes   226 Mbits/sec    0   1.61 MBytes       
[  5]   7.00-8.00   sec  28.5 MBytes   239 Mbits/sec    0   1.63 MBytes       
[  5]   8.00-9.00   sec  26.4 MBytes   221 Mbits/sec    0   1.64 MBytes       
[  5]   9.00-10.00  sec  27.1 MBytes   227 Mbits/sec    0   1.64 MBytes       
- - - - - - - - - - - - - - - - - - - - - - - - -
[ ID] Interval           Transfer     Bitrate         Retr
[  5]   0.00-10.00  sec   282 MBytes   237 Mbits/sec  1671            sender
[  5]   0.00-10.06  sec   281 MBytes   234 Mbits/sec                  receiver

iperf Done.

Throughput: 237.0 Mbps
Retransmissions: 1671
Measurement saved
iperf3 output:
Connecting to host 35.93.195.101, port 5201
[  5] local 172.31.22.33 port 46090 connected to 35.93.195.101 port 5201
[ ID] Interval           Transfer     Bitrate         Retr  Cwnd
[  5]   0.00-1.00   sec  28.8 MBytes   241 Mbits/sec  285   2.66 MBytes       
[  5]   1.00-2.00   sec  50.6 MBytes   425 Mbits/sec    0   2.88 MBytes       
[  5]   2.00-3.00   sec  52.4 MBytes   439 Mbits/sec    0   3.06 MBytes       
[  5]   3.00-4.00   sec  56.0 MBytes   470 Mbits/sec    0   3.22 MBytes       
[  5]   4.00-5.00   sec  42.5 MBytes   357 Mbits/sec  107   2.37 MBytes       
[  5]   5.00-6.00   sec  27.8 MBytes   233 Mbits/sec   90   1.24 MBytes       
[  5]   6.00-7.00   sec  23.5 MBytes   197 Mbits/sec    0   1.32 MBytes       
[  5]   7.00-8.00   sec  25.5 MBytes   214 Mbits/sec    0   1.37 MBytes       
[  5]   8.00-9.00   sec  24.9 MBytes   209 Mbits/sec    0   1.40 MBytes       
[  5]   9.00-10.00  sec  25.6 MBytes   215 Mbits/sec    0   1.43 MBytes       
- - - - - - - - - - - - - - - - - - - - - - - - -
[ ID] Interval           Transfer     Bitrate         Retr
[  5]   0.00-10.00  sec   358 MBytes   300 Mbits/sec  482            sender
[  5]   0.00-10.06  sec   355 MBytes   296 Mbits/sec                  receiver

iperf Done.

Throughput: 300.0 Mbps
Retransmissions: 482
Measurement saved
iperf3 output:
Connecting to host 35.93.195.101, port 5201
[  5] local 172.31.22.33 port 47146 connected to 35.93.195.101 port 5201
[ ID] Interval           Transfer     Bitrate         Retr  Cwnd
[  5]   0.00-1.00   sec  20.9 MBytes   175 Mbits/sec  1229   1.54 MBytes       
[  5]   1.00-2.00   sec  28.5 MBytes   239 Mbits/sec    0   1.64 MBytes       
[  5]   2.00-3.00   sec  31.2 MBytes   262 Mbits/sec    0   1.71 MBytes       
[  5]   3.00-4.00   sec  30.4 MBytes   255 Mbits/sec    0   1.77 MBytes       
[  5]   4.00-5.00   sec  31.0 MBytes   260 Mbits/sec   94   1.27 MBytes       
[  5]   5.00-6.00   sec  23.9 MBytes   200 Mbits/sec    0   1.36 MBytes       
[  5]   6.00-7.00   sec  25.0 MBytes   210 Mbits/sec    0   1.42 MBytes       
[  5]   7.00-8.00   sec  27.0 MBytes   226 Mbits/sec    0   1.47 MBytes       
[  5]   8.00-9.00   sec  28.0 MBytes   235 Mbits/sec    0   1.50 MBytes       
[  5]   9.00-10.00  sec  27.1 MBytes   227 Mbits/sec    0   1.52 MBytes       
- - - - - - - - - - - - - - - - - - - - - - - - -
[ ID] Interval           Transfer     Bitrate         Retr
[  5]   0.00-10.00  sec   275 MBytes   230 Mbits/sec  1323            sender
[  5]   0.00-10.06  sec   272 MBytes   227 Mbits/sec                  receiver

iperf Done.

Throughput: 230.0 Mbps
Retransmissions: 1323
Measurement saved
iperf3 output:
Connecting to host 35.93.195.101, port 5201
[  5] local 172.31.22.33 port 47468 connected to 35.93.195.101 port 5201
[ ID] Interval           Transfer     Bitrate         Retr  Cwnd
[  5]   0.00-1.00   sec  20.8 MBytes   174 Mbits/sec   87   1.72 MBytes       
[  5]   1.00-2.00   sec  30.0 MBytes   252 Mbits/sec    0   1.82 MBytes       
[  5]   2.00-3.00   sec  33.0 MBytes   277 Mbits/sec    0   1.91 MBytes       
[  5]   3.00-4.00   sec  33.4 MBytes   280 Mbits/sec    0   1.97 MBytes       
[  5]   4.00-5.00   sec  35.5 MBytes   298 Mbits/sec    0   2.01 MBytes       
[  5]   5.00-6.00   sec  35.0 MBytes   294 Mbits/sec    0   2.03 MBytes       
[  5]   6.00-7.00   sec  36.0 MBytes   302 Mbits/sec    0   2.05 MBytes       
[  5]   7.00-8.00   sec  35.5 MBytes   298 Mbits/sec    0   2.06 MBytes       
[  5]   8.00-9.00   sec  36.9 MBytes   309 Mbits/sec    0   2.06 MBytes       
[  5]   9.00-10.00  sec  34.8 MBytes   291 Mbits/sec    0   2.06 MBytes       
- - - - - - - - - - - - - - - - - - - - - - - - -
[ ID] Interval           Transfer     Bitrate         Retr
[  5]   0.00-10.00  sec   331 MBytes   277 Mbits/sec   87            sender
[  5]   0.00-10.06  sec   330 MBytes   275 Mbits/sec                  receiver

iperf Done.

Throughput: 277.0 Mbps
Retransmissions: 87
Measurement saved
iperf3 output:
Connecting to host 35.93.195.101, port 5201
[  5] local 172.31.22.33 port 42514 connected to 35.93.195.101 port 5201
[ ID] Interval           Transfer     Bitrate         Retr  Cwnd
[  5]   0.00-1.00   sec  24.9 MBytes   208 Mbits/sec  481   2.15 MBytes       
[  5]   1.00-2.00   sec  39.0 MBytes   327 Mbits/sec    0   2.27 MBytes       
[  5]   2.00-3.00   sec  42.9 MBytes   360 Mbits/sec    0   2.37 MBytes       
[  5]   3.00-4.00   sec  43.2 MBytes   363 Mbits/sec    0   2.44 MBytes       
[  5]   4.00-5.00   sec  41.0 MBytes   344 Mbits/sec  707   1.76 MBytes       
[  5]   5.00-6.00   sec  32.5 MBytes   273 Mbits/sec    0   1.87 MBytes       
[  5]   6.00-7.00   sec  33.8 MBytes   283 Mbits/sec    0   1.95 MBytes       
[  5]   7.00-8.00   sec  35.9 MBytes   301 Mbits/sec    0   2.01 MBytes       
[  5]   8.00-9.00   sec  38.1 MBytes   320 Mbits/sec    0   2.05 MBytes       
[  5]   9.00-10.00  sec  37.4 MBytes   313 Mbits/sec    0   2.08 MBytes       
- - - - - - - - - - - - - - - - - - - - - - - - -
[ ID] Interval           Transfer     Bitrate         Retr
[  5]   0.00-10.00  sec   369 MBytes   309 Mbits/sec  1188            sender
[  5]   0.00-10.06  sec   368 MBytes   307 Mbits/sec                  receiver

iperf Done.

Throughput: 309.0 Mbps
Retransmissions: 1188
Measurement saved
iperf3 output:
Connecting to host 35.93.195.101, port 5201
[  5] local 172.31.22.33 port 56754 connected to 35.93.195.101 port 5201
[ ID] Interval           Transfer     Bitrate         Retr  Cwnd
[  5]   0.00-1.00   sec  18.9 MBytes   158 Mbits/sec  940   1.42 MBytes       
[  5]   1.00-2.00   sec  26.2 MBytes   220 Mbits/sec    0   1.51 MBytes       
[  5]   2.00-3.00   sec  27.6 MBytes   232 Mbits/sec    0   1.58 MBytes       
[  5]   3.00-4.00   sec  29.1 MBytes   244 Mbits/sec    0   1.62 MBytes       
[  5]   4.00-5.00   sec  29.5 MBytes   247 Mbits/sec    0   1.66 MBytes       
[  5]   5.00-6.00   sec  30.1 MBytes   253 Mbits/sec    0   1.68 MBytes       
[  5]   6.00-7.00   sec  31.9 MBytes   267 Mbits/sec    0   1.68 MBytes       
[  5]   7.00-8.00   sec  29.4 MBytes   246 Mbits/sec    0   1.69 MBytes       
[  5]   8.00-9.00   sec  30.9 MBytes   259 Mbits/sec    1   1.64 MBytes       
[  5]   9.00-10.00  sec  22.5 MBytes   189 Mbits/sec    0   1.32 MBytes       
- - - - - - - - - - - - - - - - - - - - - - - - -
[ ID] Interval           Transfer     Bitrate         Retr
[  5]   0.00-10.00  sec   276 MBytes   232 Mbits/sec  941            sender
[  5]   0.00-10.06  sec   274 MBytes   229 Mbits/sec                  receiver

iperf Done.

Throughput: 232.0 Mbps
Retransmissions: 941
Measurement saved
iperf3 output:
Connecting to host 35.93.195.101, port 5201
[  5] local 172.31.22.33 port 47390 connected to 35.93.195.101 port 5201
[ ID] Interval           Transfer     Bitrate         Retr  Cwnd
[  5]   0.00-1.00   sec  21.2 MBytes   178 Mbits/sec  686   1.91 MBytes       
[  5]   1.00-2.00   sec  35.9 MBytes   301 Mbits/sec    0   2.03 MBytes       
[  5]   2.00-3.00   sec  37.2 MBytes   312 Mbits/sec    0   2.12 MBytes       
[  5]   3.00-4.00   sec  38.5 MBytes   323 Mbits/sec    0   2.19 MBytes       
[  5]   4.00-5.00   sec  39.8 MBytes   333 Mbits/sec    0   2.24 MBytes       
[  5]   5.00-6.00   sec  40.1 MBytes   337 Mbits/sec    0   2.27 MBytes       
[  5]   6.00-7.00   sec  44.1 MBytes   370 Mbits/sec    0   2.29 MBytes       
[  5]   7.00-8.00   sec  40.9 MBytes   343 Mbits/sec    0   2.30 MBytes       
[  5]   8.00-9.00   sec  41.5 MBytes   348 Mbits/sec    0   2.30 MBytes       
[  5]   9.00-10.00  sec  41.1 MBytes   345 Mbits/sec    0   2.30 MBytes       
- - - - - - - - - - - - - - - - - - - - - - - - -
[ ID] Interval           Transfer     Bitrate         Retr
[  5]   0.00-10.00  sec   380 MBytes   319 Mbits/sec  686            sender
[  5]   0.00-10.06  sec   379 MBytes   316 Mbits/sec                  receiver

iperf Done.

Throughput: 319.0 Mbps
Retransmissions: 686
Measurement saved
iperf3 output:
Connecting to host 35.93.195.101, port 5201
[  5] local 172.31.22.33 port 46440 connected to 35.93.195.101 port 5201
[ ID] Interval           Transfer     Bitrate         Retr  Cwnd
[  5]   0.00-1.00   sec  22.2 MBytes   186 Mbits/sec  843   2.11 MBytes       
[  5]   1.00-2.00   sec  33.6 MBytes   282 Mbits/sec    0   2.23 MBytes       
[  5]   2.00-3.00   sec  39.0 MBytes   327 Mbits/sec    0   2.33 MBytes       
[  5]   3.00-4.00   sec  38.2 MBytes   321 Mbits/sec    0   2.40 MBytes       
[  5]   4.00-5.00   sec  39.4 MBytes   330 Mbits/sec    0   2.46 MBytes       
[  5]   5.00-6.00   sec  41.9 MBytes   351 Mbits/sec    0   2.49 MBytes       
[  5]   6.00-7.00   sec  40.2 MBytes   338 Mbits/sec    0   2.51 MBytes       
[  5]   7.00-8.00   sec  42.8 MBytes   359 Mbits/sec    0   2.52 MBytes       
[  5]   8.00-9.00   sec  40.4 MBytes   339 Mbits/sec    0   2.53 MBytes       
[  5]   9.00-10.00  sec  39.8 MBytes   333 Mbits/sec    0   2.53 MBytes       
- - - - - - - - - - - - - - - - - - - - - - - - -
[ ID] Interval           Transfer     Bitrate         Retr
[  5]   0.00-10.00  sec   378 MBytes   317 Mbits/sec  843            sender
[  5]   0.00-10.06  sec   377 MBytes   314 Mbits/sec                  receiver

iperf Done.

Throughput: 317.0 Mbps
Retransmissions: 843
Measurement saved
iperf3 output:
Connecting to host 35.93.195.101, port 5201
[  5] local 172.31.22.33 port 40112 connected to 35.93.195.101 port 5201
[ ID] Interval           Transfer     Bitrate         Retr  Cwnd
[  5]   0.00-1.00   sec  23.0 MBytes   193 Mbits/sec  991   1.59 MBytes       
[  5]   1.00-2.00   sec  27.8 MBytes   233 Mbits/sec    0   1.69 MBytes       
[  5]   2.00-3.00   sec  30.9 MBytes   259 Mbits/sec    0   1.78 MBytes       
[  5]   3.00-4.00   sec  30.0 MBytes   252 Mbits/sec    0   1.84 MBytes       
[  5]   4.00-5.00   sec  34.0 MBytes   285 Mbits/sec    0   1.88 MBytes       
[  5]   5.00-6.00   sec  32.8 MBytes   275 Mbits/sec    0   1.90 MBytes       
[  5]   6.00-7.00   sec  33.4 MBytes   280 Mbits/sec    0   1.92 MBytes       
[  5]   7.00-8.00   sec  33.0 MBytes   277 Mbits/sec    0   1.93 MBytes       
[  5]   8.00-9.00   sec  34.9 MBytes   293 Mbits/sec    0   1.93 MBytes       
[  5]   9.00-10.00  sec  32.6 MBytes   274 Mbits/sec    0   1.93 MBytes       
- - - - - - - - - - - - - - - - - - - - - - - - -
[ ID] Interval           Transfer     Bitrate         Retr
[  5]   0.00-10.00  sec   312 MBytes   262 Mbits/sec  991            sender
[  5]   0.00-10.06  sec   311 MBytes   260 Mbits/sec                  receiver

iperf Done.

Throughput: 262.0 Mbps
Retransmissions: 991
Measurement saved
iperf3 output:
Connecting to host 35.93.195.101, port 5201
[  5] local 172.31.22.33 port 59316 connected to 35.93.195.101 port 5201
[ ID] Interval           Transfer     Bitrate         Retr  Cwnd
[  5]   0.00-1.00   sec  29.5 MBytes   247 Mbits/sec  246   2.66 MBytes       
[  5]   1.00-2.00   sec  51.0 MBytes   428 Mbits/sec    0   2.89 MBytes       
[  5]   2.00-3.00   sec  47.0 MBytes   394 Mbits/sec    8   2.15 MBytes       
[  5]   3.00-4.00   sec  40.1 MBytes   337 Mbits/sec    0   2.27 MBytes       
[  5]   4.00-5.00   sec  41.0 MBytes   344 Mbits/sec    0   2.37 MBytes       
[  5]   5.00-6.00   sec  43.9 MBytes   368 Mbits/sec    0   2.44 MBytes       
[  5]   6.00-7.00   sec  43.6 MBytes   366 Mbits/sec    0   2.49 MBytes       
[  5]   7.00-8.00   sec  45.8 MBytes   384 Mbits/sec    0   2.53 MBytes       
[  5]   8.00-9.00   sec  47.5 MBytes   398 Mbits/sec    0   2.55 MBytes       
[  5]   9.00-10.00  sec  45.8 MBytes   384 Mbits/sec    0   2.56 MBytes       
- - - - - - - - - - - - - - - - - - - - - - - - -
[ ID] Interval           Transfer     Bitrate         Retr
[  5]   0.00-10.00  sec   435 MBytes   365 Mbits/sec  254            sender
[  5]   0.00-10.06  sec   435 MBytes   363 Mbits/sec                  receiver

iperf Done.

Throughput: 365.0 Mbps
Retransmissions: 254
Measurement saved
iperf3 output:
Connecting to host 35.93.195.101, port 5201
[  5] local 172.31.22.33 port 44120 connected to 35.93.195.101 port 5201
[ ID] Interval           Transfer     Bitrate         Retr  Cwnd
[  5]   0.00-1.00   sec  27.5 MBytes   230 Mbits/sec  563   2.44 MBytes       
[  5]   1.00-2.00   sec  45.0 MBytes   377 Mbits/sec    0   2.58 MBytes       
[  5]   2.00-3.00   sec  48.0 MBytes   403 Mbits/sec    0   2.68 MBytes       
[  5]   3.00-4.00   sec  36.4 MBytes   305 Mbits/sec   14   1.99 MBytes       
[  5]   4.00-5.00   sec  39.0 MBytes   327 Mbits/sec    0   2.09 MBytes       
[  5]   5.00-6.00   sec  38.1 MBytes   320 Mbits/sec    0   2.16 MBytes       
[  5]   6.00-7.00   sec  39.2 MBytes   329 Mbits/sec    0   2.21 MBytes       
[  5]   7.00-8.00   sec  40.2 MBytes   338 Mbits/sec    0   2.25 MBytes       
[  5]   8.00-9.00   sec  42.8 MBytes   359 Mbits/sec    0   2.27 MBytes       
[  5]   9.00-10.00  sec  41.2 MBytes   346 Mbits/sec    0   2.28 MBytes       
- - - - - - - - - - - - - - - - - - - - - - - - -
[ ID] Interval           Transfer     Bitrate         Retr
[  5]   0.00-10.00  sec   398 MBytes   333 Mbits/sec  577            sender
[  5]   0.00-10.06  sec   396 MBytes   331 Mbits/sec                  receiver

iperf Done.

Throughput: 333.0 Mbps
Retransmissions: 577
Measurement saved
iperf3 output:
Connecting to host 35.93.195.101, port 5201
[  5] local 172.31.22.33 port 38968 connected to 35.93.195.101 port 5201
[ ID] Interval           Transfer     Bitrate         Retr  Cwnd
[  5]   0.00-1.00   sec  21.4 MBytes   179 Mbits/sec  742   1.72 MBytes       
[  5]   1.00-2.00   sec  33.2 MBytes   279 Mbits/sec    0   1.82 MBytes       
[  5]   2.00-3.00   sec  33.5 MBytes   281 Mbits/sec    0   1.90 MBytes       
[  5]   3.00-4.00   sec  34.5 MBytes   289 Mbits/sec    0   1.96 MBytes       
[  5]   4.00-5.00   sec  36.4 MBytes   305 Mbits/sec    0   2.00 MBytes       
[  5]   5.00-6.00   sec  35.4 MBytes   297 Mbits/sec    0   2.02 MBytes       
[  5]   6.00-7.00   sec  37.4 MBytes   314 Mbits/sec    0   2.04 MBytes       
[  5]   7.00-8.00   sec  35.9 MBytes   301 Mbits/sec    0   2.04 MBytes       
[  5]   8.00-9.00   sec  37.0 MBytes   310 Mbits/sec    0   2.05 MBytes       
[  5]   9.00-10.00  sec  37.0 MBytes   310 Mbits/sec    0   2.05 MBytes       
- - - - - - - - - - - - - - - - - - - - - - - - -
[ ID] Interval           Transfer     Bitrate         Retr
[  5]   0.00-10.00  sec   342 MBytes   287 Mbits/sec  742            sender
[  5]   0.00-10.06  sec   341 MBytes   284 Mbits/sec                  receiver

iperf Done.

Throughput: 287.0 Mbps
Retransmissions: 742
Measurement saved
iperf3 output:
Connecting to host 35.93.195.101, port 5201
[  5] local 172.31.22.33 port 58220 connected to 35.93.195.101 port 5201
[ ID] Interval           Transfer     Bitrate         Retr  Cwnd
[  5]   0.00-1.00   sec  25.0 MBytes   209 Mbits/sec  582   2.34 MBytes       
[  5]   1.00-2.00   sec  42.4 MBytes   355 Mbits/sec    0   2.47 MBytes       
[  5]   2.00-3.00   sec  45.5 MBytes   382 Mbits/sec    0   2.58 MBytes       
[  5]   3.00-4.00   sec  47.9 MBytes   402 Mbits/sec    0   2.66 MBytes       
[  5]   4.00-5.00   sec  47.4 MBytes   397 Mbits/sec    0   2.72 MBytes       
[  5]   5.00-6.00   sec  50.8 MBytes   426 Mbits/sec    0   2.76 MBytes       
[  5]   6.00-7.00   sec  52.1 MBytes   437 Mbits/sec    0   2.79 MBytes       
[  5]   7.00-8.00   sec  49.0 MBytes   411 Mbits/sec    0   2.80 MBytes       
[  5]   8.00-9.00   sec  50.4 MBytes   423 Mbits/sec    0   2.81 MBytes       
[  5]   9.00-10.00  sec  51.2 MBytes   430 Mbits/sec    0   2.81 MBytes       
- - - - - - - - - - - - - - - - - - - - - - - - -
[ ID] Interval           Transfer     Bitrate         Retr
[  5]   0.00-10.00  sec   462 MBytes   387 Mbits/sec  582            sender
[  5]   0.00-10.06  sec   461 MBytes   384 Mbits/sec                  receiver

iperf Done.

Throughput: 387.0 Mbps
Retransmissions: 582
Measurement saved
iperf3 output:
Connecting to host 35.93.195.101, port 5201
[  5] local 172.31.22.33 port 33088 connected to 35.93.195.101 port 5201
[ ID] Interval           Transfer     Bitrate         Retr  Cwnd
[  5]   0.00-1.00   sec  26.8 MBytes   224 Mbits/sec  724   2.32 MBytes       
[  5]   1.00-2.00   sec  41.5 MBytes   348 Mbits/sec    0   2.45 MBytes       
[  5]   2.00-3.00   sec  45.0 MBytes   377 Mbits/sec    0   2.55 MBytes       
[  5]   3.00-4.00   sec  46.9 MBytes   393 Mbits/sec    0   2.63 MBytes       
[  5]   4.00-5.00   sec  48.1 MBytes   404 Mbits/sec    0   2.68 MBytes       
[  5]   5.00-6.00   sec  48.5 MBytes   407 Mbits/sec    0   2.72 MBytes       
[  5]   6.00-7.00   sec  51.0 MBytes   428 Mbits/sec    0   2.75 MBytes       
[  5]   7.00-8.00   sec  51.2 MBytes   430 Mbits/sec    0   2.76 MBytes       
[  5]   8.00-9.00   sec  49.6 MBytes   416 Mbits/sec    0   2.77 MBytes       
[  5]   9.00-10.00  sec  49.9 MBytes   418 Mbits/sec    0   2.77 MBytes       
- - - - - - - - - - - - - - - - - - - - - - - - -
[ ID] Interval           Transfer     Bitrate         Retr
[  5]   0.00-10.00  sec   460 MBytes   385 Mbits/sec  724            sender
[  5]   0.00-10.06  sec   458 MBytes   382 Mbits/sec                  receiver

iperf Done.

Throughput: 385.0 Mbps
Retransmissions: 724
Measurement saved
iperf3 output:
Connecting to host 35.93.195.101, port 5201
[  5] local 172.31.22.33 port 53770 connected to 35.93.195.101 port 5201
[ ID] Interval           Transfer     Bitrate         Retr  Cwnd
[  5]   0.00-1.00   sec  25.8 MBytes   216 Mbits/sec  295   2.34 MBytes       
[  5]   1.00-2.00   sec  43.8 MBytes   367 Mbits/sec    0   2.54 MBytes       
[  5]   2.00-3.00   sec  34.8 MBytes   291 Mbits/sec  541   1.32 MBytes       
[  5]   3.00-4.00   sec  24.2 MBytes   203 Mbits/sec    0   1.41 MBytes       
[  5]   4.00-5.00   sec  26.6 MBytes   223 Mbits/sec    0   1.47 MBytes       
[  5]   5.00-6.00   sec  26.9 MBytes   225 Mbits/sec    0   1.51 MBytes       
[  5]   6.00-7.00   sec  28.8 MBytes   241 Mbits/sec    0   1.54 MBytes       
[  5]   7.00-8.00   sec  28.1 MBytes   236 Mbits/sec    0   1.56 MBytes       
[  5]   8.00-9.00   sec  21.0 MBytes   176 Mbits/sec   48   1.16 MBytes       
[  5]   9.00-10.00  sec  21.1 MBytes   177 Mbits/sec    0   1.22 MBytes       
- - - - - - - - - - - - - - - - - - - - - - - - -
[ ID] Interval           Transfer     Bitrate         Retr
[  5]   0.00-10.00  sec   281 MBytes   236 Mbits/sec  884            sender
[  5]   0.00-10.06  sec   279 MBytes   233 Mbits/sec                  receiver

iperf Done.

Throughput: 236.0 Mbps
Retransmissions: 884
Measurement saved
iperf3 output:
Connecting to host 35.93.195.101, port 5201
[  5] local 172.31.22.33 port 43742 connected to 35.93.195.101 port 5201
[ ID] Interval           Transfer     Bitrate         Retr  Cwnd
[  5]   0.00-1.00   sec  24.5 MBytes   205 Mbits/sec  493   2.52 MBytes       
[  5]   1.00-2.00   sec  43.8 MBytes   367 Mbits/sec    0   2.66 MBytes       
[  5]   2.00-3.00   sec  45.9 MBytes   385 Mbits/sec    0   2.77 MBytes       
[  5]   3.00-4.00   sec  48.1 MBytes   404 Mbits/sec    0   2.86 MBytes       
[  5]   4.00-5.00   sec  48.5 MBytes   407 Mbits/sec    0   2.92 MBytes       
[  5]   5.00-6.00   sec  50.8 MBytes   426 Mbits/sec    0   2.97 MBytes       
[  5]   6.00-7.00   sec  48.9 MBytes   410 Mbits/sec    0   3.00 MBytes       
[  5]   7.00-8.00   sec  50.6 MBytes   425 Mbits/sec    0   3.01 MBytes       
[  5]   8.00-9.00   sec  49.5 MBytes   415 Mbits/sec    0   3.02 MBytes       
[  5]   9.00-10.00  sec  50.4 MBytes   422 Mbits/sec    0   3.02 MBytes       
- - - - - - - - - - - - - - - - - - - - - - - - -
[ ID] Interval           Transfer     Bitrate         Retr
[  5]   0.00-10.00  sec   461 MBytes   387 Mbits/sec  493            sender
[  5]   0.00-10.06  sec   459 MBytes   383 Mbits/sec                  receiver

iperf Done.

Throughput: 387.0 Mbps
Retransmissions: 493
Measurement saved
iperf3 output:
Connecting to host 35.93.195.101, port 5201
[  5] local 172.31.22.33 port 34346 connected to 35.93.195.101 port 5201
[ ID] Interval           Transfer     Bitrate         Retr  Cwnd
[  5]   0.00-1.00   sec  24.1 MBytes   202 Mbits/sec  520   2.50 MBytes       
[  5]   1.00-2.00   sec  35.8 MBytes   300 Mbits/sec   17   2.16 MBytes       
[  5]   2.00-3.00   sec  38.8 MBytes   325 Mbits/sec    0   2.26 MBytes       
[  5]   3.00-4.00   sec  38.8 MBytes   325 Mbits/sec    0   2.34 MBytes       
[  5]   4.00-5.00   sec  39.6 MBytes   332 Mbits/sec    0   2.40 MBytes       
[  5]   5.00-6.00   sec  41.6 MBytes   349 Mbits/sec    0   2.43 MBytes       
[  5]   6.00-7.00   sec  41.0 MBytes   344 Mbits/sec    0   2.46 MBytes       
[  5]   7.00-8.00   sec  41.9 MBytes   351 Mbits/sec    0   2.47 MBytes       
[  5]   8.00-9.00   sec  43.1 MBytes   362 Mbits/sec    0   2.48 MBytes       
[  5]   9.00-10.00  sec  42.1 MBytes   353 Mbits/sec    0   2.48 MBytes       
- - - - - - - - - - - - - - - - - - - - - - - - -
[ ID] Interval           Transfer     Bitrate         Retr
[  5]   0.00-10.00  sec   387 MBytes   324 Mbits/sec  537            sender
[  5]   0.00-10.06  sec   385 MBytes   321 Mbits/sec                  receiver

iperf Done.

Throughput: 324.0 Mbps
Retransmissions: 537
Measurement saved
iperf3 output:
Connecting to host 35.93.195.101, port 5201
[  5] local 172.31.22.33 port 56606 connected to 35.93.195.101 port 5201
[ ID] Interval           Transfer     Bitrate         Retr  Cwnd
[  5]   0.00-1.00   sec  23.4 MBytes   196 Mbits/sec  412   2.19 MBytes       
[  5]   1.00-2.00   sec  28.2 MBytes   237 Mbits/sec  353   1.63 MBytes       
[  5]   2.00-3.00   sec  28.1 MBytes   236 Mbits/sec    0   1.72 MBytes       
[  5]   3.00-4.00   sec  30.1 MBytes   253 Mbits/sec    0   1.78 MBytes       
[  5]   4.00-5.00   sec  31.1 MBytes   261 Mbits/sec    0   1.83 MBytes       
[  5]   5.00-6.00   sec  30.5 MBytes   256 Mbits/sec    0   1.86 MBytes       
[  5]   6.00-7.00   sec  32.2 MBytes   271 Mbits/sec    0   1.88 MBytes       
[  5]   7.00-8.00   sec  32.0 MBytes   268 Mbits/sec    0   1.89 MBytes       
[  5]   8.00-9.00   sec  32.4 MBytes   272 Mbits/sec    0   1.89 MBytes       
[  5]   9.00-10.00  sec  31.8 MBytes   266 Mbits/sec    0   1.89 MBytes       
- - - - - - - - - - - - - - - - - - - - - - - - -
[ ID] Interval           Transfer     Bitrate         Retr
[  5]   0.00-10.00  sec   300 MBytes   252 Mbits/sec  765            sender
[  5]   0.00-10.06  sec   299 MBytes   249 Mbits/sec                  receiver

iperf Done.

Throughput: 252.0 Mbps
Retransmissions: 765
Measurement saved
iperf3 output:
Connecting to host 35.93.195.101, port 5201
[  5] local 172.31.22.33 port 57630 connected to 35.93.195.101 port 5201
[ ID] Interval           Transfer     Bitrate         Retr  Cwnd
[  5]   0.00-1.00   sec  22.1 MBytes   185 Mbits/sec  800   1.44 MBytes       
[  5]   1.00-2.00   sec  28.1 MBytes   236 Mbits/sec    0   1.55 MBytes       
[  5]   2.00-3.00   sec  28.4 MBytes   238 Mbits/sec    0   1.62 MBytes       
[  5]   3.00-4.00   sec  29.5 MBytes   247 Mbits/sec    0   1.67 MBytes       
[  5]   4.00-5.00   sec  30.5 MBytes   256 Mbits/sec    0   1.70 MBytes       
[  5]   5.00-6.00   sec  31.0 MBytes   260 Mbits/sec    0   1.72 MBytes       
[  5]   6.00-7.00   sec  30.1 MBytes   253 Mbits/sec    0   1.74 MBytes       
[  5]   7.00-8.00   sec  31.6 MBytes   265 Mbits/sec    0   1.74 MBytes       
[  5]   8.00-9.00   sec  31.6 MBytes   265 Mbits/sec    0   1.74 MBytes       
[  5]   9.00-10.00  sec  31.4 MBytes   263 Mbits/sec    0   1.74 MBytes       
- - - - - - - - - - - - - - - - - - - - - - - - -
[ ID] Interval           Transfer     Bitrate         Retr
[  5]   0.00-10.00  sec   296 MBytes   248 Mbits/sec  800            sender
[  5]   0.00-10.06  sec   294 MBytes   245 Mbits/sec                  receiver

iperf Done.

Throughput: 248.0 Mbps
Retransmissions: 800
Measurement saved
iperf3 output:
Connecting to host 35.93.195.101, port 5201
[  5] local 172.31.22.33 port 48400 connected to 35.93.195.101 port 5201
[ ID] Interval           Transfer     Bitrate         Retr  Cwnd
[  5]   0.00-1.00   sec  28.2 MBytes   237 Mbits/sec  410   2.31 MBytes       
[  5]   1.00-2.00   sec  44.0 MBytes   369 Mbits/sec    0   2.44 MBytes       
[  5]   2.00-3.00   sec  44.0 MBytes   369 Mbits/sec    0   2.55 MBytes       
[  5]   3.00-4.00   sec  46.9 MBytes   393 Mbits/sec    0   2.63 MBytes       
[  5]   4.00-5.00   sec  48.0 MBytes   403 Mbits/sec    0   2.69 MBytes       
[  5]   5.00-6.00   sec  49.6 MBytes   416 Mbits/sec    0   2.73 MBytes       
[  5]   6.00-7.00   sec  48.5 MBytes   407 Mbits/sec    0   2.76 MBytes       
[  5]   7.00-8.00   sec  52.0 MBytes   436 Mbits/sec    0   2.77 MBytes       
[  5]   8.00-9.00   sec  49.6 MBytes   416 Mbits/sec    0   2.78 MBytes       
[  5]   9.00-10.00  sec  50.9 MBytes   427 Mbits/sec    0   2.78 MBytes       
- - - - - - - - - - - - - - - - - - - - - - - - -
[ ID] Interval           Transfer     Bitrate         Retr
[  5]   0.00-10.00  sec   462 MBytes   387 Mbits/sec  410            sender
[  5]   0.00-10.06  sec   461 MBytes   384 Mbits/sec                  receiver

iperf Done.

Throughput: 387.0 Mbps
Retransmissions: 410
Measurement saved
iperf3 output:
Connecting to host 35.93.195.101, port 5201
[  5] local 172.31.22.33 port 48448 connected to 35.93.195.101 port 5201
[ ID] Interval           Transfer     Bitrate         Retr  Cwnd
[  5]   0.00-1.00   sec  31.5 MBytes   264 Mbits/sec  306   2.82 MBytes       
[  5]   1.00-2.00   sec  41.2 MBytes   346 Mbits/sec   14   1.48 MBytes       
[  5]   2.00-3.00   sec  27.1 MBytes   228 Mbits/sec    0   1.58 MBytes       
[  5]   3.00-4.00   sec  29.0 MBytes   243 Mbits/sec    0   1.65 MBytes       
[  5]   4.00-5.00   sec  30.5 MBytes   256 Mbits/sec    0   1.70 MBytes       
[  5]   5.00-6.00   sec  31.2 MBytes   262 Mbits/sec    0   1.74 MBytes       
[  5]   6.00-7.00   sec  31.8 MBytes   266 Mbits/sec    0   1.76 MBytes       
[  5]   7.00-8.00   sec  32.5 MBytes   273 Mbits/sec    0   1.77 MBytes       
[  5]   8.00-9.00   sec  31.8 MBytes   266 Mbits/sec    0   1.77 MBytes       
[  5]   9.00-10.00  sec  31.4 MBytes   263 Mbits/sec    0   1.77 MBytes       
- - - - - - - - - - - - - - - - - - - - - - - - -
[ ID] Interval           Transfer     Bitrate         Retr
[  5]   0.00-10.00  sec   318 MBytes   267 Mbits/sec  320            sender
[  5]   0.00-10.06  sec   317 MBytes   264 Mbits/sec                  receiver

iperf Done.

Throughput: 267.0 Mbps
Retransmissions: 320
Measurement saved
iperf3 output:
Connecting to host 35.93.195.101, port 5201
[  5] local 172.31.22.33 port 58534 connected to 35.93.195.101 port 5201
[ ID] Interval           Transfer     Bitrate         Retr  Cwnd
[  5]   0.00-1.00   sec  25.5 MBytes   214 Mbits/sec  359   2.69 MBytes       
[  5]   1.00-2.00   sec  47.6 MBytes   400 Mbits/sec    0   2.92 MBytes       
[  5]   2.00-3.00   sec  46.8 MBytes   392 Mbits/sec   35   2.18 MBytes       
[  5]   3.00-4.00   sec  39.1 MBytes   328 Mbits/sec    0   2.30 MBytes       
[  5]   4.00-5.00   sec  41.4 MBytes   347 Mbits/sec    0   2.39 MBytes       
[  5]   5.00-6.00   sec  41.2 MBytes   346 Mbits/sec    0   2.46 MBytes       
[  5]   6.00-7.00   sec  44.5 MBytes   373 Mbits/sec    0   2.51 MBytes       
[  5]   7.00-8.00   sec  43.0 MBytes   361 Mbits/sec    0   2.54 MBytes       
[  5]   8.00-9.00   sec  46.2 MBytes   388 Mbits/sec    0   2.56 MBytes       
[  5]   9.00-10.00  sec  43.8 MBytes   367 Mbits/sec    0   2.57 MBytes       
- - - - - - - - - - - - - - - - - - - - - - - - -
[ ID] Interval           Transfer     Bitrate         Retr
[  5]   0.00-10.00  sec   419 MBytes   352 Mbits/sec  394            sender
[  5]   0.00-10.06  sec   418 MBytes   349 Mbits/sec                  receiver

iperf Done.

Throughput: 352.0 Mbps
Retransmissions: 394
Measurement saved
iperf3 output:
Connecting to host 35.93.195.101, port 5201
[  5] local 172.31.22.33 port 57692 connected to 35.93.195.101 port 5201
[ ID] Interval           Transfer     Bitrate         Retr  Cwnd
[  5]   0.00-1.00   sec  22.8 MBytes   191 Mbits/sec  832   1.97 MBytes       
[  5]   1.00-2.00   sec  37.0 MBytes   310 Mbits/sec    0   2.08 MBytes       
[  5]   2.00-3.00   sec  38.5 MBytes   323 Mbits/sec    0   2.17 MBytes       
[  5]   3.00-4.00   sec  40.1 MBytes   337 Mbits/sec    0   2.24 MBytes       
[  5]   4.00-5.00   sec  42.4 MBytes   355 Mbits/sec    0   2.28 MBytes       
[  5]   5.00-6.00   sec  41.4 MBytes   347 Mbits/sec    0   2.31 MBytes       
[  5]   6.00-7.00   sec  41.2 MBytes   346 Mbits/sec    0   2.34 MBytes       
[  5]   7.00-8.00   sec  43.4 MBytes   364 Mbits/sec    0   2.34 MBytes       
[  5]   8.00-9.00   sec  43.6 MBytes   366 Mbits/sec    0   2.35 MBytes       
[  5]   9.00-10.00  sec  41.6 MBytes   349 Mbits/sec    0   2.35 MBytes       
- - - - - - - - - - - - - - - - - - - - - - - - -
[ ID] Interval           Transfer     Bitrate         Retr
[  5]   0.00-10.00  sec   392 MBytes   329 Mbits/sec  832            sender
[  5]   0.00-10.06  sec   391 MBytes   326 Mbits/sec                  receiver

iperf Done.

Throughput: 329.0 Mbps
Retransmissions: 832
Measurement saved
iperf3 output:
Connecting to host 35.93.195.101, port 5201
[  5] local 172.31.22.33 port 35320 connected to 35.93.195.101 port 5201
[ ID] Interval           Transfer     Bitrate         Retr  Cwnd
[  5]   0.00-1.00   sec  23.0 MBytes   193 Mbits/sec  602   1.81 MBytes       
[  5]   1.00-2.00   sec  33.1 MBytes   278 Mbits/sec    0   1.92 MBytes       
[  5]   2.00-3.00   sec  35.5 MBytes   298 Mbits/sec    0   2.00 MBytes       
[  5]   3.00-4.00   sec  36.2 MBytes   304 Mbits/sec    0   2.06 MBytes       
[  5]   4.00-5.00   sec  37.9 MBytes   318 Mbits/sec    0   2.10 MBytes       
[  5]   5.00-6.00   sec  38.5 MBytes   323 Mbits/sec    0   2.13 MBytes       
[  5]   6.00-7.00   sec  38.5 MBytes   323 Mbits/sec    0   2.14 MBytes       
[  5]   7.00-8.00   sec  38.4 MBytes   322 Mbits/sec    0   2.15 MBytes       
[  5]   8.00-9.00   sec  39.4 MBytes   330 Mbits/sec    0   2.15 MBytes       
[  5]   9.00-10.00  sec  40.0 MBytes   335 Mbits/sec    0   2.15 MBytes       
- - - - - - - - - - - - - - - - - - - - - - - - -
[ ID] Interval           Transfer     Bitrate         Retr
[  5]   0.00-10.00  sec   360 MBytes   302 Mbits/sec  602            sender
[  5]   0.00-10.06  sec   359 MBytes   299 Mbits/sec                  receiver

iperf Done.

Throughput: 302.0 Mbps
Retransmissions: 602
Measurement saved
iperf3 output:
Connecting to host 35.93.195.101, port 5201
[  5] local 172.31.22.33 port 58958 connected to 35.93.195.101 port 5201
[ ID] Interval           Transfer     Bitrate         Retr  Cwnd
[  5]   0.00-1.00   sec  22.8 MBytes   191 Mbits/sec  432   1.84 MBytes       
[  5]   1.00-2.00   sec  24.9 MBytes   209 Mbits/sec  539   1.37 MBytes       
[  5]   2.00-3.00   sec  25.2 MBytes   212 Mbits/sec    0   1.44 MBytes       
[  5]   3.00-4.00   sec  26.0 MBytes   218 Mbits/sec    0   1.50 MBytes       
[  5]   4.00-5.00   sec  27.2 MBytes   229 Mbits/sec    0   1.53 MBytes       
[  5]   5.00-6.00   sec  27.2 MBytes   229 Mbits/sec    0   1.56 MBytes       
[  5]   6.00-7.00   sec  29.4 MBytes   246 Mbits/sec    0   1.57 MBytes       
[  5]   7.00-8.00   sec  28.4 MBytes   238 Mbits/sec    0   1.57 MBytes       
[  5]   8.00-9.00   sec  28.2 MBytes   237 Mbits/sec    0   1.57 MBytes       
[  5]   9.00-10.00  sec  28.5 MBytes   239 Mbits/sec    0   1.57 MBytes       
- - - - - - - - - - - - - - - - - - - - - - - - -
[ ID] Interval           Transfer     Bitrate         Retr
[  5]   0.00-10.00  sec   269 MBytes   226 Mbits/sec  971            sender
[  5]   0.00-10.06  sec   267 MBytes   222 Mbits/sec                  receiver

iperf Done.

Throughput: 226.0 Mbps
Retransmissions: 971
Measurement saved
iperf3 output:
Connecting to host 35.93.195.101, port 5201
[  5] local 172.31.22.33 port 33284 connected to 35.93.195.101 port 5201
[ ID] Interval           Transfer     Bitrate         Retr  Cwnd
[  5]   0.00-1.00   sec  20.2 MBytes   170 Mbits/sec  450   1.77 MBytes       
[  5]   1.00-2.00   sec  30.2 MBytes   254 Mbits/sec    0   1.88 MBytes       
[  5]   2.00-3.00   sec  33.2 MBytes   279 Mbits/sec    0   1.97 MBytes       
[  5]   3.00-4.00   sec  34.4 MBytes   288 Mbits/sec    0   2.03 MBytes       
[  5]   4.00-5.00   sec  35.6 MBytes   299 Mbits/sec    0   2.07 MBytes       
[  5]   5.00-6.00   sec  29.5 MBytes   247 Mbits/sec    6   1.52 MBytes       
[  5]   6.00-7.00   sec  27.1 MBytes   228 Mbits/sec    0   1.61 MBytes       
[  5]   7.00-8.00   sec  26.8 MBytes   224 Mbits/sec    0   1.67 MBytes       
[  5]   8.00-9.00   sec  30.1 MBytes   253 Mbits/sec    0   1.71 MBytes       
[  5]   9.00-10.00  sec  28.2 MBytes   237 Mbits/sec    0   1.74 MBytes       
- - - - - - - - - - - - - - - - - - - - - - - - -
[ ID] Interval           Transfer     Bitrate         Retr
[  5]   0.00-10.00  sec   296 MBytes   248 Mbits/sec  456            sender
[  5]   0.00-10.06  sec   294 MBytes   246 Mbits/sec                  receiver

iperf Done.

Throughput: 248.0 Mbps
Retransmissions: 456
Measurement saved
iperf3 output:
Connecting to host 35.93.195.101, port 5201
[  5] local 172.31.22.33 port 60962 connected to 35.93.195.101 port 5201
[ ID] Interval           Transfer     Bitrate         Retr  Cwnd
[  5]   0.00-1.00   sec  22.9 MBytes   192 Mbits/sec  553   1.76 MBytes       
[  5]   1.00-2.00   sec  27.1 MBytes   227 Mbits/sec   47   1.31 MBytes       
[  5]   2.00-3.00   sec  20.5 MBytes   172 Mbits/sec   90   1000 KBytes       
[  5]   3.00-4.00   sec  18.4 MBytes   154 Mbits/sec    0   1.05 MBytes       
[  5]   4.00-5.00   sec  19.6 MBytes   165 Mbits/sec    0   1.10 MBytes       
[  5]   5.00-6.00   sec  20.8 MBytes   174 Mbits/sec    0   1.13 MBytes       
[  5]   6.00-7.00   sec  21.0 MBytes   176 Mbits/sec    0   1.15 MBytes       
[  5]   7.00-8.00   sec  20.6 MBytes   173 Mbits/sec    0   1.16 MBytes       
[  5]   8.00-9.00   sec  20.8 MBytes   174 Mbits/sec    0   1.16 MBytes       
[  5]   9.00-10.00  sec  20.9 MBytes   175 Mbits/sec    0   1.16 MBytes       
- - - - - - - - - - - - - - - - - - - - - - - - -
[ ID] Interval           Transfer     Bitrate         Retr
[  5]   0.00-10.00  sec   212 MBytes   178 Mbits/sec  690            sender
[  5]   0.00-10.06  sec   211 MBytes   176 Mbits/sec                  receiver

iperf Done.

Throughput: 178.0 Mbps
Retransmissions: 690
Measurement saved
iperf3 output:
Connecting to host 35.93.195.101, port 5201
[  5] local 172.31.22.33 port 54316 connected to 35.93.195.101 port 5201
[ ID] Interval           Transfer     Bitrate         Retr  Cwnd
[  5]   0.00-1.00   sec  23.5 MBytes   197 Mbits/sec  509   1.67 MBytes       
[  5]   1.00-2.00   sec  31.5 MBytes   264 Mbits/sec    0   1.78 MBytes       
[  5]   2.00-3.00   sec  32.9 MBytes   276 Mbits/sec    0   1.86 MBytes       
[  5]   3.00-4.00   sec  32.9 MBytes   276 Mbits/sec    0   1.92 MBytes       
[  5]   4.00-5.00   sec  35.2 MBytes   296 Mbits/sec    0   1.97 MBytes       
[  5]   5.00-6.00   sec  36.6 MBytes   307 Mbits/sec    0   2.00 MBytes       
[  5]   6.00-7.00   sec  36.0 MBytes   302 Mbits/sec    0   2.01 MBytes       
[  5]   7.00-8.00   sec  37.4 MBytes   314 Mbits/sec    0   2.02 MBytes       
[  5]   8.00-9.00   sec  36.1 MBytes   303 Mbits/sec    0   2.02 MBytes       
[  5]   9.00-10.00  sec  37.6 MBytes   316 Mbits/sec    0   2.02 MBytes       
- - - - - - - - - - - - - - - - - - - - - - - - -
[ ID] Interval           Transfer     Bitrate         Retr
[  5]   0.00-10.00  sec   340 MBytes   285 Mbits/sec  509            sender
[  5]   0.00-10.06  sec   338 MBytes   282 Mbits/sec                  receiver

iperf Done.

Throughput: 285.0 Mbps
Retransmissions: 509
Measurement saved
iperf3 output:
Connecting to host 35.93.195.101, port 5201
[  5] local 172.31.22.33 port 48658 connected to 35.93.195.101 port 5201
[ ID] Interval           Transfer     Bitrate         Retr  Cwnd
[  5]   0.00-1.00   sec  18.8 MBytes   157 Mbits/sec  991   1.23 MBytes       
[  5]   1.00-2.00   sec  22.2 MBytes   187 Mbits/sec    0   1.31 MBytes       
[  5]   2.00-3.00   sec  24.9 MBytes   209 Mbits/sec    0   1.37 MBytes       
[  5]   3.00-4.00   sec  25.4 MBytes   213 Mbits/sec    0   1.42 MBytes       
[  5]   4.00-5.00   sec  25.6 MBytes   215 Mbits/sec    0   1.44 MBytes       
[  5]   5.00-6.00   sec  27.1 MBytes   228 Mbits/sec    0   1.46 MBytes       
[  5]   6.00-7.00   sec  27.0 MBytes   226 Mbits/sec    0   1.47 MBytes       
[  5]   7.00-8.00   sec  25.8 MBytes   216 Mbits/sec    0   1.47 MBytes       
[  5]   8.00-9.00   sec  27.0 MBytes   226 Mbits/sec    0   1.47 MBytes       
[  5]   9.00-10.00  sec  27.9 MBytes   234 Mbits/sec    0   1.47 MBytes       
- - - - - - - - - - - - - - - - - - - - - - - - -
[ ID] Interval           Transfer     Bitrate         Retr
[  5]   0.00-10.00  sec   252 MBytes   211 Mbits/sec  991            sender
[  5]   0.00-10.06  sec   249 MBytes   208 Mbits/sec                  receiver

iperf Done.

Throughput: 211.0 Mbps
Retransmissions: 991
Measurement saved
iperf3 output:
Connecting to host 35.93.195.101, port 5201
[  5] local 172.31.22.33 port 57952 connected to 35.93.195.101 port 5201
[ ID] Interval           Transfer     Bitrate         Retr  Cwnd
[  5]   0.00-1.00   sec  23.6 MBytes   198 Mbits/sec  552   1.93 MBytes       
[  5]   1.00-2.00   sec  35.6 MBytes   299 Mbits/sec    0   2.04 MBytes       
[  5]   2.00-3.00   sec  37.9 MBytes   318 Mbits/sec    0   2.13 MBytes       
[  5]   3.00-4.00   sec  39.6 MBytes   332 Mbits/sec    0   2.19 MBytes       
[  5]   4.00-5.00   sec  39.4 MBytes   330 Mbits/sec    0   2.24 MBytes       
[  5]   5.00-6.00   sec  41.0 MBytes   344 Mbits/sec    0   2.27 MBytes       
[  5]   6.00-7.00   sec  40.2 MBytes   338 Mbits/sec    0   2.29 MBytes       
[  5]   7.00-8.00   sec  41.6 MBytes   349 Mbits/sec    0   2.29 MBytes       
[  5]   8.00-9.00   sec  41.6 MBytes   349 Mbits/sec    0   2.30 MBytes       
[  5]   9.00-10.00  sec  41.4 MBytes   347 Mbits/sec    0   2.30 MBytes       
- - - - - - - - - - - - - - - - - - - - - - - - -
[ ID] Interval           Transfer     Bitrate         Retr
[  5]   0.00-10.00  sec   384 MBytes   322 Mbits/sec  552            sender
[  5]   0.00-10.06  sec   382 MBytes   319 Mbits/sec                  receiver

iperf Done.

Throughput: 322.0 Mbps
Retransmissions: 552
Measurement saved
iperf3 output:
Connecting to host 35.93.195.101, port 5201
[  5] local 172.31.22.33 port 45668 connected to 35.93.195.101 port 5201
[ ID] Interval           Transfer     Bitrate         Retr  Cwnd
[  5]   0.00-1.00   sec  24.0 MBytes   201 Mbits/sec  669   1.82 MBytes       
[  5]   1.00-2.00   sec  29.1 MBytes   244 Mbits/sec  707   1.35 MBytes       
[  5]   2.00-3.00   sec  25.1 MBytes   211 Mbits/sec    0   1.43 MBytes       
[  5]   3.00-4.00   sec  21.6 MBytes   181 Mbits/sec  138   1.07 MBytes       
[  5]   4.00-5.00   sec  21.4 MBytes   179 Mbits/sec    0   1.14 MBytes       
[  5]   5.00-6.00   sec  20.0 MBytes   168 Mbits/sec    0   1.18 MBytes       
[  5]   6.00-7.00   sec  21.9 MBytes   184 Mbits/sec    0   1.21 MBytes       
[  5]   7.00-8.00   sec  22.8 MBytes   191 Mbits/sec    0   1.23 MBytes       
[  5]   8.00-9.00   sec  23.1 MBytes   194 Mbits/sec    0   1.24 MBytes       
[  5]   9.00-10.00  sec  21.6 MBytes   181 Mbits/sec    0   1.24 MBytes       
- - - - - - - - - - - - - - - - - - - - - - - - -
[ ID] Interval           Transfer     Bitrate         Retr
[  5]   0.00-10.00  sec   231 MBytes   193 Mbits/sec  1514            sender
[  5]   0.00-10.06  sec   229 MBytes   191 Mbits/sec                  receiver

iperf Done.

Throughput: 193.0 Mbps
Retransmissions: 1514
Measurement saved
iperf3 output:
Connecting to host 35.93.195.101, port 5201
[  5] local 172.31.22.33 port 53416 connected to 35.93.195.101 port 5201
[ ID] Interval           Transfer     Bitrate         Retr  Cwnd
[  5]   0.00-1.00   sec  21.0 MBytes   176 Mbits/sec  826   2.40 MBytes       
[  5]   1.00-2.00   sec  39.4 MBytes   330 Mbits/sec    0   2.53 MBytes       
[  5]   2.00-3.00   sec  43.4 MBytes   364 Mbits/sec    0   2.64 MBytes       
[  5]   3.00-4.00   sec  43.1 MBytes   362 Mbits/sec    0   2.72 MBytes       
[  5]   4.00-5.00   sec  45.6 MBytes   383 Mbits/sec    0   2.79 MBytes       
[  5]   5.00-6.00   sec  46.0 MBytes   386 Mbits/sec    0   2.83 MBytes       
[  5]   6.00-7.00   sec  47.2 MBytes   396 Mbits/sec    0   2.86 MBytes       
[  5]   7.00-8.00   sec  46.2 MBytes   388 Mbits/sec    0   2.87 MBytes       
[  5]   8.00-9.00   sec  47.5 MBytes   398 Mbits/sec    0   2.88 MBytes       
[  5]   9.00-10.00  sec  46.0 MBytes   386 Mbits/sec    0   2.88 MBytes       
- - - - - - - - - - - - - - - - - - - - - - - - -
[ ID] Interval           Transfer     Bitrate         Retr
[  5]   0.00-10.00  sec   426 MBytes   357 Mbits/sec  826            sender
[  5]   0.00-10.06  sec   425 MBytes   355 Mbits/sec                  receiver

iperf Done.

Throughput: 357.0 Mbps
Retransmissions: 826
Measurement saved
iperf3 output:
Connecting to host 35.93.195.101, port 5201
[  5] local 172.31.22.33 port 54036 connected to 35.93.195.101 port 5201
[ ID] Interval           Transfer     Bitrate         Retr  Cwnd
[  5]   0.00-1.00   sec  22.6 MBytes   190 Mbits/sec  457   2.12 MBytes       
[  5]   1.00-2.00   sec  36.9 MBytes   309 Mbits/sec    0   2.24 MBytes       
[  5]   2.00-3.00   sec  39.9 MBytes   334 Mbits/sec    0   2.34 MBytes       
[  5]   3.00-4.00   sec  40.0 MBytes   336 Mbits/sec    0   2.41 MBytes       
[  5]   4.00-5.00   sec  40.8 MBytes   342 Mbits/sec    0   2.46 MBytes       
[  5]   5.00-6.00   sec  37.5 MBytes   315 Mbits/sec   46   1.79 MBytes       
[  5]   6.00-7.00   sec  31.4 MBytes   263 Mbits/sec    0   1.89 MBytes       
[  5]   7.00-8.00   sec  32.1 MBytes   269 Mbits/sec    0   1.97 MBytes       
[  5]   8.00-9.00   sec  32.9 MBytes   276 Mbits/sec    0   2.03 MBytes       
[  5]   9.00-10.00  sec  34.9 MBytes   292 Mbits/sec    0   2.07 MBytes       
- - - - - - - - - - - - - - - - - - - - - - - - -
[ ID] Interval           Transfer     Bitrate         Retr
[  5]   0.00-10.00  sec   349 MBytes   293 Mbits/sec  503            sender
[  5]   0.00-10.06  sec   347 MBytes   290 Mbits/sec                  receiver

iperf Done.

Throughput: 293.0 Mbps
Retransmissions: 503
Measurement saved
iperf3 output:
Connecting to host 35.93.195.101, port 5201
[  5] local 172.31.22.33 port 53598 connected to 35.93.195.101 port 5201
[ ID] Interval           Transfer     Bitrate         Retr  Cwnd
[  5]   0.00-1.00   sec  24.2 MBytes   203 Mbits/sec  417   1.81 MBytes       
[  5]   1.00-2.00   sec  32.6 MBytes   274 Mbits/sec    0   1.91 MBytes       
[  5]   2.00-3.00   sec  35.0 MBytes   294 Mbits/sec    0   2.00 MBytes       
[  5]   3.00-4.00   sec  36.8 MBytes   308 Mbits/sec    0   2.06 MBytes       
[  5]   4.00-5.00   sec  31.1 MBytes   261 Mbits/sec    3   1.52 MBytes       
[  5]   5.00-6.00   sec  28.2 MBytes   237 Mbits/sec    0   1.60 MBytes       
[  5]   6.00-7.00   sec  28.9 MBytes   242 Mbits/sec    0   1.67 MBytes       
[  5]   7.00-8.00   sec  31.8 MBytes   266 Mbits/sec    0   1.71 MBytes       
[  5]   8.00-9.00   sec  31.8 MBytes   266 Mbits/sec    0   1.74 MBytes       
[  5]   9.00-10.00  sec  31.2 MBytes   262 Mbits/sec    0   1.75 MBytes       
- - - - - - - - - - - - - - - - - - - - - - - - -
[ ID] Interval           Transfer     Bitrate         Retr
[  5]   0.00-10.00  sec   312 MBytes   261 Mbits/sec  420            sender
[  5]   0.00-10.06  sec   310 MBytes   259 Mbits/sec                  receiver

iperf Done.

Throughput: 261.0 Mbps
Retransmissions: 420
Measurement saved
iperf3 output:
Connecting to host 35.93.195.101, port 5201
[  5] local 172.31.22.33 port 58350 connected to 35.93.195.101 port 5201
[ ID] Interval           Transfer     Bitrate         Retr  Cwnd
[  5]   0.00-1.00   sec  24.1 MBytes   202 Mbits/sec  938   1.96 MBytes       
[  5]   1.00-2.00   sec  27.8 MBytes   233 Mbits/sec  632   1.46 MBytes       
[  5]   2.00-3.00   sec  24.9 MBytes   209 Mbits/sec   15   1.09 MBytes       
[  5]   3.00-4.00   sec  20.1 MBytes   169 Mbits/sec    0   1.16 MBytes       
[  5]   4.00-5.00   sec  22.4 MBytes   188 Mbits/sec    0   1.21 MBytes       
[  5]   5.00-6.00   sec  22.5 MBytes   189 Mbits/sec    0   1.25 MBytes       
[  5]   6.00-7.00   sec  22.1 MBytes   186 Mbits/sec    0   1.27 MBytes       
[  5]   7.00-8.00   sec  23.8 MBytes   199 Mbits/sec    0   1.29 MBytes       
[  5]   8.00-9.00   sec  23.8 MBytes   199 Mbits/sec    0   1.29 MBytes       
[  5]   9.00-10.00  sec  22.6 MBytes   190 Mbits/sec    0   1.29 MBytes       
- - - - - - - - - - - - - - - - - - - - - - - - -
[ ID] Interval           Transfer     Bitrate         Retr
[  5]   0.00-10.00  sec   234 MBytes   196 Mbits/sec  1585            sender
[  5]   0.00-10.06  sec   232 MBytes   194 Mbits/sec                  receiver

iperf Done.

Throughput: 196.0 Mbps
Retransmissions: 1585
Measurement saved
iperf3 output:
Connecting to host 35.93.195.101, port 5201
[  5] local 172.31.22.33 port 37776 connected to 35.93.195.101 port 5201
[ ID] Interval           Transfer     Bitrate         Retr  Cwnd
[  5]   0.00-1.00   sec  28.9 MBytes   242 Mbits/sec  543   2.22 MBytes       
[  5]   1.00-2.00   sec  40.6 MBytes   341 Mbits/sec    0   2.34 MBytes       
[  5]   2.00-3.00   sec  42.1 MBytes   353 Mbits/sec    0   2.43 MBytes       
[  5]   3.00-4.00   sec  45.2 MBytes   380 Mbits/sec    0   2.50 MBytes       
[  5]   4.00-5.00   sec  46.0 MBytes   386 Mbits/sec    0   2.56 MBytes       
[  5]   5.00-6.00   sec  46.9 MBytes   393 Mbits/sec    0   2.59 MBytes       
[  5]   6.00-7.00   sec  47.6 MBytes   400 Mbits/sec    0   2.62 MBytes       
[  5]   7.00-8.00   sec  47.1 MBytes   395 Mbits/sec    0   2.63 MBytes       
[  5]   8.00-9.00   sec  47.9 MBytes   402 Mbits/sec    0   2.63 MBytes       
[  5]   9.00-10.00  sec  47.8 MBytes   400 Mbits/sec    0   2.63 MBytes       
- - - - - - - - - - - - - - - - - - - - - - - - -
[ ID] Interval           Transfer     Bitrate         Retr
[  5]   0.00-10.00  sec   440 MBytes   369 Mbits/sec  543            sender
[  5]   0.00-10.06  sec   439 MBytes   366 Mbits/sec                  receiver

iperf Done.

Throughput: 369.0 Mbps
Retransmissions: 543
Measurement saved
iperf3 output:
Connecting to host 35.93.195.101, port 5201
[  5] local 172.31.22.33 port 36390 connected to 35.93.195.101 port 5201
[ ID] Interval           Transfer     Bitrate         Retr  Cwnd
[  5]   0.00-1.00   sec  24.8 MBytes   207 Mbits/sec  430   1.96 MBytes       
[  5]   1.00-2.00   sec  36.4 MBytes   305 Mbits/sec    0   2.08 MBytes       
[  5]   2.00-3.00   sec  36.2 MBytes   304 Mbits/sec    0   2.17 MBytes       
[  5]   3.00-4.00   sec  39.9 MBytes   335 Mbits/sec    0   2.23 MBytes       
[  5]   4.00-5.00   sec  37.4 MBytes   314 Mbits/sec    0   2.28 MBytes       
[  5]   5.00-6.00   sec  41.6 MBytes   349 Mbits/sec    0   2.31 MBytes       
[  5]   6.00-7.00   sec  41.8 MBytes   350 Mbits/sec    0   2.33 MBytes       
[  5]   7.00-8.00   sec  40.4 MBytes   339 Mbits/sec    0   2.34 MBytes       
[  5]   8.00-9.00   sec  42.1 MBytes   353 Mbits/sec    0   2.34 MBytes       
[  5]   9.00-10.00  sec  39.0 MBytes   327 Mbits/sec    0   2.34 MBytes       
- - - - - - - - - - - - - - - - - - - - - - - - -
[ ID] Interval           Transfer     Bitrate         Retr
[  5]   0.00-10.00  sec   380 MBytes   318 Mbits/sec  430            sender
[  5]   0.00-10.06  sec   379 MBytes   316 Mbits/sec                  receiver

iperf Done.

Throughput: 318.0 Mbps
Retransmissions: 430
Measurement saved
iperf3 output:
Connecting to host 35.93.195.101, port 5201
[  5] local 172.31.22.33 port 48960 connected to 35.93.195.101 port 5201
[ ID] Interval           Transfer     Bitrate         Retr  Cwnd
[  5]   0.00-1.00   sec  17.4 MBytes   146 Mbits/sec  351   1.03 MBytes       
[  5]   1.00-2.00   sec  19.8 MBytes   166 Mbits/sec    0   1.10 MBytes       
[  5]   2.00-3.00   sec  19.6 MBytes   165 Mbits/sec    0   1.15 MBytes       
[  5]   3.00-4.00   sec  20.8 MBytes   174 Mbits/sec    0   1.18 MBytes       
[  5]   4.00-5.00   sec  22.2 MBytes   187 Mbits/sec    0   1.21 MBytes       
[  5]   5.00-6.00   sec  21.0 MBytes   176 Mbits/sec    0   1.22 MBytes       
[  5]   6.00-7.00   sec  22.4 MBytes   188 Mbits/sec    0   1.22 MBytes       
[  5]   7.00-8.00   sec  22.2 MBytes   187 Mbits/sec    0   1.22 MBytes       
[  5]   8.00-9.00   sec  22.2 MBytes   187 Mbits/sec    0   1.22 MBytes       
[  5]   9.00-10.00  sec  22.2 MBytes   187 Mbits/sec    0   1.22 MBytes       
- - - - - - - - - - - - - - - - - - - - - - - - -
[ ID] Interval           Transfer     Bitrate         Retr
[  5]   0.00-10.00  sec   210 MBytes   176 Mbits/sec  351            sender
[  5]   0.00-10.06  sec   208 MBytes   173 Mbits/sec                  receiver

iperf Done.

Throughput: 176.0 Mbps
Retransmissions: 351
Measurement saved
iperf3 output:
Connecting to host 35.93.195.101, port 5201
[  5] local 172.31.22.33 port 39198 connected to 35.93.195.101 port 5201
[ ID] Interval           Transfer     Bitrate         Retr  Cwnd
[  5]   0.00-1.00   sec  23.0 MBytes   193 Mbits/sec  523   1.79 MBytes       
[  5]   1.00-2.00   sec  34.1 MBytes   286 Mbits/sec    0   1.89 MBytes       
[  5]   2.00-3.00   sec  34.4 MBytes   288 Mbits/sec    0   1.98 MBytes       
[  5]   3.00-4.00   sec  35.4 MBytes   297 Mbits/sec    0   2.04 MBytes       
[  5]   4.00-5.00   sec  39.6 MBytes   332 Mbits/sec    0   2.08 MBytes       
[  5]   5.00-6.00   sec  38.2 MBytes   321 Mbits/sec    0   2.11 MBytes       
[  5]   6.00-7.00   sec  37.1 MBytes   311 Mbits/sec    0   2.12 MBytes       
[  5]   7.00-8.00   sec  39.5 MBytes   331 Mbits/sec    0   2.13 MBytes       
[  5]   8.00-9.00   sec  38.6 MBytes   324 Mbits/sec    0   2.13 MBytes       
[  5]   9.00-10.00  sec  39.1 MBytes   328 Mbits/sec    0   2.13 MBytes       
- - - - - - - - - - - - - - - - - - - - - - - - -
[ ID] Interval           Transfer     Bitrate         Retr
[  5]   0.00-10.00  sec   359 MBytes   301 Mbits/sec  523            sender
[  5]   0.00-10.06  sec   358 MBytes   299 Mbits/sec                  receiver

iperf Done.

Throughput: 301.0 Mbps
Retransmissions: 523
Measurement saved
iperf3 output:
Connecting to host 35.93.195.101, port 5201
[  5] local 172.31.22.33 port 46788 connected to 35.93.195.101 port 5201
[ ID] Interval           Transfer     Bitrate         Retr  Cwnd
[  5]   0.00-1.00   sec  26.1 MBytes   219 Mbits/sec  220   2.11 MBytes       
[  5]   1.00-2.00   sec  39.2 MBytes   329 Mbits/sec    0   2.23 MBytes       
[  5]   2.00-3.00   sec  40.2 MBytes   338 Mbits/sec    0   2.32 MBytes       
[  5]   3.00-4.00   sec  43.0 MBytes   361 Mbits/sec    0   2.39 MBytes       
[  5]   4.00-5.00   sec  42.9 MBytes   360 Mbits/sec    0   2.43 MBytes       
[  5]   5.00-6.00   sec  34.2 MBytes   287 Mbits/sec   17   1.80 MBytes       
[  5]   6.00-7.00   sec  33.4 MBytes   280 Mbits/sec    0   1.89 MBytes       
[  5]   7.00-8.00   sec  34.9 MBytes   293 Mbits/sec    0   1.96 MBytes       
[  5]   8.00-9.00   sec  37.1 MBytes   311 Mbits/sec    0   2.01 MBytes       
[  5]   9.00-10.00  sec  36.5 MBytes   306 Mbits/sec    0   2.04 MBytes       
- - - - - - - - - - - - - - - - - - - - - - - - -
[ ID] Interval           Transfer     Bitrate         Retr
[  5]   0.00-10.00  sec   368 MBytes   308 Mbits/sec  237            sender
[  5]   0.00-10.06  sec   366 MBytes   306 Mbits/sec                  receiver

iperf Done.

Throughput: 308.0 Mbps
Retransmissions: 237
Measurement saved
iperf3 output:
Connecting to host 35.93.195.101, port 5201
[  5] local 172.31.22.33 port 60208 connected to 35.93.195.101 port 5201
[ ID] Interval           Transfer     Bitrate         Retr  Cwnd
[  5]   0.00-1.00   sec  19.9 MBytes   167 Mbits/sec  434   2.13 MBytes       
[  5]   1.00-2.00   sec  35.1 MBytes   295 Mbits/sec    0   2.26 MBytes       
[  5]   2.00-3.00   sec  39.0 MBytes   327 Mbits/sec    0   2.36 MBytes       
[  5]   3.00-4.00   sec  38.0 MBytes   319 Mbits/sec    0   2.44 MBytes       
[  5]   4.00-5.00   sec  40.8 MBytes   342 Mbits/sec    0   2.50 MBytes       
[  5]   5.00-6.00   sec  41.0 MBytes   344 Mbits/sec    0   2.53 MBytes       
[  5]   6.00-7.00   sec  41.9 MBytes   351 Mbits/sec    0   2.56 MBytes       
[  5]   7.00-8.00   sec  43.2 MBytes   363 Mbits/sec    0   2.57 MBytes       
[  5]   8.00-9.00   sec  41.2 MBytes   346 Mbits/sec    0   2.58 MBytes       
[  5]   9.00-10.00  sec  44.2 MBytes   371 Mbits/sec    0   2.58 MBytes       
- - - - - - - - - - - - - - - - - - - - - - - - -
[ ID] Interval           Transfer     Bitrate         Retr
[  5]   0.00-10.00  sec   384 MBytes   322 Mbits/sec  434            sender
[  5]   0.00-10.06  sec   382 MBytes   318 Mbits/sec                  receiver

iperf Done.

Throughput: 322.0 Mbps
Retransmissions: 434
Measurement saved
iperf3 output:
Connecting to host 35.93.195.101, port 5201
[  5] local 172.31.22.33 port 43110 connected to 35.93.195.101 port 5201
[ ID] Interval           Transfer     Bitrate         Retr  Cwnd
[  5]   0.00-1.00   sec  19.6 MBytes   164 Mbits/sec  468   1.75 MBytes       
[  5]   1.00-2.00   sec  31.6 MBytes   265 Mbits/sec    0   1.86 MBytes       
[  5]   2.00-3.00   sec  32.2 MBytes   271 Mbits/sec    0   1.95 MBytes       
[  5]   3.00-4.00   sec  32.8 MBytes   275 Mbits/sec    0   2.01 MBytes       
[  5]   4.00-5.00   sec  29.2 MBytes   245 Mbits/sec    6   1.48 MBytes       
[  5]   5.00-6.00   sec  25.9 MBytes   217 Mbits/sec    0   1.57 MBytes       
[  5]   6.00-7.00   sec  26.6 MBytes   223 Mbits/sec    0   1.63 MBytes       
[  5]   7.00-8.00   sec  28.6 MBytes   240 Mbits/sec    0   1.67 MBytes       
[  5]   8.00-9.00   sec  27.8 MBytes   233 Mbits/sec    0   1.70 MBytes       
[  5]   9.00-10.00  sec  28.8 MBytes   241 Mbits/sec    0   1.71 MBytes       
- - - - - - - - - - - - - - - - - - - - - - - - -
[ ID] Interval           Transfer     Bitrate         Retr
[  5]   0.00-10.00  sec   283 MBytes   237 Mbits/sec  474            sender
[  5]   0.00-10.06  sec   282 MBytes   235 Mbits/sec                  receiver

iperf Done.

Throughput: 237.0 Mbps
Retransmissions: 474
Measurement saved
iperf3 output:
Connecting to host 35.93.195.101, port 5201
[  5] local 172.31.22.33 port 34502 connected to 35.93.195.101 port 5201
[ ID] Interval           Transfer     Bitrate         Retr  Cwnd
[  5]   0.00-1.00   sec  28.4 MBytes   238 Mbits/sec  628   1.99 MBytes       
[  5]   1.00-2.00   sec  38.8 MBytes   325 Mbits/sec    0   2.11 MBytes       
[  5]   2.00-3.00   sec  38.8 MBytes   325 Mbits/sec    0   2.21 MBytes       
[  5]   3.00-4.00   sec  40.4 MBytes   339 Mbits/sec    0   2.28 MBytes       
[  5]   4.00-5.00   sec  40.5 MBytes   339 Mbits/sec    0   2.34 MBytes       
[  5]   5.00-6.00   sec  44.0 MBytes   369 Mbits/sec    0   2.37 MBytes       
[  5]   6.00-7.00   sec  44.0 MBytes   369 Mbits/sec    0   2.40 MBytes       
[  5]   7.00-8.00   sec  44.0 MBytes   369 Mbits/sec    0   2.41 MBytes       
[  5]   8.00-9.00   sec  42.8 MBytes   359 Mbits/sec    0   2.41 MBytes       
[  5]   9.00-10.00  sec  44.0 MBytes   369 Mbits/sec    0   2.41 MBytes       
- - - - - - - - - - - - - - - - - - - - - - - - -
[ ID] Interval           Transfer     Bitrate         Retr
[  5]   0.00-10.00  sec   406 MBytes   340 Mbits/sec  628            sender
[  5]   0.00-10.06  sec   404 MBytes   337 Mbits/sec                  receiver

iperf Done.

Throughput: 340.0 Mbps
Retransmissions: 628
Measurement saved
iperf3 output:
Connecting to host 35.93.195.101, port 5201
[  5] local 172.31.22.33 port 37046 connected to 35.93.195.101 port 5201
[ ID] Interval           Transfer     Bitrate         Retr  Cwnd
[  5]   0.00-1.00   sec  20.5 MBytes   172 Mbits/sec  822   2.14 MBytes       
[  5]   1.00-2.00   sec  30.4 MBytes   255 Mbits/sec  504   1.59 MBytes       
[  5]   2.00-3.00   sec  27.0 MBytes   227 Mbits/sec    0   1.69 MBytes       
[  5]   3.00-4.00   sec  28.4 MBytes   238 Mbits/sec    0   1.76 MBytes       
[  5]   4.00-5.00   sec  29.9 MBytes   251 Mbits/sec    0   1.81 MBytes       
[  5]   5.00-6.00   sec  30.0 MBytes   252 Mbits/sec    0   1.84 MBytes       
[  5]   6.00-7.00   sec  31.4 MBytes   263 Mbits/sec    0   1.87 MBytes       
[  5]   7.00-8.00   sec  30.4 MBytes   255 Mbits/sec    0   1.88 MBytes       
[  5]   8.00-9.00   sec  31.1 MBytes   261 Mbits/sec    0   1.88 MBytes       
[  5]   9.00-10.00  sec  30.9 MBytes   259 Mbits/sec    0   1.88 MBytes       
- - - - - - - - - - - - - - - - - - - - - - - - -
[ ID] Interval           Transfer     Bitrate         Retr
[  5]   0.00-10.00  sec   290 MBytes   243 Mbits/sec  1326            sender
[  5]   0.00-10.06  sec   288 MBytes   240 Mbits/sec                  receiver

iperf Done.

Throughput: 243.0 Mbps
Retransmissions: 1326
Measurement saved
iperf3 output:
Connecting to host 35.93.195.101, port 5201
[  5] local 172.31.22.33 port 34328 connected to 35.93.195.101 port 5201
[ ID] Interval           Transfer     Bitrate         Retr  Cwnd
[  5]   0.00-1.00   sec  23.5 MBytes   197 Mbits/sec  1045   1.85 MBytes       
[  5]   1.00-2.00   sec  33.8 MBytes   283 Mbits/sec    0   1.96 MBytes       
[  5]   2.00-3.00   sec  29.2 MBytes   245 Mbits/sec  254   1.46 MBytes       
[  5]   3.00-4.00   sec  27.0 MBytes   226 Mbits/sec    0   1.54 MBytes       
[  5]   4.00-5.00   sec  28.8 MBytes   241 Mbits/sec    0   1.60 MBytes       
[  5]   5.00-6.00   sec  30.0 MBytes   252 Mbits/sec    0   1.64 MBytes       
[  5]   6.00-7.00   sec  29.1 MBytes   244 Mbits/sec    0   1.67 MBytes       
[  5]   7.00-8.00   sec  31.1 MBytes   261 Mbits/sec    0   1.69 MBytes       
[  5]   8.00-9.00   sec  30.2 MBytes   254 Mbits/sec    0   1.69 MBytes       
[  5]   9.00-10.00  sec  30.9 MBytes   259 Mbits/sec    0   1.70 MBytes       
- - - - - - - - - - - - - - - - - - - - - - - - -
[ ID] Interval           Transfer     Bitrate         Retr
[  5]   0.00-10.00  sec   294 MBytes   246 Mbits/sec  1299            sender
[  5]   0.00-10.06  sec   292 MBytes   243 Mbits/sec                  receiver

iperf Done.

Throughput: 246.0 Mbps
Retransmissions: 1299
Measurement saved
iperf3 output:
Connecting to host 35.93.195.101, port 5201
[  5] local 172.31.22.33 port 45492 connected to 35.93.195.101 port 5201
[ ID] Interval           Transfer     Bitrate         Retr  Cwnd
[  5]   0.00-1.00   sec  22.6 MBytes   190 Mbits/sec  431   2.19 MBytes       
[  5]   1.00-2.00   sec  41.0 MBytes   344 Mbits/sec    0   2.38 MBytes       
[  5]   2.00-3.00   sec  45.0 MBytes   377 Mbits/sec    0   2.55 MBytes       
[  5]   3.00-4.00   sec  45.9 MBytes   385 Mbits/sec    0   2.68 MBytes       
[  5]   4.00-5.00   sec  49.6 MBytes   416 Mbits/sec    0   2.78 MBytes       
[  5]   5.00-6.00   sec  51.5 MBytes   432 Mbits/sec    0   2.86 MBytes       
[  5]   6.00-7.00   sec  50.1 MBytes   420 Mbits/sec    0   2.92 MBytes       
[  5]   7.00-8.00   sec  53.6 MBytes   450 Mbits/sec    0   2.96 MBytes       
[  5]   8.00-9.00   sec  52.6 MBytes   441 Mbits/sec    0   2.99 MBytes       
[  5]   9.00-10.00  sec  53.6 MBytes   450 Mbits/sec    0   3.00 MBytes       
- - - - - - - - - - - - - - - - - - - - - - - - -
[ ID] Interval           Transfer     Bitrate         Retr
[  5]   0.00-10.00  sec   466 MBytes   391 Mbits/sec  431            sender
[  5]   0.00-10.06  sec   465 MBytes   388 Mbits/sec                  receiver

iperf Done.

Throughput: 391.0 Mbps
Retransmissions: 431
Measurement saved
iperf3 output:
Connecting to host 35.93.195.101, port 5201
[  5] local 172.31.22.33 port 52486 connected to 35.93.195.101 port 5201
[ ID] Interval           Transfer     Bitrate         Retr  Cwnd
[  5]   0.00-1.00   sec  17.6 MBytes   148 Mbits/sec  1299   1.12 MBytes       
[  5]   1.00-2.00   sec  20.9 MBytes   175 Mbits/sec    0   1.20 MBytes       
[  5]   2.00-3.00   sec  22.2 MBytes   187 Mbits/sec    0   1.26 MBytes       
[  5]   3.00-4.00   sec  24.2 MBytes   203 Mbits/sec    0   1.30 MBytes       
[  5]   4.00-5.00   sec  23.6 MBytes   198 Mbits/sec    0   1.33 MBytes       
[  5]   5.00-6.00   sec  25.1 MBytes   211 Mbits/sec    0   1.35 MBytes       
[  5]   6.00-7.00   sec  23.6 MBytes   198 Mbits/sec    0   1.35 MBytes       
[  5]   7.00-8.00   sec  25.2 MBytes   212 Mbits/sec    0   1.35 MBytes       
[  5]   8.00-9.00   sec  24.4 MBytes   204 Mbits/sec    0   1.35 MBytes       
[  5]   9.00-10.00  sec  25.0 MBytes   210 Mbits/sec    0   1.36 MBytes       
- - - - - - - - - - - - - - - - - - - - - - - - -
[ ID] Interval           Transfer     Bitrate         Retr
[  5]   0.00-10.00  sec   232 MBytes   195 Mbits/sec  1299            sender
[  5]   0.00-10.06  sec   230 MBytes   192 Mbits/sec                  receiver

iperf Done.

Throughput: 195.0 Mbps
Retransmissions: 1299
Measurement saved
iperf3 output:
Connecting to host 35.93.195.101, port 5201
[  5] local 172.31.22.33 port 51570 connected to 35.93.195.101 port 5201
[ ID] Interval           Transfer     Bitrate         Retr  Cwnd
[  5]   0.00-1.00   sec  18.8 MBytes   157 Mbits/sec  495   1.74 MBytes       
[  5]   1.00-2.00   sec  32.6 MBytes   274 Mbits/sec    0   1.85 MBytes       
[  5]   2.00-3.00   sec  33.8 MBytes   283 Mbits/sec    0   1.93 MBytes       
[  5]   3.00-4.00   sec  35.4 MBytes   297 Mbits/sec    0   2.00 MBytes       
[  5]   4.00-5.00   sec  36.2 MBytes   304 Mbits/sec    0   2.04 MBytes       
[  5]   5.00-6.00   sec  37.6 MBytes   316 Mbits/sec    0   2.07 MBytes       
[  5]   6.00-7.00   sec  39.4 MBytes   330 Mbits/sec    0   2.09 MBytes       
[  5]   7.00-8.00   sec  37.4 MBytes   314 Mbits/sec    0   2.09 MBytes       
[  5]   8.00-9.00   sec  36.8 MBytes   308 Mbits/sec    0   2.09 MBytes       
[  5]   9.00-10.00  sec  39.0 MBytes   327 Mbits/sec    0   2.09 MBytes       
- - - - - - - - - - - - - - - - - - - - - - - - -
[ ID] Interval           Transfer     Bitrate         Retr
[  5]   0.00-10.00  sec   347 MBytes   291 Mbits/sec  495            sender
[  5]   0.00-10.06  sec   345 MBytes   288 Mbits/sec                  receiver

iperf Done.

Throughput: 291.0 Mbps
Retransmissions: 495
Measurement saved
iperf3 output:
Connecting to host 35.93.195.101, port 5201
[  5] local 172.31.22.33 port 60794 connected to 35.93.195.101 port 5201
[ ID] Interval           Transfer     Bitrate         Retr  Cwnd
[  5]   0.00-1.00   sec  21.1 MBytes   177 Mbits/sec  493   2.16 MBytes       
[  5]   1.00-2.00   sec  38.4 MBytes   322 Mbits/sec    0   2.29 MBytes       
[  5]   2.00-3.00   sec  40.5 MBytes   340 Mbits/sec    0   2.39 MBytes       
[  5]   3.00-4.00   sec  41.2 MBytes   346 Mbits/sec    0   2.46 MBytes       
[  5]   4.00-5.00   sec  41.4 MBytes   347 Mbits/sec    0   2.52 MBytes       
[  5]   5.00-6.00   sec  43.8 MBytes   367 Mbits/sec    0   2.56 MBytes       
[  5]   6.00-7.00   sec  43.9 MBytes   368 Mbits/sec    0   2.58 MBytes       
[  5]   7.00-8.00   sec  43.4 MBytes   364 Mbits/sec    0   2.59 MBytes       
[  5]   8.00-9.00   sec  44.9 MBytes   377 Mbits/sec    0   2.60 MBytes       
[  5]   9.00-10.00  sec  44.2 MBytes   371 Mbits/sec    0   2.60 MBytes       
- - - - - - - - - - - - - - - - - - - - - - - - -
[ ID] Interval           Transfer     Bitrate         Retr
[  5]   0.00-10.00  sec   403 MBytes   338 Mbits/sec  493            sender
[  5]   0.00-10.06  sec   401 MBytes   335 Mbits/sec                  receiver

iperf Done.

Throughput: 338.0 Mbps
Retransmissions: 493
Measurement saved
iperf3 output:
Connecting to host 35.93.195.101, port 5201
[  5] local 172.31.22.33 port 53718 connected to 35.93.195.101 port 5201
[ ID] Interval           Transfer     Bitrate         Retr  Cwnd
[  5]   0.00-1.00   sec  22.2 MBytes   186 Mbits/sec  356   1.64 MBytes       
[  5]   1.00-2.00   sec  30.9 MBytes   259 Mbits/sec    0   1.74 MBytes       
[  5]   2.00-3.00   sec  32.2 MBytes   270 Mbits/sec    0   1.81 MBytes       
[  5]   3.00-4.00   sec  33.2 MBytes   279 Mbits/sec    0   1.87 MBytes       
[  5]   4.00-5.00   sec  35.8 MBytes   300 Mbits/sec    0   1.91 MBytes       
[  5]   5.00-6.00   sec  33.8 MBytes   283 Mbits/sec    0   1.93 MBytes       
[  5]   6.00-7.00   sec  35.1 MBytes   295 Mbits/sec    0   1.94 MBytes       
[  5]   7.00-8.00   sec  37.0 MBytes   311 Mbits/sec    0   1.95 MBytes       
[  5]   8.00-9.00   sec  34.5 MBytes   289 Mbits/sec    0   1.95 MBytes       
[  5]   9.00-10.00  sec  35.0 MBytes   293 Mbits/sec    0   1.95 MBytes       
- - - - - - - - - - - - - - - - - - - - - - - - -
[ ID] Interval           Transfer     Bitrate         Retr
[  5]   0.00-10.00  sec   330 MBytes   277 Mbits/sec  356            sender
[  5]   0.00-10.07  sec   329 MBytes   274 Mbits/sec                  receiver

iperf Done.

Throughput: 277.0 Mbps
Retransmissions: 356
Measurement saved
iperf3 output:
Connecting to host 35.93.195.101, port 5201
[  5] local 172.31.22.33 port 49216 connected to 35.93.195.101 port 5201
[ ID] Interval           Transfer     Bitrate         Retr  Cwnd
[  5]   0.00-1.00   sec  22.4 MBytes   187 Mbits/sec  889   2.09 MBytes       
[  5]   1.00-2.00   sec  32.9 MBytes   276 Mbits/sec   83   1.55 MBytes       
[  5]   2.00-3.00   sec  28.8 MBytes   241 Mbits/sec    0   1.65 MBytes       
[  5]   3.00-4.00   sec  28.4 MBytes   238 Mbits/sec    0   1.72 MBytes       
[  5]   4.00-5.00   sec  31.5 MBytes   264 Mbits/sec    0   1.77 MBytes       
[  5]   5.00-6.00   sec  30.1 MBytes   253 Mbits/sec    0   1.80 MBytes       
[  5]   6.00-7.00   sec  32.8 MBytes   275 Mbits/sec    0   1.82 MBytes       
[  5]   7.00-8.00   sec  31.6 MBytes   265 Mbits/sec    0   1.83 MBytes       
[  5]   8.00-9.00   sec  31.2 MBytes   262 Mbits/sec    0   1.83 MBytes       
[  5]   9.00-10.00  sec  32.5 MBytes   273 Mbits/sec    0   1.83 MBytes       
- - - - - - - - - - - - - - - - - - - - - - - - -
[ ID] Interval           Transfer     Bitrate         Retr
[  5]   0.00-10.00  sec   302 MBytes   253 Mbits/sec  972            sender
[  5]   0.00-10.06  sec   301 MBytes   251 Mbits/sec                  receiver

iperf Done.

Throughput: 253.0 Mbps
Retransmissions: 972
Measurement saved
iperf3 output:
Connecting to host 35.93.195.101, port 5201
[  5] local 172.31.22.33 port 41660 connected to 35.93.195.101 port 5201
[ ID] Interval           Transfer     Bitrate         Retr  Cwnd
[  5]   0.00-1.00   sec  25.9 MBytes   217 Mbits/sec  505   1.98 MBytes       
[  5]   1.00-2.00   sec  30.8 MBytes   258 Mbits/sec  117   1.47 MBytes       
[  5]   2.00-3.00   sec  27.9 MBytes   234 Mbits/sec    0   1.56 MBytes       
[  5]   3.00-4.00   sec  22.1 MBytes   186 Mbits/sec   46   1.16 MBytes       
[  5]   4.00-5.00   sec  22.1 MBytes   186 Mbits/sec    0   1.23 MBytes       
[  5]   5.00-6.00   sec  22.5 MBytes   189 Mbits/sec    0   1.28 MBytes       
[  5]   6.00-7.00   sec  23.6 MBytes   198 Mbits/sec    0   1.31 MBytes       
[  5]   7.00-8.00   sec  25.1 MBytes   211 Mbits/sec    0   1.33 MBytes       
[  5]   8.00-9.00   sec  23.6 MBytes   198 Mbits/sec    0   1.34 MBytes       
[  5]   9.00-10.00  sec  23.9 MBytes   200 Mbits/sec    0   1.34 MBytes       
- - - - - - - - - - - - - - - - - - - - - - - - -
[ ID] Interval           Transfer     Bitrate         Retr
[  5]   0.00-10.00  sec   248 MBytes   208 Mbits/sec  668            sender
[  5]   0.00-10.06  sec   246 MBytes   205 Mbits/sec                  receiver

iperf Done.

Throughput: 208.0 Mbps
Retransmissions: 668
Measurement saved
iperf3 output:
Connecting to host 35.93.195.101, port 5201
[  5] local 172.31.22.33 port 51594 connected to 35.93.195.101 port 5201
[ ID] Interval           Transfer     Bitrate         Retr  Cwnd
[  5]   0.00-1.00   sec  20.1 MBytes   169 Mbits/sec  279   1.84 MBytes       
[  5]   1.00-2.00   sec  31.9 MBytes   267 Mbits/sec    0   1.96 MBytes       
[  5]   2.00-3.00   sec  33.9 MBytes   284 Mbits/sec    0   2.04 MBytes       
[  5]   3.00-4.00   sec  34.8 MBytes   292 Mbits/sec    0   2.11 MBytes       
[  5]   4.00-5.00   sec  37.2 MBytes   312 Mbits/sec    0   2.15 MBytes       
[  5]   5.00-6.00   sec  35.8 MBytes   300 Mbits/sec    0   2.18 MBytes       
[  5]   6.00-7.00   sec  38.2 MBytes   321 Mbits/sec    0   2.20 MBytes       
[  5]   7.00-8.00   sec  37.9 MBytes   318 Mbits/sec    0   2.21 MBytes       
[  5]   8.00-9.00   sec  37.4 MBytes   314 Mbits/sec    0   2.21 MBytes       
[  5]   9.00-10.00  sec  37.8 MBytes   317 Mbits/sec    0   2.21 MBytes       
- - - - - - - - - - - - - - - - - - - - - - - - -
[ ID] Interval           Transfer     Bitrate         Retr
[  5]   0.00-10.00  sec   345 MBytes   289 Mbits/sec  279            sender
[  5]   0.00-10.06  sec   343 MBytes   286 Mbits/sec                  receiver

iperf Done.

Throughput: 289.0 Mbps
Retransmissions: 279
Measurement saved
iperf3 output:
Connecting to host 35.93.195.101, port 5201
[  5] local 172.31.22.33 port 42266 connected to 35.93.195.101 port 5201
[ ID] Interval           Transfer     Bitrate         Retr  Cwnd
[  5]   0.00-1.00   sec  16.8 MBytes   140 Mbits/sec  352   1.98 MBytes       
[  5]   1.00-2.00   sec  25.9 MBytes   217 Mbits/sec  297   1.48 MBytes       
[  5]   2.00-3.00   sec  22.9 MBytes   192 Mbits/sec    0   1.56 MBytes       
[  5]   3.00-4.00   sec  26.1 MBytes   219 Mbits/sec    0   1.63 MBytes       
[  5]   4.00-5.00   sec  24.5 MBytes   206 Mbits/sec    0   1.67 MBytes       
[  5]   5.00-6.00   sec  25.9 MBytes   217 Mbits/sec    0   1.70 MBytes       
[  5]   6.00-7.00   sec  26.8 MBytes   224 Mbits/sec    0   1.72 MBytes       
[  5]   7.00-8.00   sec  26.8 MBytes   224 Mbits/sec    0   1.72 MBytes       
[  5]   8.00-9.00   sec  27.0 MBytes   226 Mbits/sec    0   1.72 MBytes       
[  5]   9.00-10.00  sec  26.5 MBytes   222 Mbits/sec    0   1.72 MBytes       
- - - - - - - - - - - - - - - - - - - - - - - - -
[ ID] Interval           Transfer     Bitrate         Retr
[  5]   0.00-10.00  sec   249 MBytes   209 Mbits/sec  649            sender
[  5]   0.00-10.06  sec   248 MBytes   206 Mbits/sec                  receiver

iperf Done.

Throughput: 209.0 Mbps
Retransmissions: 649
Measurement saved
iperf3 output:
Connecting to host 35.93.195.101, port 5201
[  5] local 172.31.22.33 port 59676 connected to 35.93.195.101 port 5201
[ ID] Interval           Transfer     Bitrate         Retr  Cwnd
[  5]   0.00-1.00   sec  22.9 MBytes   192 Mbits/sec  862   1.84 MBytes       
[  5]   1.00-2.00   sec  32.4 MBytes   272 Mbits/sec  601   1.35 MBytes       
[  5]   2.00-3.00   sec  18.9 MBytes   158 Mbits/sec   62   1.02 MBytes       
[  5]   3.00-4.00   sec  18.5 MBytes   155 Mbits/sec    0   1.08 MBytes       
[  5]   4.00-5.00   sec  19.5 MBytes   164 Mbits/sec    0   1.12 MBytes       
[  5]   5.00-6.00   sec  20.9 MBytes   175 Mbits/sec    0   1.14 MBytes       
[  5]   6.00-7.00   sec  21.4 MBytes   179 Mbits/sec    0   1.15 MBytes       
[  5]   7.00-8.00   sec  20.9 MBytes   175 Mbits/sec    0   1.16 MBytes       
[  5]   8.00-9.00   sec  20.8 MBytes   174 Mbits/sec    0   1.16 MBytes       
[  5]   9.00-10.00  sec  22.4 MBytes   188 Mbits/sec    0   1.16 MBytes       
- - - - - - - - - - - - - - - - - - - - - - - - -
[ ID] Interval           Transfer     Bitrate         Retr
[  5]   0.00-10.00  sec   218 MBytes   183 Mbits/sec  1525            sender
[  5]   0.00-10.06  sec   216 MBytes   180 Mbits/sec                  receiver

iperf Done.

Throughput: 183.0 Mbps
Retransmissions: 1525
Measurement saved
iperf3 output:
Connecting to host 35.93.195.101, port 5201
[  5] local 172.31.22.33 port 34304 connected to 35.93.195.101 port 5201
[ ID] Interval           Transfer     Bitrate         Retr  Cwnd
[  5]   0.00-1.00   sec  27.0 MBytes   226 Mbits/sec  643   1.79 MBytes       
[  5]   1.00-2.00   sec  34.1 MBytes   286 Mbits/sec    0   1.91 MBytes       
[  5]   2.00-3.00   sec  35.1 MBytes   294 Mbits/sec    0   2.00 MBytes       
[  5]   3.00-4.00   sec  35.4 MBytes   297 Mbits/sec    0   2.06 MBytes       
[  5]   4.00-5.00   sec  38.2 MBytes   321 Mbits/sec    0   2.11 MBytes       
[  5]   5.00-6.00   sec  38.8 MBytes   325 Mbits/sec    0   2.14 MBytes       
[  5]   6.00-7.00   sec  38.0 MBytes   319 Mbits/sec    0   2.16 MBytes       
[  5]   7.00-8.00   sec  39.6 MBytes   332 Mbits/sec    0   2.17 MBytes       
[  5]   8.00-9.00   sec  39.1 MBytes   328 Mbits/sec    0   2.17 MBytes       
[  5]   9.00-10.00  sec  41.2 MBytes   346 Mbits/sec    0   2.17 MBytes       
- - - - - - - - - - - - - - - - - - - - - - - - -
[ ID] Interval           Transfer     Bitrate         Retr
[  5]   0.00-10.00  sec   367 MBytes   308 Mbits/sec  643            sender
[  5]   0.00-10.06  sec   365 MBytes   304 Mbits/sec                  receiver

iperf Done.

Throughput: 308.0 Mbps
Retransmissions: 643
Measurement saved
iperf3 output:
Connecting to host 35.93.195.101, port 5201
[  5] local 172.31.22.33 port 55990 connected to 35.93.195.101 port 5201
[ ID] Interval           Transfer     Bitrate         Retr  Cwnd
[  5]   0.00-1.00   sec  26.8 MBytes   224 Mbits/sec  279   1.82 MBytes       
[  5]   1.00-2.00   sec  33.8 MBytes   283 Mbits/sec    0   1.93 MBytes       
[  5]   2.00-3.00   sec  35.4 MBytes   297 Mbits/sec    0   2.02 MBytes       
[  5]   3.00-4.00   sec  36.5 MBytes   306 Mbits/sec    0   2.08 MBytes       
[  5]   4.00-5.00   sec  37.4 MBytes   314 Mbits/sec    0   2.13 MBytes       
[  5]   5.00-6.00   sec  39.4 MBytes   330 Mbits/sec    0   2.16 MBytes       
[  5]   6.00-7.00   sec  40.0 MBytes   335 Mbits/sec    0   2.18 MBytes       
[  5]   7.00-8.00   sec  39.8 MBytes   333 Mbits/sec    0   2.18 MBytes       
[  5]   8.00-9.00   sec  40.1 MBytes   337 Mbits/sec    0   2.19 MBytes       
[  5]   9.00-10.00  sec  38.1 MBytes   320 Mbits/sec    0   2.19 MBytes       
- - - - - - - - - - - - - - - - - - - - - - - - -
[ ID] Interval           Transfer     Bitrate         Retr
[  5]   0.00-10.00  sec   367 MBytes   308 Mbits/sec  279            sender
[  5]   0.00-10.06  sec   367 MBytes   306 Mbits/sec                  receiver

iperf Done.

Throughput: 308.0 Mbps
Retransmissions: 279
Measurement saved
iperf3 output:
Connecting to host 35.93.195.101, port 5201
[  5] local 172.31.22.33 port 56400 connected to 35.93.195.101 port 5201
[ ID] Interval           Transfer     Bitrate         Retr  Cwnd
[  5]   0.00-1.00   sec  29.6 MBytes   248 Mbits/sec  512   2.75 MBytes       
[  5]   1.00-2.00   sec  51.4 MBytes   431 Mbits/sec    0   2.98 MBytes       
[  5]   2.00-3.00   sec  33.2 MBytes   279 Mbits/sec  467    771 KBytes       
[  5]   3.00-4.00   sec  14.4 MBytes   120 Mbits/sec    3    831 KBytes       
[  5]   4.00-5.00   sec  15.4 MBytes   129 Mbits/sec    0    878 KBytes       
[  5]   5.00-6.00   sec  15.5 MBytes   130 Mbits/sec    0    908 KBytes       
[  5]   6.00-7.00   sec  15.9 MBytes   133 Mbits/sec    0    926 KBytes       
[  5]   7.00-8.00   sec  16.8 MBytes   140 Mbits/sec    0    935 KBytes       
[  5]   8.00-9.00   sec  17.0 MBytes   143 Mbits/sec    0    936 KBytes       
[  5]   9.00-10.00  sec  16.5 MBytes   138 Mbits/sec    0    936 KBytes       
- - - - - - - - - - - - - - - - - - - - - - - - -
[ ID] Interval           Transfer     Bitrate         Retr
[  5]   0.00-10.00  sec   227 MBytes   190 Mbits/sec  982            sender
[  5]   0.00-10.06  sec   224 MBytes   187 Mbits/sec                  receiver

iperf Done.

Throughput: 190.0 Mbps
Retransmissions: 982
Measurement saved
iperf3 output:
Connecting to host 35.93.195.101, port 5201
[  5] local 172.31.22.33 port 43990 connected to 35.93.195.101 port 5201
[ ID] Interval           Transfer     Bitrate         Retr  Cwnd
[  5]   0.00-1.00   sec  17.1 MBytes   144 Mbits/sec  791   2.19 MBytes       
[  5]   1.00-2.00   sec  25.4 MBytes   213 Mbits/sec  655   1.63 MBytes       
[  5]   2.00-3.00   sec  17.6 MBytes   148 Mbits/sec   12   1.22 MBytes       
[  5]   3.00-4.00   sec  19.4 MBytes   163 Mbits/sec    0   1.29 MBytes       
[  5]   4.00-5.00   sec  18.6 MBytes   156 Mbits/sec    0   1.33 MBytes       
[  5]   5.00-6.00   sec  20.1 MBytes   169 Mbits/sec    0   1.36 MBytes       
[  5]   6.00-7.00   sec  20.9 MBytes   175 Mbits/sec    0   1.38 MBytes       
[  5]   7.00-8.00   sec  21.2 MBytes   178 Mbits/sec    0   1.38 MBytes       
[  5]   8.00-9.00   sec  21.1 MBytes   177 Mbits/sec    0   1.39 MBytes       
[  5]   9.00-10.00  sec  20.9 MBytes   175 Mbits/sec    0   1.39 MBytes       
- - - - - - - - - - - - - - - - - - - - - - - - -
[ ID] Interval           Transfer     Bitrate         Retr
[  5]   0.00-10.00  sec   203 MBytes   171 Mbits/sec  1458            sender
[  5]   0.00-10.06  sec   201 MBytes   167 Mbits/sec                  receiver

iperf Done.

Throughput: 171.0 Mbps
Retransmissions: 1458
Measurement saved
iperf3 output:
Connecting to host 35.93.195.101, port 5201
[  5] local 172.31.22.33 port 45202 connected to 35.93.195.101 port 5201
[ ID] Interval           Transfer     Bitrate         Retr  Cwnd
[  5]   0.00-1.00   sec  20.5 MBytes   172 Mbits/sec  767   1.58 MBytes       
[  5]   1.00-2.00   sec  27.9 MBytes   234 Mbits/sec    0   1.68 MBytes       
[  5]   2.00-3.00   sec  30.4 MBytes   255 Mbits/sec    0   1.76 MBytes       
[  5]   3.00-4.00   sec  31.4 MBytes   263 Mbits/sec    0   1.81 MBytes       
[  5]   4.00-5.00   sec  32.4 MBytes   272 Mbits/sec    0   1.85 MBytes       
[  5]   5.00-6.00   sec  32.8 MBytes   275 Mbits/sec    0   1.87 MBytes       
[  5]   6.00-7.00   sec  32.6 MBytes   274 Mbits/sec    0   1.88 MBytes       
[  5]   7.00-8.00   sec  33.9 MBytes   284 Mbits/sec    0   1.89 MBytes       
[  5]   8.00-9.00   sec  31.8 MBytes   266 Mbits/sec    0   1.89 MBytes       
[  5]   9.00-10.00  sec  33.6 MBytes   282 Mbits/sec    0   1.89 MBytes       
- - - - - - - - - - - - - - - - - - - - - - - - -
[ ID] Interval           Transfer     Bitrate         Retr
[  5]   0.00-10.00  sec   307 MBytes   258 Mbits/sec  767            sender
[  5]   0.00-10.07  sec   306 MBytes   255 Mbits/sec                  receiver

iperf Done.

Throughput: 258.0 Mbps
Retransmissions: 767
Measurement saved
iperf3 output:
Connecting to host 35.93.195.101, port 5201
[  5] local 172.31.22.33 port 41650 connected to 35.93.195.101 port 5201
[ ID] Interval           Transfer     Bitrate         Retr  Cwnd
[  5]   0.00-1.00   sec  22.1 MBytes   185 Mbits/sec  763   1.63 MBytes       
[  5]   1.00-2.00   sec  28.2 MBytes   237 Mbits/sec   62   1.20 MBytes       
[  5]   2.00-3.00   sec  23.2 MBytes   195 Mbits/sec    0   1.29 MBytes       
[  5]   3.00-4.00   sec  24.5 MBytes   206 Mbits/sec    0   1.36 MBytes       
[  5]   4.00-5.00   sec  26.2 MBytes   220 Mbits/sec    0   1.40 MBytes       
[  5]   5.00-6.00   sec  25.5 MBytes   214 Mbits/sec    0   1.43 MBytes       
[  5]   6.00-7.00   sec  26.0 MBytes   218 Mbits/sec    0   1.45 MBytes       
[  5]   7.00-8.00   sec  27.5 MBytes   231 Mbits/sec    0   1.46 MBytes       
[  5]   8.00-9.00   sec  26.2 MBytes   220 Mbits/sec    0   1.46 MBytes       
[  5]   9.00-10.00  sec  26.5 MBytes   222 Mbits/sec    0   1.46 MBytes       
- - - - - - - - - - - - - - - - - - - - - - - - -
[ ID] Interval           Transfer     Bitrate         Retr
[  5]   0.00-10.00  sec   256 MBytes   215 Mbits/sec  825            sender
[  5]   0.00-10.06  sec   254 MBytes   212 Mbits/sec                  receiver

iperf Done.

Throughput: 215.0 Mbps
Retransmissions: 825
Measurement saved
iperf3 output:
Connecting to host 35.93.195.101, port 5201
[  5] local 172.31.22.33 port 32816 connected to 35.93.195.101 port 5201
[ ID] Interval           Transfer     Bitrate         Retr  Cwnd
[  5]   0.00-1.00   sec  19.4 MBytes   162 Mbits/sec  836   1.49 MBytes       
[  5]   1.00-2.00   sec  22.0 MBytes   185 Mbits/sec  160   1.12 MBytes       
[  5]   2.00-3.00   sec  21.1 MBytes   177 Mbits/sec    0   1.19 MBytes       
[  5]   3.00-4.00   sec  22.8 MBytes   191 Mbits/sec    0   1.24 MBytes       
[  5]   4.00-5.00   sec  22.6 MBytes   190 Mbits/sec    0   1.27 MBytes       
[  5]   5.00-6.00   sec  22.6 MBytes   190 Mbits/sec    0   1.29 MBytes       
[  5]   6.00-7.00   sec  24.2 MBytes   203 Mbits/sec    0   1.30 MBytes       
[  5]   7.00-8.00   sec  22.4 MBytes   188 Mbits/sec    0   1.30 MBytes       
[  5]   8.00-9.00   sec  23.9 MBytes   200 Mbits/sec    0   1.30 MBytes       
[  5]   9.00-10.00  sec  24.9 MBytes   209 Mbits/sec    0   1.30 MBytes       
- - - - - - - - - - - - - - - - - - - - - - - - -
[ ID] Interval           Transfer     Bitrate         Retr
[  5]   0.00-10.00  sec   226 MBytes   189 Mbits/sec  996            sender
[  5]   0.00-10.06  sec   223 MBytes   186 Mbits/sec                  receiver

iperf Done.

Throughput: 189.0 Mbps
Retransmissions: 996
Measurement saved
iperf3 output:
Connecting to host 35.93.195.101, port 5201
[  5] local 172.31.22.33 port 43372 connected to 35.93.195.101 port 5201
[ ID] Interval           Transfer     Bitrate         Retr  Cwnd
[  5]   0.00-1.00   sec  19.6 MBytes   164 Mbits/sec  665   1.55 MBytes       
[  5]   1.00-2.00   sec  29.9 MBytes   251 Mbits/sec    0   1.64 MBytes       
[  5]   2.00-3.00   sec  30.8 MBytes   258 Mbits/sec    0   1.72 MBytes       
[  5]   3.00-4.00   sec  30.1 MBytes   253 Mbits/sec    0   1.77 MBytes       
[  5]   4.00-5.00   sec  33.4 MBytes   280 Mbits/sec    0   1.80 MBytes       
[  5]   5.00-6.00   sec  31.9 MBytes   268 Mbits/sec    0   1.83 MBytes       
[  5]   6.00-7.00   sec  32.5 MBytes   272 Mbits/sec    0   1.84 MBytes       
[  5]   7.00-8.00   sec  33.1 MBytes   278 Mbits/sec    0   1.84 MBytes       
[  5]   8.00-9.00   sec  33.9 MBytes   284 Mbits/sec    0   1.84 MBytes       
[  5]   9.00-10.00  sec  34.9 MBytes   293 Mbits/sec    0   1.84 MBytes       
- - - - - - - - - - - - - - - - - - - - - - - - -
[ ID] Interval           Transfer     Bitrate         Retr
[  5]   0.00-10.00  sec   310 MBytes   260 Mbits/sec  665            sender
[  5]   0.00-10.06  sec   308 MBytes   257 Mbits/sec                  receiver

iperf Done.

Throughput: 260.0 Mbps
Retransmissions: 665
Measurement saved
iperf3 output:
Connecting to host 35.93.195.101, port 5201
[  5] local 172.31.22.33 port 34492 connected to 35.93.195.101 port 5201
[ ID] Interval           Transfer     Bitrate         Retr  Cwnd
[  5]   0.00-1.00   sec  29.9 MBytes   250 Mbits/sec  543   2.61 MBytes       
[  5]   1.00-2.00   sec  49.0 MBytes   411 Mbits/sec    0   2.83 MBytes       
[  5]   2.00-3.00   sec  52.2 MBytes   438 Mbits/sec    0   3.01 MBytes       
[  5]   3.00-4.00   sec  40.2 MBytes   338 Mbits/sec    9   2.23 MBytes       
[  5]   4.00-5.00   sec  41.0 MBytes   344 Mbits/sec    0   2.34 MBytes       
[  5]   5.00-6.00   sec  42.9 MBytes   360 Mbits/sec    0   2.42 MBytes       
[  5]   6.00-7.00   sec  44.4 MBytes   372 Mbits/sec    0   2.48 MBytes       
[  5]   7.00-8.00   sec  45.2 MBytes   380 Mbits/sec    0   2.52 MBytes       
[  5]   8.00-9.00   sec  47.8 MBytes   401 Mbits/sec    0   2.55 MBytes       
[  5]   9.00-10.00  sec  47.0 MBytes   394 Mbits/sec    0   2.57 MBytes       
- - - - - - - - - - - - - - - - - - - - - - - - -
[ ID] Interval           Transfer     Bitrate         Retr
[  5]   0.00-10.00  sec   440 MBytes   369 Mbits/sec  552            sender
[  5]   0.00-10.06  sec   438 MBytes   366 Mbits/sec                  receiver

iperf Done.

Throughput: 369.0 Mbps
Retransmissions: 552
Measurement saved
iperf3 output:
Connecting to host 35.93.195.101, port 5201
[  5] local 172.31.22.33 port 60984 connected to 35.93.195.101 port 5201
[ ID] Interval           Transfer     Bitrate         Retr  Cwnd
[  5]   0.00-1.00   sec  22.8 MBytes   191 Mbits/sec  554   1.70 MBytes       
[  5]   1.00-2.00   sec  30.9 MBytes   259 Mbits/sec    0   1.80 MBytes       
[  5]   2.00-3.00   sec  33.1 MBytes   278 Mbits/sec    0   1.87 MBytes       
[  5]   3.00-4.00   sec  34.6 MBytes   290 Mbits/sec    0   1.92 MBytes       
[  5]   4.00-5.00   sec  25.2 MBytes   212 Mbits/sec    6   1.43 MBytes       
[  5]   5.00-6.00   sec  27.8 MBytes   233 Mbits/sec    0   1.51 MBytes       
[  5]   6.00-7.00   sec  27.4 MBytes   230 Mbits/sec    0   1.56 MBytes       
[  5]   7.00-8.00   sec  29.5 MBytes   247 Mbits/sec    0   1.60 MBytes       
[  5]   8.00-9.00   sec  28.9 MBytes   242 Mbits/sec    0   1.62 MBytes       
[  5]   9.00-10.00  sec  29.4 MBytes   247 Mbits/sec    0   1.63 MBytes       
- - - - - - - - - - - - - - - - - - - - - - - - -
[ ID] Interval           Transfer     Bitrate         Retr
[  5]   0.00-10.00  sec   290 MBytes   243 Mbits/sec  560            sender
[  5]   0.00-10.06  sec   288 MBytes   240 Mbits/sec                  receiver

iperf Done.

Throughput: 243.0 Mbps
Retransmissions: 560
Measurement saved
iperf3 output:
Connecting to host 35.93.195.101, port 5201
[  5] local 172.31.22.33 port 52960 connected to 35.93.195.101 port 5201
[ ID] Interval           Transfer     Bitrate         Retr  Cwnd
[  5]   0.00-1.00   sec  29.9 MBytes   250 Mbits/sec  541   2.51 MBytes       
[  5]   1.00-2.00   sec  45.5 MBytes   382 Mbits/sec    0   2.65 MBytes       
[  5]   2.00-3.00   sec  49.2 MBytes   413 Mbits/sec    0   2.77 MBytes       
[  5]   3.00-4.00   sec  50.4 MBytes   423 Mbits/sec    0   2.86 MBytes       
[  5]   4.00-5.00   sec  52.1 MBytes   437 Mbits/sec    0   2.93 MBytes       
[  5]   5.00-6.00   sec  55.2 MBytes   463 Mbits/sec    0   2.98 MBytes       
[  5]   6.00-7.00   sec  52.9 MBytes   444 Mbits/sec    0   3.01 MBytes       
[  5]   7.00-8.00   sec  54.2 MBytes   455 Mbits/sec    0   3.03 MBytes       
[  5]   8.00-9.00   sec  54.4 MBytes   456 Mbits/sec    0   3.04 MBytes       
[  5]   9.00-10.00  sec  55.9 MBytes   469 Mbits/sec    0   3.04 MBytes       
- - - - - - - - - - - - - - - - - - - - - - - - -
[ ID] Interval           Transfer     Bitrate         Retr
[  5]   0.00-10.00  sec   500 MBytes   419 Mbits/sec  541            sender
[  5]   0.00-10.06  sec   499 MBytes   416 Mbits/sec                  receiver

iperf Done.

Throughput: 419.0 Mbps
Retransmissions: 541
Measurement saved
iperf3 output:
Connecting to host 35.93.195.101, port 5201
[  5] local 172.31.22.33 port 49972 connected to 35.93.195.101 port 5201
[ ID] Interval           Transfer     Bitrate         Retr  Cwnd
[  5]   0.00-1.00   sec  26.2 MBytes   220 Mbits/sec  658   2.37 MBytes       
[  5]   1.00-2.00   sec  45.2 MBytes   380 Mbits/sec    0   2.58 MBytes       
[  5]   2.00-3.00   sec  25.4 MBytes   213 Mbits/sec  353    959 KBytes       
[  5]   3.00-4.00   sec  17.1 MBytes   144 Mbits/sec    0   1.00 MBytes       
[  5]   4.00-5.00   sec  19.4 MBytes   163 Mbits/sec    0   1.05 MBytes       
[  5]   5.00-6.00   sec  18.4 MBytes   154 Mbits/sec    0   1.08 MBytes       
[  5]   6.00-7.00   sec  19.6 MBytes   165 Mbits/sec    0   1.10 MBytes       
[  5]   7.00-8.00   sec  19.8 MBytes   166 Mbits/sec    0   1.11 MBytes       
[  5]   8.00-9.00   sec  21.1 MBytes   177 Mbits/sec    0   1.11 MBytes       
[  5]   9.00-10.00  sec  19.9 MBytes   167 Mbits/sec    0   1.11 MBytes       
- - - - - - - - - - - - - - - - - - - - - - - - -
[ ID] Interval           Transfer     Bitrate         Retr
[  5]   0.00-10.00  sec   232 MBytes   195 Mbits/sec  1011            sender
[  5]   0.00-10.06  sec   230 MBytes   192 Mbits/sec                  receiver

iperf Done.

Throughput: 195.0 Mbps
Retransmissions: 1011
Measurement saved
iperf3 output:
Connecting to host 35.93.195.101, port 5201
[  5] local 172.31.22.33 port 41400 connected to 35.93.195.101 port 5201
[ ID] Interval           Transfer     Bitrate         Retr  Cwnd
[  5]   0.00-1.00   sec  24.4 MBytes   204 Mbits/sec  587   1.93 MBytes       
[  5]   1.00-2.00   sec  35.9 MBytes   301 Mbits/sec    0   2.04 MBytes       
[  5]   2.00-3.00   sec  34.1 MBytes   286 Mbits/sec  191   1.51 MBytes       
[  5]   3.00-4.00   sec  27.2 MBytes   229 Mbits/sec    0   1.60 MBytes       
[  5]   4.00-5.00   sec  29.1 MBytes   244 Mbits/sec    0   1.67 MBytes       
[  5]   5.00-6.00   sec  31.1 MBytes   261 Mbits/sec    0   1.72 MBytes       
[  5]   6.00-7.00   sec  31.2 MBytes   262 Mbits/sec    0   1.75 MBytes       
[  5]   7.00-8.00   sec  31.5 MBytes   264 Mbits/sec    0   1.77 MBytes       
[  5]   8.00-9.00   sec  32.6 MBytes   274 Mbits/sec    0   1.78 MBytes       
[  5]   9.00-10.00  sec  32.5 MBytes   272 Mbits/sec    0   1.79 MBytes       
- - - - - - - - - - - - - - - - - - - - - - - - -
[ ID] Interval           Transfer     Bitrate         Retr
[  5]   0.00-10.00  sec   311 MBytes   261 Mbits/sec  778            sender
[  5]   0.00-10.06  sec   309 MBytes   258 Mbits/sec                  receiver

iperf Done.

Throughput: 261.0 Mbps
Retransmissions: 778
Measurement saved
iperf3 output:
Connecting to host 35.93.195.101, port 5201
[  5] local 172.31.22.33 port 45682 connected to 35.93.195.101 port 5201
[ ID] Interval           Transfer     Bitrate         Retr  Cwnd
[  5]   0.00-1.00   sec  26.6 MBytes   223 Mbits/sec  394   2.39 MBytes       
[  5]   1.00-2.00   sec  44.2 MBytes   371 Mbits/sec    0   2.59 MBytes       
[  5]   2.00-3.00   sec  48.5 MBytes   407 Mbits/sec    0   2.76 MBytes       
[  5]   3.00-4.00   sec  50.6 MBytes   425 Mbits/sec    0   2.90 MBytes       
[  5]   4.00-5.00   sec  53.1 MBytes   446 Mbits/sec    0   3.02 MBytes       
[  5]   5.00-6.00   sec  55.2 MBytes   463 Mbits/sec    4   2.17 MBytes       
[  5]   6.00-7.00   sec  40.1 MBytes   337 Mbits/sec    0   2.30 MBytes       
[  5]   7.00-8.00   sec  42.5 MBytes   357 Mbits/sec    0   2.41 MBytes       
[  5]   8.00-9.00   sec  43.8 MBytes   367 Mbits/sec    0   2.49 MBytes       
[  5]   9.00-10.00  sec  47.4 MBytes   397 Mbits/sec    0   2.55 MBytes       
- - - - - - - - - - - - - - - - - - - - - - - - -
[ ID] Interval           Transfer     Bitrate         Retr
[  5]   0.00-10.00  sec   452 MBytes   379 Mbits/sec  398            sender
[  5]   0.00-10.06  sec   451 MBytes   376 Mbits/sec                  receiver

iperf Done.

Throughput: 379.0 Mbps
Retransmissions: 398
Measurement saved
iperf3 output:
Connecting to host 35.93.195.101, port 5201
[  5] local 172.31.22.33 port 40236 connected to 35.93.195.101 port 5201
[ ID] Interval           Transfer     Bitrate         Retr  Cwnd
[  5]   0.00-1.00   sec  27.6 MBytes   231 Mbits/sec  634   2.39 MBytes       
[  5]   1.00-2.00   sec  43.5 MBytes   365 Mbits/sec    0   2.59 MBytes       
[  5]   2.00-3.00   sec  48.6 MBytes   408 Mbits/sec    0   2.77 MBytes       
[  5]   3.00-4.00   sec  51.1 MBytes   429 Mbits/sec    0   2.91 MBytes       
[  5]   4.00-5.00   sec  48.4 MBytes   406 Mbits/sec   51   2.13 MBytes       
[  5]   5.00-6.00   sec  38.6 MBytes   324 Mbits/sec    0   2.25 MBytes       
[  5]   6.00-7.00   sec  41.8 MBytes   350 Mbits/sec    0   2.34 MBytes       
[  5]   7.00-8.00   sec  43.1 MBytes   362 Mbits/sec    0   2.41 MBytes       
[  5]   8.00-9.00   sec  46.4 MBytes   389 Mbits/sec    0   2.46 MBytes       
[  5]   9.00-10.00  sec  44.2 MBytes   371 Mbits/sec    0   2.50 MBytes       
- - - - - - - - - - - - - - - - - - - - - - - - -
[ ID] Interval           Transfer     Bitrate         Retr
[  5]   0.00-10.00  sec   433 MBytes   363 Mbits/sec  685            sender
[  5]   0.00-10.06  sec   433 MBytes   361 Mbits/sec                  receiver

iperf Done.

Throughput: 363.0 Mbps
Retransmissions: 685
Measurement saved
iperf3 output:
Connecting to host 35.93.195.101, port 5201
[  5] local 172.31.22.33 port 48204 connected to 35.93.195.101 port 5201
[ ID] Interval           Transfer     Bitrate         Retr  Cwnd
[  5]   0.00-1.00   sec  38.1 MBytes   319 Mbits/sec    0   7.81 MBytes       
[  5]   1.00-2.00   sec  65.8 MBytes   552 Mbits/sec    0   7.89 MBytes       
[  5]   2.00-3.00   sec  62.0 MBytes   520 Mbits/sec    0   8.02 MBytes       
[  5]   3.00-4.00   sec  71.0 MBytes   596 Mbits/sec    0   8.02 MBytes       
[  5]   4.00-5.00   sec  66.0 MBytes   554 Mbits/sec    0   8.02 MBytes       
[  5]   5.00-6.00   sec  68.8 MBytes   577 Mbits/sec    0   8.02 MBytes       
[  5]   6.00-7.00   sec  67.1 MBytes   563 Mbits/sec    0   8.02 MBytes       
[  5]   7.00-8.00   sec  64.9 MBytes   544 Mbits/sec    0   8.02 MBytes       
[  5]   8.00-9.00   sec  69.0 MBytes   579 Mbits/sec    0   8.02 MBytes       
[  5]   9.00-10.00  sec  60.5 MBytes   507 Mbits/sec  484   5.62 MBytes       
- - - - - - - - - - - - - - - - - - - - - - - - -
[ ID] Interval           Transfer     Bitrate         Retr
[  5]   0.00-10.00  sec   633 MBytes   531 Mbits/sec  484            sender
[  5]   0.00-10.06  sec   633 MBytes   528 Mbits/sec                  receiver

iperf Done.

Throughput: 531.0 Mbps
Retransmissions: 484
Measurement saved
iperf3 output:
Connecting to host 35.93.195.101, port 5201
[  5] local 172.31.22.33 port 39876 connected to 35.93.195.101 port 5201
[ ID] Interval           Transfer     Bitrate         Retr  Cwnd
[  5]   0.00-1.00   sec  37.1 MBytes   311 Mbits/sec    0   7.76 MBytes       
[  5]   1.00-2.00   sec  66.6 MBytes   559 Mbits/sec    0   8.03 MBytes       
[  5]   2.00-3.00   sec  66.8 MBytes   560 Mbits/sec    0   8.03 MBytes       
[  5]   3.00-4.00   sec  65.0 MBytes   545 Mbits/sec    0   8.03 MBytes       
[  5]   4.00-5.00   sec  69.2 MBytes   581 Mbits/sec    0   8.03 MBytes       
[  5]   5.00-6.00   sec  62.6 MBytes   525 Mbits/sec    0   8.03 MBytes       
[  5]   6.00-7.00   sec  65.0 MBytes   545 Mbits/sec    0   8.03 MBytes       
[  5]   7.00-8.00   sec  69.1 MBytes   580 Mbits/sec    0   8.03 MBytes       
[  5]   8.00-9.00   sec  63.6 MBytes   534 Mbits/sec    0   8.03 MBytes       
[  5]   9.00-10.00  sec  66.5 MBytes   558 Mbits/sec    0   8.03 MBytes       
- - - - - - - - - - - - - - - - - - - - - - - - -
[ ID] Interval           Transfer     Bitrate         Retr
[  5]   0.00-10.00  sec   632 MBytes   530 Mbits/sec    0            sender
[  5]   0.00-10.06  sec   632 MBytes   528 Mbits/sec                  receiver

iperf Done.

Throughput: 530.0 Mbps
Retransmissions: 0
Measurement saved
iperf3 output:
Connecting to host 35.93.195.101, port 5201
[  5] local 172.31.22.33 port 34816 connected to 35.93.195.101 port 5201
[ ID] Interval           Transfer     Bitrate         Retr  Cwnd
[  5]   0.00-1.00   sec  32.4 MBytes   271 Mbits/sec  162   2.73 MBytes       
[  5]   1.00-2.00   sec  59.6 MBytes   500 Mbits/sec    0   3.41 MBytes       
[  5]   2.00-3.00   sec  61.5 MBytes   516 Mbits/sec    0   3.52 MBytes       
[  5]   3.00-4.00   sec  60.6 MBytes   509 Mbits/sec    0   3.66 MBytes       
[  5]   4.00-5.00   sec  61.1 MBytes   512 Mbits/sec    0   3.66 MBytes       
[  5]   5.00-6.00   sec  60.9 MBytes   511 Mbits/sec    0   3.81 MBytes       
[  5]   6.00-7.00   sec  50.0 MBytes   419 Mbits/sec   94   2.78 MBytes       
[  5]   7.00-8.00   sec  51.5 MBytes   432 Mbits/sec    0   2.92 MBytes       
[  5]   8.00-9.00   sec  54.8 MBytes   459 Mbits/sec    0   3.02 MBytes       
[  5]   9.00-10.00  sec  53.9 MBytes   452 Mbits/sec    0   3.10 MBytes       
- - - - - - - - - - - - - - - - - - - - - - - - -
[ ID] Interval           Transfer     Bitrate         Retr
[  5]   0.00-10.00  sec   546 MBytes   458 Mbits/sec  256            sender
[  5]   0.00-10.06  sec   546 MBytes   455 Mbits/sec                  receiver

iperf Done.

Throughput: 458.0 Mbps
Retransmissions: 256
Measurement saved
iperf3 output:
Connecting to host 35.93.195.101, port 5201
[  5] local 172.31.22.33 port 34142 connected to 35.93.195.101 port 5201
[ ID] Interval           Transfer     Bitrate         Retr  Cwnd
[  5]   0.00-1.00   sec  27.4 MBytes   229 Mbits/sec  670   1.99 MBytes       
[  5]   1.00-2.00   sec  36.2 MBytes   304 Mbits/sec    0   2.11 MBytes       
[  5]   2.00-3.00   sec  39.0 MBytes   327 Mbits/sec    0   2.21 MBytes       
[  5]   3.00-4.00   sec  41.9 MBytes   351 Mbits/sec    0   2.28 MBytes       
[  5]   4.00-5.00   sec  41.6 MBytes   349 Mbits/sec    0   2.33 MBytes       
[  5]   5.00-6.00   sec  43.4 MBytes   364 Mbits/sec    0   2.36 MBytes       
[  5]   6.00-7.00   sec  42.4 MBytes   356 Mbits/sec    0   2.38 MBytes       
[  5]   7.00-8.00   sec  42.5 MBytes   356 Mbits/sec    0   2.39 MBytes       
[  5]   8.00-9.00   sec  43.5 MBytes   365 Mbits/sec    0   2.40 MBytes       
[  5]   9.00-10.00  sec  43.1 MBytes   362 Mbits/sec    0   2.40 MBytes       
- - - - - - - - - - - - - - - - - - - - - - - - -
[ ID] Interval           Transfer     Bitrate         Retr
[  5]   0.00-10.00  sec   401 MBytes   336 Mbits/sec  670            sender
[  5]   0.00-10.06  sec   400 MBytes   334 Mbits/sec                  receiver

iperf Done.

Throughput: 336.0 Mbps
Retransmissions: 670
Measurement saved
iperf3 output:
Connecting to host 35.93.195.101, port 5201
[  5] local 172.31.22.33 port 49020 connected to 35.93.195.101 port 5201
[ ID] Interval           Transfer     Bitrate         Retr  Cwnd
[  5]   0.00-1.00   sec  37.2 MBytes   312 Mbits/sec    0   8.03 MBytes       
[  5]   1.00-2.00   sec  67.4 MBytes   565 Mbits/sec    0   8.03 MBytes       
[  5]   2.00-3.00   sec  59.0 MBytes   495 Mbits/sec   50   5.63 MBytes       
[  5]   3.00-4.00   sec  64.5 MBytes   541 Mbits/sec    0   5.63 MBytes       
[  5]   4.00-5.00   sec  62.9 MBytes   527 Mbits/sec    0   5.63 MBytes       
[  5]   5.00-6.00   sec  68.0 MBytes   570 Mbits/sec    0   5.63 MBytes       
[  5]   6.00-7.00   sec  63.4 MBytes   532 Mbits/sec    0   5.63 MBytes       
[  5]   7.00-8.00   sec  63.4 MBytes   532 Mbits/sec    0   5.63 MBytes       
[  5]   8.00-9.00   sec  63.8 MBytes   535 Mbits/sec    0   5.63 MBytes       
[  5]   9.00-10.00  sec  62.1 MBytes   521 Mbits/sec    0   5.63 MBytes       
- - - - - - - - - - - - - - - - - - - - - - - - -
[ ID] Interval           Transfer     Bitrate         Retr
[  5]   0.00-10.00  sec   613 MBytes   514 Mbits/sec   50            sender
[  5]   0.00-10.06  sec   613 MBytes   511 Mbits/sec                  receiver

iperf Done.

Throughput: 514.0 Mbps
Retransmissions: 50
Measurement saved
iperf3 output:
Connecting to host 35.93.195.101, port 5201
[  5] local 172.31.22.33 port 37532 connected to 35.93.195.101 port 5201
[ ID] Interval           Transfer     Bitrate         Retr  Cwnd
[  5]   0.00-1.00   sec  21.0 MBytes   176 Mbits/sec  564   1.74 MBytes       
[  5]   1.00-2.00   sec  31.1 MBytes   261 Mbits/sec    0   1.84 MBytes       
[  5]   2.00-3.00   sec  33.8 MBytes   283 Mbits/sec    0   1.93 MBytes       
[  5]   3.00-4.00   sec  32.8 MBytes   275 Mbits/sec    0   1.99 MBytes       
[  5]   4.00-5.00   sec  36.8 MBytes   308 Mbits/sec    0   2.03 MBytes       
[  5]   5.00-6.00   sec  34.4 MBytes   288 Mbits/sec    0   2.05 MBytes       
[  5]   6.00-7.00   sec  36.5 MBytes   306 Mbits/sec    0   2.07 MBytes       
[  5]   7.00-8.00   sec  36.2 MBytes   304 Mbits/sec    0   2.08 MBytes       
[  5]   8.00-9.00   sec  37.0 MBytes   310 Mbits/sec    0   2.08 MBytes       
[  5]   9.00-10.00  sec  36.2 MBytes   304 Mbits/sec    0   2.08 MBytes       
- - - - - - - - - - - - - - - - - - - - - - - - -
[ ID] Interval           Transfer     Bitrate         Retr
[  5]   0.00-10.00  sec   336 MBytes   282 Mbits/sec  564            sender
[  5]   0.00-10.06  sec   334 MBytes   278 Mbits/sec                  receiver

iperf Done.

Throughput: 282.0 Mbps
Retransmissions: 564
Measurement saved
iperf3 output:
Connecting to host 35.93.195.101, port 5201
[  5] local 172.31.22.33 port 58614 connected to 35.93.195.101 port 5201
[ ID] Interval           Transfer     Bitrate         Retr  Cwnd
[  5]   0.00-1.00   sec  28.6 MBytes   240 Mbits/sec   74   4.17 MBytes       
[  5]   1.00-2.00   sec  51.0 MBytes   428 Mbits/sec   73   2.98 MBytes       
[  5]   2.00-3.00   sec  49.1 MBytes   412 Mbits/sec    0   3.13 MBytes       
[  5]   3.00-4.00   sec  50.5 MBytes   424 Mbits/sec    0   3.25 MBytes       
[  5]   4.00-5.00   sec  41.6 MBytes   349 Mbits/sec    4   2.40 MBytes       
[  5]   5.00-6.00   sec  40.0 MBytes   335 Mbits/sec    0   2.51 MBytes       
[  5]   6.00-7.00   sec  41.5 MBytes   348 Mbits/sec    0   2.60 MBytes       
[  5]   7.00-8.00   sec  43.8 MBytes   367 Mbits/sec    0   2.67 MBytes       
[  5]   8.00-9.00   sec  44.2 MBytes   371 Mbits/sec    0   2.72 MBytes       
[  5]   9.00-10.00  sec  45.6 MBytes   383 Mbits/sec    0   2.75 MBytes       
- - - - - - - - - - - - - - - - - - - - - - - - -
[ ID] Interval           Transfer     Bitrate         Retr
[  5]   0.00-10.00  sec   436 MBytes   366 Mbits/sec  151            sender
[  5]   0.00-10.06  sec   434 MBytes   362 Mbits/sec                  receiver

iperf Done.

Throughput: 366.0 Mbps
Retransmissions: 151
Measurement saved
iperf3 output:
Connecting to host 35.93.195.101, port 5201
[  5] local 172.31.22.33 port 52398 connected to 35.93.195.101 port 5201
[ ID] Interval           Transfer     Bitrate         Retr  Cwnd
[  5]   0.00-1.00   sec  30.2 MBytes   253 Mbits/sec  602   1.97 MBytes       
[  5]   1.00-2.00   sec  51.8 MBytes   434 Mbits/sec   48   2.68 MBytes       
[  5]   2.00-3.00   sec  38.6 MBytes   324 Mbits/sec  270   1.98 MBytes       
[  5]   3.00-4.00   sec  37.6 MBytes   316 Mbits/sec    0   2.09 MBytes       
[  5]   4.00-5.00   sec  38.1 MBytes   320 Mbits/sec    0   2.17 MBytes       
[  5]   5.00-6.00   sec  35.1 MBytes   295 Mbits/sec   10   1.59 MBytes       
[  5]   6.00-7.00   sec  28.6 MBytes   240 Mbits/sec    0   1.68 MBytes       
[  5]   7.00-8.00   sec  31.6 MBytes   266 Mbits/sec    0   1.75 MBytes       
[  5]   8.00-9.00   sec  32.9 MBytes   276 Mbits/sec    0   1.80 MBytes       
[  5]   9.00-10.00  sec  32.8 MBytes   274 Mbits/sec    0   1.83 MBytes       
- - - - - - - - - - - - - - - - - - - - - - - - -
[ ID] Interval           Transfer     Bitrate         Retr
[  5]   0.00-10.00  sec   357 MBytes   300 Mbits/sec  930            sender
[  5]   0.00-10.06  sec   356 MBytes   297 Mbits/sec                  receiver

iperf Done.

Throughput: 300.0 Mbps
Retransmissions: 930
Measurement saved
iperf3 output:
Connecting to host 35.93.195.101, port 5201
[  5] local 172.31.22.33 port 60582 connected to 35.93.195.101 port 5201
[ ID] Interval           Transfer     Bitrate         Retr  Cwnd
[  5]   0.00-1.00   sec  27.8 MBytes   233 Mbits/sec  581   2.37 MBytes       
[  5]   1.00-2.00   sec  44.0 MBytes   369 Mbits/sec    0   2.58 MBytes       
[  5]   2.00-3.00   sec  47.6 MBytes   400 Mbits/sec    0   2.75 MBytes       
[  5]   3.00-4.00   sec  50.4 MBytes   423 Mbits/sec    0   2.89 MBytes       
[  5]   4.00-5.00   sec  53.1 MBytes   446 Mbits/sec    0   3.00 MBytes       
[  5]   5.00-6.00   sec  40.4 MBytes   339 Mbits/sec   24   2.21 MBytes       
[  5]   6.00-7.00   sec  41.2 MBytes   346 Mbits/sec    0   2.32 MBytes       
[  5]   7.00-8.00   sec  42.1 MBytes   353 Mbits/sec    0   2.40 MBytes       
[  5]   8.00-9.00   sec  44.9 MBytes   376 Mbits/sec    0   2.47 MBytes       
[  5]   9.00-10.00  sec  44.2 MBytes   371 Mbits/sec    0   2.51 MBytes       
- - - - - - - - - - - - - - - - - - - - - - - - -
[ ID] Interval           Transfer     Bitrate         Retr
[  5]   0.00-10.00  sec   436 MBytes   365 Mbits/sec  605            sender
[  5]   0.00-10.06  sec   435 MBytes   363 Mbits/sec                  receiver

iperf Done.

Throughput: 365.0 Mbps
Retransmissions: 605
Measurement saved
iperf3 output:
Connecting to host 35.93.195.101, port 5201
[  5] local 172.31.22.33 port 60152 connected to 35.93.195.101 port 5201
[ ID] Interval           Transfer     Bitrate         Retr  Cwnd
[  5]   0.00-1.00   sec  24.8 MBytes   207 Mbits/sec  748   1.76 MBytes       
[  5]   1.00-2.00   sec  31.5 MBytes   264 Mbits/sec    0   1.86 MBytes       
[  5]   2.00-3.00   sec  34.2 MBytes   287 Mbits/sec    0   1.94 MBytes       
[  5]   3.00-4.00   sec  37.1 MBytes   311 Mbits/sec    0   2.00 MBytes       
[  5]   4.00-5.00   sec  36.6 MBytes   307 Mbits/sec    0   2.04 MBytes       
[  5]   5.00-6.00   sec  37.0 MBytes   310 Mbits/sec    0   2.07 MBytes       
[  5]   6.00-7.00   sec  38.6 MBytes   324 Mbits/sec    0   2.08 MBytes       
[  5]   7.00-8.00   sec  38.4 MBytes   322 Mbits/sec    0   2.09 MBytes       
[  5]   8.00-9.00   sec  38.5 MBytes   323 Mbits/sec    0   2.09 MBytes       
[  5]   9.00-10.00  sec  37.0 MBytes   310 Mbits/sec    0   2.09 MBytes       
- - - - - - - - - - - - - - - - - - - - - - - - -
[ ID] Interval           Transfer     Bitrate         Retr
[  5]   0.00-10.00  sec   354 MBytes   297 Mbits/sec  748            sender
[  5]   0.00-10.06  sec   352 MBytes   294 Mbits/sec                  receiver

iperf Done.

Throughput: 297.0 Mbps
Retransmissions: 748
Measurement saved
iperf3 output:
Connecting to host 35.93.195.101, port 5201
[  5] local 172.31.22.33 port 47538 connected to 35.93.195.101 port 5201
[ ID] Interval           Transfer     Bitrate         Retr  Cwnd
[  5]   0.00-1.00   sec  24.8 MBytes   207 Mbits/sec  280   2.07 MBytes       
[  5]   1.00-2.00   sec  39.0 MBytes   327 Mbits/sec    0   2.19 MBytes       
[  5]   2.00-3.00   sec  40.8 MBytes   342 Mbits/sec    0   2.28 MBytes       
[  5]   3.00-4.00   sec  40.8 MBytes   342 Mbits/sec    0   2.35 MBytes       
[  5]   4.00-5.00   sec  42.5 MBytes   357 Mbits/sec    0   2.40 MBytes       
[  5]   5.00-6.00   sec  43.6 MBytes   366 Mbits/sec    0   2.44 MBytes       
[  5]   6.00-7.00   sec  45.4 MBytes   381 Mbits/sec    0   2.46 MBytes       
[  5]   7.00-8.00   sec  46.2 MBytes   388 Mbits/sec    0   2.47 MBytes       
[  5]   8.00-9.00   sec  44.6 MBytes   374 Mbits/sec    0   2.47 MBytes       
[  5]   9.00-10.00  sec  43.9 MBytes   368 Mbits/sec    0   2.47 MBytes       
- - - - - - - - - - - - - - - - - - - - - - - - -
[ ID] Interval           Transfer     Bitrate         Retr
[  5]   0.00-10.00  sec   412 MBytes   345 Mbits/sec  280            sender
[  5]   0.00-10.06  sec   411 MBytes   343 Mbits/sec                  receiver

iperf Done.

Throughput: 345.0 Mbps
Retransmissions: 280
Measurement saved
iperf3 output:
Connecting to host 35.93.195.101, port 5201
[  5] local 172.31.22.33 port 46708 connected to 35.93.195.101 port 5201
[ ID] Interval           Transfer     Bitrate         Retr  Cwnd
[  5]   0.00-1.00   sec  30.2 MBytes   254 Mbits/sec  341   2.16 MBytes       
[  5]   1.00-2.00   sec  41.5 MBytes   348 Mbits/sec    0   2.29 MBytes       
[  5]   2.00-3.00   sec  42.2 MBytes   354 Mbits/sec    0   2.40 MBytes       
[  5]   3.00-4.00   sec  43.9 MBytes   368 Mbits/sec    0   2.47 MBytes       
[  5]   4.00-5.00   sec  46.0 MBytes   386 Mbits/sec    0   2.53 MBytes       
[  5]   5.00-6.00   sec  47.8 MBytes   401 Mbits/sec    0   2.57 MBytes       
[  5]   6.00-7.00   sec  46.6 MBytes   391 Mbits/sec    0   2.60 MBytes       
[  5]   7.00-8.00   sec  45.8 MBytes   384 Mbits/sec    0   2.62 MBytes       
[  5]   8.00-9.00   sec  49.1 MBytes   412 Mbits/sec    0   2.62 MBytes       
[  5]   9.00-10.00  sec  48.0 MBytes   403 Mbits/sec    0   2.62 MBytes       
- - - - - - - - - - - - - - - - - - - - - - - - -
[ ID] Interval           Transfer     Bitrate         Retr
[  5]   0.00-10.00  sec   441 MBytes   370 Mbits/sec  341            sender
[  5]   0.00-10.06  sec   441 MBytes   368 Mbits/sec                  receiver

iperf Done.

Throughput: 370.0 Mbps
Retransmissions: 341
Measurement saved
iperf3 output:
Connecting to host 35.93.195.101, port 5201
[  5] local 172.31.22.33 port 38168 connected to 35.93.195.101 port 5201
[ ID] Interval           Transfer     Bitrate         Retr  Cwnd
[  5]   0.00-1.00   sec  26.1 MBytes   219 Mbits/sec  113   4.38 MBytes       
[  5]   1.00-2.00   sec  55.0 MBytes   461 Mbits/sec    0   4.38 MBytes       
[  5]   2.00-3.00   sec  44.4 MBytes   372 Mbits/sec  132   2.17 MBytes       
[  5]   3.00-4.00   sec  36.0 MBytes   302 Mbits/sec    0   2.29 MBytes       
[  5]   4.00-5.00   sec  36.8 MBytes   308 Mbits/sec    0   2.39 MBytes       
[  5]   5.00-6.00   sec  39.5 MBytes   331 Mbits/sec    0   2.47 MBytes       
[  5]   6.00-7.00   sec  39.0 MBytes   327 Mbits/sec    0   2.53 MBytes       
[  5]   7.00-8.00   sec  41.4 MBytes   347 Mbits/sec    0   2.56 MBytes       
[  5]   8.00-9.00   sec  41.4 MBytes   347 Mbits/sec    0   2.59 MBytes       
[  5]   9.00-10.00  sec  41.0 MBytes   344 Mbits/sec    0   2.60 MBytes       
- - - - - - - - - - - - - - - - - - - - - - - - -
[ ID] Interval           Transfer     Bitrate         Retr
[  5]   0.00-10.00  sec   400 MBytes   336 Mbits/sec  245            sender
[  5]   0.00-10.06  sec   400 MBytes   334 Mbits/sec                  receiver

iperf Done.

Throughput: 336.0 Mbps
Retransmissions: 245
Measurement saved
iperf3 output:
Connecting to host 35.93.195.101, port 5201
[  5] local 172.31.22.33 port 40870 connected to 35.93.195.101 port 5201
[ ID] Interval           Transfer     Bitrate         Retr  Cwnd
[  5]   0.00-1.00   sec  25.8 MBytes   216 Mbits/sec  599   1.81 MBytes       
[  5]   1.00-2.00   sec  31.8 MBytes   266 Mbits/sec  153   1.16 MBytes       
[  5]   2.00-3.00   sec  19.0 MBytes   159 Mbits/sec    0   1.02 MBytes       
[  5]   3.00-4.00   sec  18.6 MBytes   156 Mbits/sec    0   1.07 MBytes       
[  5]   4.00-5.00   sec  18.6 MBytes   156 Mbits/sec    0   1.11 MBytes       
[  5]   5.00-6.00   sec  19.9 MBytes   167 Mbits/sec    0   1.13 MBytes       
[  5]   6.00-7.00   sec  21.4 MBytes   179 Mbits/sec    0   1.14 MBytes       
[  5]   7.00-8.00   sec  21.5 MBytes   180 Mbits/sec    0   1.15 MBytes       
[  5]   8.00-9.00   sec  20.8 MBytes   174 Mbits/sec    0   1.15 MBytes       
[  5]   9.00-10.00  sec  21.0 MBytes   176 Mbits/sec    0   1.15 MBytes       
- - - - - - - - - - - - - - - - - - - - - - - - -
[ ID] Interval           Transfer     Bitrate         Retr
[  5]   0.00-10.00  sec   218 MBytes   183 Mbits/sec  752            sender
[  5]   0.00-10.06  sec   216 MBytes   180 Mbits/sec                  receiver

iperf Done.

Throughput: 183.0 Mbps
Retransmissions: 752
Measurement saved
iperf3 output:
Connecting to host 35.93.195.101, port 5201
[  5] local 172.31.22.33 port 44660 connected to 35.93.195.101 port 5201
[ ID] Interval           Transfer     Bitrate         Retr  Cwnd
[  5]   0.00-1.00   sec  29.0 MBytes   243 Mbits/sec  496   2.22 MBytes       
[  5]   1.00-2.00   sec  42.0 MBytes   352 Mbits/sec    0   2.34 MBytes       
[  5]   2.00-3.00   sec  43.1 MBytes   362 Mbits/sec    0   2.44 MBytes       
[  5]   3.00-4.00   sec  44.4 MBytes   372 Mbits/sec    0   2.51 MBytes       
[  5]   4.00-5.00   sec  45.2 MBytes   380 Mbits/sec    0   2.56 MBytes       
[  5]   5.00-6.00   sec  49.2 MBytes   413 Mbits/sec    0   2.60 MBytes       
[  5]   6.00-7.00   sec  46.8 MBytes   392 Mbits/sec    0   2.62 MBytes       
[  5]   7.00-8.00   sec  46.6 MBytes   391 Mbits/sec    0   2.63 MBytes       
[  5]   8.00-9.00   sec  48.0 MBytes   403 Mbits/sec    0   2.64 MBytes       
[  5]   9.00-10.00  sec  49.5 MBytes   415 Mbits/sec    0   2.64 MBytes       
- - - - - - - - - - - - - - - - - - - - - - - - -
[ ID] Interval           Transfer     Bitrate         Retr
[  5]   0.00-10.00  sec   444 MBytes   373 Mbits/sec  496            sender
[  5]   0.00-10.06  sec   444 MBytes   370 Mbits/sec                  receiver

iperf Done.

Throughput: 373.0 Mbps
Retransmissions: 496
Measurement saved
iperf3 output:
Connecting to host 35.93.195.101, port 5201
[  5] local 172.31.22.33 port 39296 connected to 35.93.195.101 port 5201
[ ID] Interval           Transfer     Bitrate         Retr  Cwnd
[  5]   0.00-1.00   sec  27.5 MBytes   230 Mbits/sec  664   2.48 MBytes       
[  5]   1.00-2.00   sec  46.8 MBytes   392 Mbits/sec    0   2.61 MBytes       
[  5]   2.00-3.00   sec  48.2 MBytes   405 Mbits/sec    0   2.72 MBytes       
[  5]   3.00-4.00   sec  49.6 MBytes   416 Mbits/sec    0   2.80 MBytes       
[  5]   4.00-5.00   sec  50.4 MBytes   423 Mbits/sec    0   2.87 MBytes       
[  5]   5.00-6.00   sec  51.0 MBytes   428 Mbits/sec    0   2.91 MBytes       
[  5]   6.00-7.00   sec  52.8 MBytes   442 Mbits/sec    0   2.94 MBytes       
[  5]   7.00-8.00   sec  52.2 MBytes   438 Mbits/sec    0   2.95 MBytes       
[  5]   8.00-9.00   sec  52.6 MBytes   441 Mbits/sec    0   2.96 MBytes       
[  5]   9.00-10.00  sec  53.2 MBytes   447 Mbits/sec    0   2.96 MBytes       
- - - - - - - - - - - - - - - - - - - - - - - - -
[ ID] Interval           Transfer     Bitrate         Retr
[  5]   0.00-10.00  sec   485 MBytes   407 Mbits/sec  664            sender
[  5]   0.00-10.06  sec   485 MBytes   404 Mbits/sec                  receiver

iperf Done.

Throughput: 407.0 Mbps
Retransmissions: 664
Measurement saved
iperf3 output:
Connecting to host 35.93.195.101, port 5201
[  5] local 172.31.22.33 port 58376 connected to 35.93.195.101 port 5201
[ ID] Interval           Transfer     Bitrate         Retr  Cwnd
[  5]   0.00-1.00   sec  40.6 MBytes   340 Mbits/sec    0   8.03 MBytes       
[  5]   1.00-2.00   sec  68.6 MBytes   576 Mbits/sec    0   8.03 MBytes       
[  5]   2.00-3.00   sec  67.6 MBytes   567 Mbits/sec    0   8.03 MBytes       
[  5]   3.00-4.00   sec  66.8 MBytes   560 Mbits/sec    0   8.03 MBytes       
[  5]   4.00-5.00   sec  67.6 MBytes   567 Mbits/sec    0   8.03 MBytes       
[  5]   5.00-6.00   sec  64.0 MBytes   537 Mbits/sec    0   8.03 MBytes       
[  5]   6.00-7.00   sec  67.1 MBytes   563 Mbits/sec   24   2.76 MBytes       
[  5]   7.00-8.00   sec  60.1 MBytes   505 Mbits/sec    0   5.62 MBytes       
[  5]   8.00-9.00   sec  66.2 MBytes   556 Mbits/sec    0   5.62 MBytes       
[  5]   9.00-10.00  sec  63.0 MBytes   528 Mbits/sec    0   5.62 MBytes       
- - - - - - - - - - - - - - - - - - - - - - - - -
[ ID] Interval           Transfer     Bitrate         Retr
[  5]   0.00-10.00  sec   632 MBytes   530 Mbits/sec   24            sender
[  5]   0.00-10.06  sec   632 MBytes   527 Mbits/sec                  receiver

iperf Done.

Throughput: 530.0 Mbps
Retransmissions: 24
Measurement saved
iperf3 output:
Connecting to host 35.93.195.101, port 5201
[  5] local 172.31.22.33 port 46936 connected to 35.93.195.101 port 5201
[ ID] Interval           Transfer     Bitrate         Retr  Cwnd
[  5]   0.00-1.00   sec  31.2 MBytes   262 Mbits/sec  243   5.60 MBytes       
[  5]   1.00-2.00   sec  25.1 MBytes   211 Mbits/sec  1849    994 KBytes       
[  5]   2.00-3.00   sec  18.2 MBytes   153 Mbits/sec    0   1.04 MBytes       
[  5]   3.00-4.00   sec  18.4 MBytes   154 Mbits/sec    0   1.09 MBytes       
[  5]   4.00-5.00   sec  21.0 MBytes   176 Mbits/sec    0   1.12 MBytes       
[  5]   5.00-6.00   sec  20.2 MBytes   170 Mbits/sec    0   1.14 MBytes       
[  5]   6.00-7.00   sec  21.1 MBytes   177 Mbits/sec    0   1.15 MBytes       
[  5]   7.00-8.00   sec  21.0 MBytes   176 Mbits/sec    0   1.15 MBytes       
[  5]   8.00-9.00   sec  20.1 MBytes   169 Mbits/sec    0   1.15 MBytes       
[  5]   9.00-10.00  sec  21.4 MBytes   179 Mbits/sec    0   1.15 MBytes       
- - - - - - - - - - - - - - - - - - - - - - - - -
[ ID] Interval           Transfer     Bitrate         Retr
[  5]   0.00-10.00  sec   218 MBytes   183 Mbits/sec  2092            sender
[  5]   0.00-10.06  sec   216 MBytes   180 Mbits/sec                  receiver

iperf Done.

Throughput: 183.0 Mbps
Retransmissions: 2092
Measurement saved
iperf3 output:
Connecting to host 35.93.195.101, port 5201
[  5] local 172.31.22.33 port 48956 connected to 35.93.195.101 port 5201
[ ID] Interval           Transfer     Bitrate         Retr  Cwnd
[  5]   0.00-1.00   sec  34.9 MBytes   292 Mbits/sec    0   7.20 MBytes       
[  5]   1.00-2.00   sec  63.9 MBytes   536 Mbits/sec    0   7.65 MBytes       
[  5]   2.00-3.00   sec  58.9 MBytes   494 Mbits/sec  120   5.62 MBytes       
[  5]   3.00-4.00   sec  64.8 MBytes   544 Mbits/sec    0   5.62 MBytes       
[  5]   4.00-5.00   sec  61.5 MBytes   516 Mbits/sec    0   5.62 MBytes       
[  5]   5.00-6.00   sec  66.4 MBytes   557 Mbits/sec    0   5.62 MBytes       
[  5]   6.00-7.00   sec  59.5 MBytes   499 Mbits/sec    0   5.62 MBytes       
[  5]   7.00-8.00   sec  66.1 MBytes   555 Mbits/sec    0   5.62 MBytes       
[  5]   8.00-9.00   sec  63.1 MBytes   530 Mbits/sec    0   5.62 MBytes       
[  5]   9.00-10.00  sec  61.9 MBytes   519 Mbits/sec    0   5.62 MBytes       
- - - - - - - - - - - - - - - - - - - - - - - - -
[ ID] Interval           Transfer     Bitrate         Retr
[  5]   0.00-10.00  sec   601 MBytes   504 Mbits/sec  120            sender
[  5]   0.00-10.06  sec   601 MBytes   501 Mbits/sec                  receiver

iperf Done.

Throughput: 504.0 Mbps
Retransmissions: 120
Measurement saved
iperf3 output:
Connecting to host 35.93.195.101, port 5201
[  5] local 172.31.22.33 port 56776 connected to 35.93.195.101 port 5201
[ ID] Interval           Transfer     Bitrate         Retr  Cwnd
[  5]   0.00-1.00   sec  36.5 MBytes   306 Mbits/sec    0   8.03 MBytes       
[  5]   1.00-2.00   sec  53.9 MBytes   452 Mbits/sec  130   3.96 MBytes       
[  5]   2.00-3.00   sec  61.8 MBytes   518 Mbits/sec    0   3.96 MBytes       
[  5]   3.00-4.00   sec  44.0 MBytes   369 Mbits/sec  900   1.38 MBytes       
[  5]   4.00-5.00   sec  25.9 MBytes   217 Mbits/sec    0   1.47 MBytes       
[  5]   5.00-6.00   sec  25.8 MBytes   216 Mbits/sec    0   1.54 MBytes       
[  5]   6.00-7.00   sec  27.5 MBytes   231 Mbits/sec    0   1.59 MBytes       
[  5]   7.00-8.00   sec  29.0 MBytes   243 Mbits/sec    0   1.62 MBytes       
[  5]   8.00-9.00   sec  28.6 MBytes   240 Mbits/sec    0   1.64 MBytes       
[  5]   9.00-10.00  sec  29.0 MBytes   243 Mbits/sec    0   1.65 MBytes       
- - - - - - - - - - - - - - - - - - - - - - - - -
[ ID] Interval           Transfer     Bitrate         Retr
[  5]   0.00-10.00  sec   362 MBytes   304 Mbits/sec  1030            sender
[  5]   0.00-10.06  sec   360 MBytes   300 Mbits/sec                  receiver

iperf Done.

Throughput: 304.0 Mbps
Retransmissions: 1030
Measurement saved
iperf3 output:
Connecting to host 35.93.195.101, port 5201
[  5] local 172.31.22.33 port 39118 connected to 35.93.195.101 port 5201
[ ID] Interval           Transfer     Bitrate         Retr  Cwnd
[  5]   0.00-1.00   sec  37.9 MBytes   317 Mbits/sec    0   8.02 MBytes       
[  5]   1.00-2.00   sec  67.0 MBytes   562 Mbits/sec  348   2.68 MBytes       
[  5]   2.00-3.00   sec  33.4 MBytes   280 Mbits/sec  1796   2.00 MBytes       
[  5]   3.00-4.00   sec  37.8 MBytes   317 Mbits/sec    0   2.11 MBytes       
[  5]   4.00-5.00   sec  38.6 MBytes   324 Mbits/sec    0   2.19 MBytes       
[  5]   5.00-6.00   sec  41.4 MBytes   347 Mbits/sec    0   2.26 MBytes       
[  5]   6.00-7.00   sec  41.2 MBytes   346 Mbits/sec    0   2.30 MBytes       
[  5]   7.00-8.00   sec  42.0 MBytes   352 Mbits/sec    0   2.33 MBytes       
[  5]   8.00-9.00   sec  42.0 MBytes   352 Mbits/sec    0   2.34 MBytes       
[  5]   9.00-10.00  sec  41.8 MBytes   350 Mbits/sec    0   2.35 MBytes       
- - - - - - - - - - - - - - - - - - - - - - - - -
[ ID] Interval           Transfer     Bitrate         Retr
[  5]   0.00-10.00  sec   423 MBytes   355 Mbits/sec  2144            sender
[  5]   0.00-10.06  sec   422 MBytes   352 Mbits/sec                  receiver

iperf Done.

Throughput: 355.0 Mbps
Retransmissions: 2144
Measurement saved
iperf3 output:
Connecting to host 35.93.195.101, port 5201
[  5] local 172.31.22.33 port 54532 connected to 35.93.195.101 port 5201
[ ID] Interval           Transfer     Bitrate         Retr  Cwnd
[  5]   0.00-1.00   sec  26.4 MBytes   221 Mbits/sec   27   2.32 MBytes       
[  5]   1.00-2.00   sec  48.5 MBytes   407 Mbits/sec  250   2.65 MBytes       
[  5]   2.00-3.00   sec  44.4 MBytes   372 Mbits/sec    0   2.80 MBytes       
[  5]   3.00-4.00   sec  48.5 MBytes   407 Mbits/sec    0   2.91 MBytes       
[  5]   4.00-5.00   sec  50.0 MBytes   419 Mbits/sec    0   3.00 MBytes       
[  5]   5.00-6.00   sec  50.9 MBytes   427 Mbits/sec    0   3.06 MBytes       
[  5]   6.00-7.00   sec  50.2 MBytes   422 Mbits/sec    0   3.11 MBytes       
[  5]   7.00-8.00   sec  52.8 MBytes   442 Mbits/sec    0   3.14 MBytes       
[  5]   8.00-9.00   sec  54.1 MBytes   454 Mbits/sec    0   3.16 MBytes       
[  5]   9.00-10.00  sec  51.0 MBytes   427 Mbits/sec    0   3.16 MBytes       
- - - - - - - - - - - - - - - - - - - - - - - - -
[ ID] Interval           Transfer     Bitrate         Retr
[  5]   0.00-10.00  sec   477 MBytes   400 Mbits/sec  277            sender
[  5]   0.00-10.06  sec   476 MBytes   397 Mbits/sec                  receiver

iperf Done.

Throughput: 400.0 Mbps
Retransmissions: 277
Measurement saved
iperf3 output:
Connecting to host 35.93.195.101, port 5201
[  5] local 172.31.22.33 port 40878 connected to 35.93.195.101 port 5201
[ ID] Interval           Transfer     Bitrate         Retr  Cwnd
[  5]   0.00-1.00   sec  35.1 MBytes   294 Mbits/sec    0   7.72 MBytes       
[  5]   1.00-2.00   sec  42.6 MBytes   358 Mbits/sec  780   1.99 MBytes       
[  5]   2.00-3.00   sec  37.5 MBytes   315 Mbits/sec    0   2.10 MBytes       
[  5]   3.00-4.00   sec  35.8 MBytes   300 Mbits/sec    0   2.19 MBytes       
[  5]   4.00-5.00   sec  40.1 MBytes   337 Mbits/sec    0   2.25 MBytes       
[  5]   5.00-6.00   sec  39.2 MBytes   329 Mbits/sec    0   2.30 MBytes       
[  5]   6.00-7.00   sec  40.5 MBytes   340 Mbits/sec    0   2.33 MBytes       
[  5]   7.00-8.00   sec  29.2 MBytes   245 Mbits/sec   72   1.73 MBytes       
[  5]   8.00-9.00   sec  32.1 MBytes   269 Mbits/sec    0   1.81 MBytes       
[  5]   9.00-10.00  sec  33.5 MBytes   281 Mbits/sec    0   1.88 MBytes       
- - - - - - - - - - - - - - - - - - - - - - - - -
[ ID] Interval           Transfer     Bitrate         Retr
[  5]   0.00-10.00  sec   366 MBytes   307 Mbits/sec  852            sender
[  5]   0.00-10.06  sec   364 MBytes   304 Mbits/sec                  receiver

iperf Done.

Throughput: 307.0 Mbps
Retransmissions: 852
Measurement saved
iperf3 output:
Connecting to host 35.93.195.101, port 5201
[  5] local 172.31.22.33 port 44556 connected to 35.93.195.101 port 5201
[ ID] Interval           Transfer     Bitrate         Retr  Cwnd
[  5]   0.00-1.00   sec  36.0 MBytes   302 Mbits/sec    0   8.80 MBytes       
[  5]   1.00-2.00   sec  65.4 MBytes   548 Mbits/sec    0   8.80 MBytes       
[  5]   2.00-3.00   sec  58.4 MBytes   490 Mbits/sec   37   4.32 MBytes       
[  5]   3.00-4.00   sec  65.5 MBytes   549 Mbits/sec    0   4.32 MBytes       
[  5]   4.00-5.00   sec  62.4 MBytes   523 Mbits/sec    0   4.32 MBytes       
[  5]   5.00-6.00   sec  66.6 MBytes   559 Mbits/sec    0   4.32 MBytes       
[  5]   6.00-7.00   sec  59.8 MBytes   501 Mbits/sec    0   4.32 MBytes       
[  5]   7.00-8.00   sec  63.8 MBytes   535 Mbits/sec    0   4.32 MBytes       
[  5]   8.00-9.00   sec  62.1 MBytes   521 Mbits/sec    0   4.32 MBytes       
[  5]   9.00-10.00  sec  66.1 MBytes   555 Mbits/sec    0   4.32 MBytes       
- - - - - - - - - - - - - - - - - - - - - - - - -
[ ID] Interval           Transfer     Bitrate         Retr
[  5]   0.00-10.00  sec   606 MBytes   508 Mbits/sec   37            sender
[  5]   0.00-10.06  sec   606 MBytes   505 Mbits/sec                  receiver

iperf Done.

Throughput: 508.0 Mbps
Retransmissions: 37
Measurement saved
iperf3 output:
Connecting to host 35.93.195.101, port 5201
[  5] local 172.31.22.33 port 57096 connected to 35.93.195.101 port 5201
[ ID] Interval           Transfer     Bitrate         Retr  Cwnd
[  5]   0.00-1.00   sec  27.0 MBytes   226 Mbits/sec  175   2.59 MBytes       
[  5]   1.00-2.00   sec  49.1 MBytes   412 Mbits/sec    0   2.81 MBytes       
[  5]   2.00-3.00   sec  52.4 MBytes   439 Mbits/sec    0   2.99 MBytes       
[  5]   3.00-4.00   sec  51.9 MBytes   435 Mbits/sec   42   2.20 MBytes       
[  5]   4.00-5.00   sec  40.1 MBytes   337 Mbits/sec    0   2.33 MBytes       
[  5]   5.00-6.00   sec  43.9 MBytes   368 Mbits/sec    0   2.43 MBytes       
[  5]   6.00-7.00   sec  43.6 MBytes   366 Mbits/sec    0   2.51 MBytes       
[  5]   7.00-8.00   sec  46.1 MBytes   387 Mbits/sec    0   2.57 MBytes       
[  5]   8.00-9.00   sec  46.1 MBytes   387 Mbits/sec    0   2.61 MBytes       
[  5]   9.00-10.00  sec  47.1 MBytes   395 Mbits/sec    0   2.63 MBytes       
- - - - - - - - - - - - - - - - - - - - - - - - -
[ ID] Interval           Transfer     Bitrate         Retr
[  5]   0.00-10.00  sec   447 MBytes   375 Mbits/sec  217            sender
[  5]   0.00-10.06  sec   447 MBytes   373 Mbits/sec                  receiver

iperf Done.

Throughput: 375.0 Mbps
Retransmissions: 217
Measurement saved
iperf3 output:
Connecting to host 35.93.195.101, port 5201
[  5] local 172.31.22.33 port 32834 connected to 35.93.195.101 port 5201
[ ID] Interval           Transfer     Bitrate         Retr  Cwnd
[  5]   0.00-1.00   sec  26.5 MBytes   222 Mbits/sec  428   2.04 MBytes       
[  5]   1.00-2.00   sec  38.4 MBytes   322 Mbits/sec    0   2.16 MBytes       
[  5]   2.00-3.00   sec  39.6 MBytes   332 Mbits/sec    0   2.25 MBytes       
[  5]   3.00-4.00   sec  40.2 MBytes   338 Mbits/sec    0   2.32 MBytes       
[  5]   4.00-5.00   sec  42.8 MBytes   359 Mbits/sec    0   2.37 MBytes       
[  5]   5.00-6.00   sec  42.2 MBytes   354 Mbits/sec    0   2.40 MBytes       
[  5]   6.00-7.00   sec  43.1 MBytes   362 Mbits/sec    0   2.42 MBytes       
[  5]   7.00-8.00   sec  33.1 MBytes   278 Mbits/sec   23   1.80 MBytes       
[  5]   8.00-9.00   sec  33.0 MBytes   277 Mbits/sec    0   1.89 MBytes       
[  5]   9.00-10.00  sec  35.4 MBytes   297 Mbits/sec    0   1.95 MBytes       
- - - - - - - - - - - - - - - - - - - - - - - - -
[ ID] Interval           Transfer     Bitrate         Retr
[  5]   0.00-10.00  sec   374 MBytes   314 Mbits/sec  451            sender
[  5]   0.00-10.06  sec   374 MBytes   312 Mbits/sec                  receiver

iperf Done.

Throughput: 314.0 Mbps
Retransmissions: 451
Measurement saved
iperf3 output:
Connecting to host 35.93.195.101, port 5201
[  5] local 172.31.22.33 port 33810 connected to 35.93.195.101 port 5201
[ ID] Interval           Transfer     Bitrate         Retr  Cwnd
[  5]   0.00-1.00   sec  19.0 MBytes   159 Mbits/sec  1370   1.32 MBytes       
[  5]   1.00-2.00   sec  25.8 MBytes   216 Mbits/sec    9   1.41 MBytes       
[  5]   2.00-3.00   sec  23.0 MBytes   193 Mbits/sec  162   1.05 MBytes       
[  5]   3.00-4.00   sec  19.6 MBytes   165 Mbits/sec    0   1.12 MBytes       
[  5]   4.00-5.00   sec  20.6 MBytes   173 Mbits/sec    0   1.17 MBytes       
[  5]   5.00-6.00   sec  21.0 MBytes   176 Mbits/sec    0   1.20 MBytes       
[  5]   6.00-7.00   sec  22.2 MBytes   187 Mbits/sec    0   1.22 MBytes       
[  5]   7.00-8.00   sec  22.1 MBytes   186 Mbits/sec    0   1.23 MBytes       
[  5]   8.00-9.00   sec  23.5 MBytes   197 Mbits/sec    0   1.24 MBytes       
[  5]   9.00-10.00  sec  21.9 MBytes   183 Mbits/sec    0   1.24 MBytes       
- - - - - - - - - - - - - - - - - - - - - - - - -
[ ID] Interval           Transfer     Bitrate         Retr
[  5]   0.00-10.00  sec   219 MBytes   183 Mbits/sec  1541            sender
[  5]   0.00-10.06  sec   217 MBytes   181 Mbits/sec                  receiver

iperf Done.

Throughput: 183.0 Mbps
Retransmissions: 1541
Measurement saved
iperf3 output:
Connecting to host 35.93.195.101, port 5201
[  5] local 172.31.22.33 port 51252 connected to 35.93.195.101 port 5201
[ ID] Interval           Transfer     Bitrate         Retr  Cwnd
[  5]   0.00-1.00   sec  33.9 MBytes   284 Mbits/sec    0   7.76 MBytes       
[  5]   1.00-2.00   sec  64.4 MBytes   540 Mbits/sec    0   8.02 MBytes       
[  5]   2.00-3.00   sec  62.9 MBytes   527 Mbits/sec    0   8.02 MBytes       
[  5]   3.00-4.00   sec  69.1 MBytes   580 Mbits/sec    0   8.02 MBytes       
[  5]   4.00-5.00   sec  62.0 MBytes   520 Mbits/sec    0   8.02 MBytes       
[  5]   5.00-6.00   sec  62.8 MBytes   526 Mbits/sec    0   8.02 MBytes       
[  5]   6.00-7.00   sec  67.8 MBytes   568 Mbits/sec    0   8.02 MBytes       
[  5]   7.00-8.00   sec  63.5 MBytes   533 Mbits/sec    0   8.02 MBytes       
[  5]   8.00-9.00   sec  67.1 MBytes   563 Mbits/sec    0   8.02 MBytes       
[  5]   9.00-10.00  sec  64.8 MBytes   543 Mbits/sec    0   8.02 MBytes       
- - - - - - - - - - - - - - - - - - - - - - - - -
[ ID] Interval           Transfer     Bitrate         Retr
[  5]   0.00-10.00  sec   620 MBytes   520 Mbits/sec    0            sender
[  5]   0.00-10.06  sec   620 MBytes   517 Mbits/sec                  receiver

iperf Done.

Throughput: 520.0 Mbps
Retransmissions: 0
Measurement saved
iperf3 output:
Connecting to host 35.93.195.101, port 5201
[  5] local 172.31.22.33 port 39934 connected to 35.93.195.101 port 5201
[ ID] Interval           Transfer     Bitrate         Retr  Cwnd
[  5]   0.00-1.00   sec  35.9 MBytes   301 Mbits/sec    0   7.46 MBytes       
[  5]   1.00-2.00   sec  65.6 MBytes   550 Mbits/sec    0   8.05 MBytes       
[  5]   2.00-3.00   sec  64.4 MBytes   540 Mbits/sec    0   8.05 MBytes       
[  5]   3.00-4.00   sec  68.4 MBytes   574 Mbits/sec    0   8.05 MBytes       
[  5]   4.00-5.00   sec  64.9 MBytes   544 Mbits/sec    0   8.05 MBytes       
[  5]   5.00-6.00   sec  68.5 MBytes   575 Mbits/sec    0   8.05 MBytes       
[  5]   6.00-7.00   sec  64.6 MBytes   542 Mbits/sec    0   8.05 MBytes       
[  5]   7.00-8.00   sec  68.1 MBytes   571 Mbits/sec    0   8.05 MBytes       
[  5]   8.00-9.00   sec  65.1 MBytes   546 Mbits/sec    0   8.05 MBytes       
[  5]   9.00-10.00  sec  66.1 MBytes   555 Mbits/sec    0   8.05 MBytes       
- - - - - - - - - - - - - - - - - - - - - - - - -
[ ID] Interval           Transfer     Bitrate         Retr
[  5]   0.00-10.00  sec   632 MBytes   530 Mbits/sec    0            sender
[  5]   0.00-10.06  sec   632 MBytes   527 Mbits/sec                  receiver

iperf Done.

Throughput: 530.0 Mbps
Retransmissions: 0
Measurement saved
iperf3 output:
Connecting to host 35.93.195.101, port 5201
[  5] local 172.31.22.33 port 53228 connected to 35.93.195.101 port 5201
[ ID] Interval           Transfer     Bitrate         Retr  Cwnd
[  5]   0.00-1.00   sec  38.1 MBytes   319 Mbits/sec    0   8.11 MBytes       
[  5]   1.00-2.00   sec  64.5 MBytes   541 Mbits/sec    0   8.11 MBytes       
[  5]   2.00-3.00   sec  68.0 MBytes   570 Mbits/sec    0   8.11 MBytes       
[  5]   3.00-4.00   sec  65.9 MBytes   553 Mbits/sec    0   8.11 MBytes       
[  5]   4.00-5.00   sec  68.1 MBytes   571 Mbits/sec    0   8.11 MBytes       
[  5]   5.00-6.00   sec  64.8 MBytes   543 Mbits/sec    0   8.11 MBytes       
[  5]   6.00-7.00   sec  67.5 MBytes   566 Mbits/sec    0   8.11 MBytes       
[  5]   7.00-8.00   sec  60.8 MBytes   510 Mbits/sec   35   5.68 MBytes       
[  5]   8.00-9.00   sec  66.1 MBytes   555 Mbits/sec    0   5.68 MBytes       
[  5]   9.00-10.00  sec  63.5 MBytes   533 Mbits/sec    0   5.68 MBytes       
- - - - - - - - - - - - - - - - - - - - - - - - -
[ ID] Interval           Transfer     Bitrate         Retr
[  5]   0.00-10.00  sec   628 MBytes   526 Mbits/sec   35            sender
[  5]   0.00-10.06  sec   628 MBytes   523 Mbits/sec                  receiver

iperf Done.

Throughput: 526.0 Mbps
Retransmissions: 35
Measurement saved
iperf3 output:
Connecting to host 35.93.195.101, port 5201
[  5] local 172.31.22.33 port 38670 connected to 35.93.195.101 port 5201
[ ID] Interval           Transfer     Bitrate         Retr  Cwnd
[  5]   0.00-1.00   sec  20.2 MBytes   170 Mbits/sec  833   1.35 MBytes       
[  5]   1.00-2.00   sec  23.9 MBytes   200 Mbits/sec    0   1.44 MBytes       
[  5]   2.00-3.00   sec  27.6 MBytes   232 Mbits/sec    0   1.51 MBytes       
[  5]   3.00-4.00   sec  26.1 MBytes   219 Mbits/sec    0   1.56 MBytes       
[  5]   4.00-5.00   sec  28.0 MBytes   235 Mbits/sec    0   1.60 MBytes       
[  5]   5.00-6.00   sec  27.5 MBytes   231 Mbits/sec    0   1.62 MBytes       
[  5]   6.00-7.00   sec  29.1 MBytes   244 Mbits/sec    0   1.63 MBytes       
[  5]   7.00-8.00   sec  26.9 MBytes   225 Mbits/sec    0   1.63 MBytes       
[  5]   8.00-9.00   sec  29.8 MBytes   250 Mbits/sec    0   1.63 MBytes       
[  5]   9.00-10.00  sec  28.4 MBytes   238 Mbits/sec    0   1.63 MBytes       
- - - - - - - - - - - - - - - - - - - - - - - - -
[ ID] Interval           Transfer     Bitrate         Retr
[  5]   0.00-10.00  sec   268 MBytes   224 Mbits/sec  833            sender
[  5]   0.00-10.06  sec   265 MBytes   221 Mbits/sec                  receiver

iperf Done.

Throughput: 224.0 Mbps
Retransmissions: 833
Measurement saved
iperf3 output:
Connecting to host 35.93.195.101, port 5201
[  5] local 172.31.22.33 port 47890 connected to 35.93.195.101 port 5201
[ ID] Interval           Transfer     Bitrate         Retr  Cwnd
[  5]   0.00-1.00   sec  32.1 MBytes   269 Mbits/sec  249   2.78 MBytes       
[  5]   1.00-2.00   sec  53.4 MBytes   448 Mbits/sec    0   2.94 MBytes       
[  5]   2.00-3.00   sec  52.4 MBytes   439 Mbits/sec    0   3.06 MBytes       
[  5]   3.00-4.00   sec  49.0 MBytes   411 Mbits/sec   89   2.22 MBytes       
[  5]   4.00-5.00   sec  41.2 MBytes   346 Mbits/sec    0   2.34 MBytes       
[  5]   5.00-6.00   sec  45.2 MBytes   380 Mbits/sec    0   2.45 MBytes       
[  5]   6.00-7.00   sec  45.9 MBytes   385 Mbits/sec    0   2.52 MBytes       
[  5]   7.00-8.00   sec  45.9 MBytes   385 Mbits/sec    0   2.58 MBytes       
[  5]   8.00-9.00   sec  47.0 MBytes   394 Mbits/sec    0   2.62 MBytes       
[  5]   9.00-10.00  sec  47.9 MBytes   401 Mbits/sec    0   2.64 MBytes       
- - - - - - - - - - - - - - - - - - - - - - - - -
[ ID] Interval           Transfer     Bitrate         Retr
[  5]   0.00-10.00  sec   460 MBytes   386 Mbits/sec  338            sender
[  5]   0.00-10.06  sec   460 MBytes   384 Mbits/sec                  receiver

iperf Done.

Throughput: 386.0 Mbps
Retransmissions: 338
Measurement saved
iperf3 output:
Connecting to host 35.93.195.101, port 5201
[  5] local 172.31.22.33 port 54306 connected to 35.93.195.101 port 5201
[ ID] Interval           Transfer     Bitrate         Retr  Cwnd
[  5]   0.00-1.00   sec  23.4 MBytes   196 Mbits/sec  169   1.98 MBytes       
[  5]   1.00-2.00   sec  36.5 MBytes   306 Mbits/sec    0   2.09 MBytes       
[  5]   2.00-3.00   sec  38.6 MBytes   324 Mbits/sec    0   2.18 MBytes       
[  5]   3.00-4.00   sec  41.9 MBytes   351 Mbits/sec    0   2.25 MBytes       
[  5]   4.00-5.00   sec  40.8 MBytes   342 Mbits/sec    0   2.29 MBytes       
[  5]   5.00-6.00   sec  41.0 MBytes   344 Mbits/sec    0   2.32 MBytes       
[  5]   6.00-7.00   sec  43.9 MBytes   368 Mbits/sec    0   2.34 MBytes       
[  5]   7.00-8.00   sec  43.4 MBytes   364 Mbits/sec    0   2.35 MBytes       
[  5]   8.00-9.00   sec  41.2 MBytes   346 Mbits/sec    0   2.35 MBytes       
[  5]   9.00-10.00  sec  44.0 MBytes   369 Mbits/sec    0   2.35 MBytes       
- - - - - - - - - - - - - - - - - - - - - - - - -
[ ID] Interval           Transfer     Bitrate         Retr
[  5]   0.00-10.00  sec   395 MBytes   331 Mbits/sec  169            sender
[  5]   0.00-10.07  sec   395 MBytes   329 Mbits/sec                  receiver

iperf Done.

Throughput: 331.0 Mbps
Retransmissions: 169
Measurement saved
iperf3 output:
Connecting to host 35.93.195.101, port 5201
[  5] local 172.31.22.33 port 33928 connected to 35.93.195.101 port 5201
[ ID] Interval           Transfer     Bitrate         Retr  Cwnd
[  5]   0.00-1.00   sec  26.1 MBytes   219 Mbits/sec  711   3.83 MBytes       
[  5]   1.00-2.00   sec  37.1 MBytes   312 Mbits/sec  630   1.98 MBytes       
[  5]   2.00-3.00   sec  32.1 MBytes   269 Mbits/sec    0   2.09 MBytes       
[  5]   3.00-4.00   sec  34.4 MBytes   288 Mbits/sec    0   2.17 MBytes       
[  5]   4.00-5.00   sec  34.5 MBytes   289 Mbits/sec    0   2.24 MBytes       
[  5]   5.00-6.00   sec  37.0 MBytes   310 Mbits/sec    0   2.28 MBytes       
[  5]   6.00-7.00   sec  37.1 MBytes   311 Mbits/sec    0   2.31 MBytes       
[  5]   7.00-8.00   sec  37.9 MBytes   318 Mbits/sec    0   2.33 MBytes       
[  5]   8.00-9.00   sec  37.0 MBytes   310 Mbits/sec    0   2.34 MBytes       
[  5]   9.00-10.00  sec  37.9 MBytes   318 Mbits/sec    0   2.34 MBytes       
- - - - - - - - - - - - - - - - - - - - - - - - -
[ ID] Interval           Transfer     Bitrate         Retr
[  5]   0.00-10.00  sec   351 MBytes   295 Mbits/sec  1341            sender
[  5]   0.00-10.06  sec   349 MBytes   291 Mbits/sec                  receiver

iperf Done.

Throughput: 295.0 Mbps
Retransmissions: 1341
Measurement saved
iperf3 output:
Connecting to host 35.93.195.101, port 5201
[  5] local 172.31.22.33 port 56316 connected to 35.93.195.101 port 5201
[ ID] Interval           Transfer     Bitrate         Retr  Cwnd
[  5]   0.00-1.00   sec  29.0 MBytes   243 Mbits/sec    0   7.98 MBytes       
[  5]   1.00-2.00   sec  59.5 MBytes   499 Mbits/sec    0   8.02 MBytes       
[  5]   2.00-3.00   sec  53.9 MBytes   452 Mbits/sec  365   5.61 MBytes       
[  5]   3.00-4.00   sec  57.2 MBytes   480 Mbits/sec    0   5.61 MBytes       
[  5]   4.00-5.00   sec  47.1 MBytes   395 Mbits/sec  564   2.79 MBytes       
[  5]   5.00-6.00   sec  44.0 MBytes   369 Mbits/sec    0   2.94 MBytes       
[  5]   6.00-7.00   sec  47.5 MBytes   398 Mbits/sec    0   3.06 MBytes       
[  5]   7.00-8.00   sec  50.1 MBytes   420 Mbits/sec    0   3.16 MBytes       
[  5]   8.00-9.00   sec  50.6 MBytes   425 Mbits/sec    0   3.23 MBytes       
[  5]   9.00-10.00  sec  49.8 MBytes   417 Mbits/sec    0   3.28 MBytes       
- - - - - - - - - - - - - - - - - - - - - - - - -
[ ID] Interval           Transfer     Bitrate         Retr
[  5]   0.00-10.00  sec   489 MBytes   410 Mbits/sec  929            sender
[  5]   0.00-10.06  sec   488 MBytes   407 Mbits/sec                  receiver

iperf Done.

Throughput: 410.0 Mbps
Retransmissions: 929
Measurement saved
iperf3 output:
Connecting to host 35.93.195.101, port 5201
[  5] local 172.31.22.33 port 47712 connected to 35.93.195.101 port 5201
[ ID] Interval           Transfer     Bitrate         Retr  Cwnd
[  5]   0.00-1.00   sec  32.6 MBytes   273 Mbits/sec    0   7.90 MBytes       
[  5]   1.00-2.00   sec  60.6 MBytes   509 Mbits/sec    0   7.90 MBytes       
[  5]   2.00-3.00   sec  54.9 MBytes   460 Mbits/sec   53   5.54 MBytes       
[  5]   3.00-4.00   sec  61.6 MBytes   517 Mbits/sec    0   5.54 MBytes       
[  5]   4.00-5.00   sec  59.4 MBytes   498 Mbits/sec    0   5.54 MBytes       
[  5]   5.00-6.00   sec  59.5 MBytes   499 Mbits/sec    0   5.54 MBytes       
[  5]   6.00-7.00   sec  58.8 MBytes   493 Mbits/sec    0   5.54 MBytes       
[  5]   7.00-8.00   sec  60.5 MBytes   508 Mbits/sec    0   5.54 MBytes       
[  5]   8.00-9.00   sec  59.6 MBytes   500 Mbits/sec    0   5.54 MBytes       
[  5]   9.00-10.00  sec  57.1 MBytes   479 Mbits/sec    0   5.54 MBytes       
- - - - - - - - - - - - - - - - - - - - - - - - -
[ ID] Interval           Transfer     Bitrate         Retr
[  5]   0.00-10.00  sec   565 MBytes   474 Mbits/sec   53            sender
[  5]   0.00-10.06  sec   565 MBytes   471 Mbits/sec                  receiver

iperf Done.

Throughput: 474.0 Mbps
Retransmissions: 53
Measurement saved
iperf3 output:
Connecting to host 35.93.195.101, port 5201
[  5] local 172.31.22.33 port 45360 connected to 35.93.195.101 port 5201
[ ID] Interval           Transfer     Bitrate         Retr  Cwnd
[  5]   0.00-1.00   sec  29.6 MBytes   248 Mbits/sec   60   3.23 MBytes       
[  5]   1.00-2.00   sec  52.9 MBytes   444 Mbits/sec    0   3.48 MBytes       
[  5]   2.00-3.00   sec  57.1 MBytes   479 Mbits/sec    0   3.71 MBytes       
[  5]   3.00-4.00   sec  57.2 MBytes   480 Mbits/sec    0   3.81 MBytes       
[  5]   4.00-5.00   sec  58.0 MBytes   487 Mbits/sec    0   4.00 MBytes       
[  5]   5.00-6.00   sec  56.9 MBytes   477 Mbits/sec    0   4.00 MBytes       
[  5]   6.00-7.00   sec  55.9 MBytes   469 Mbits/sec    0   4.00 MBytes       
[  5]   7.00-8.00   sec  48.0 MBytes   403 Mbits/sec  211   2.89 MBytes       
[  5]   8.00-9.00   sec  47.6 MBytes   400 Mbits/sec    0   3.03 MBytes       
[  5]   9.00-10.00  sec  48.8 MBytes   409 Mbits/sec    0   3.14 MBytes       
- - - - - - - - - - - - - - - - - - - - - - - - -
[ ID] Interval           Transfer     Bitrate         Retr
[  5]   0.00-10.00  sec   512 MBytes   429 Mbits/sec  271            sender
[  5]   0.00-10.06  sec   511 MBytes   426 Mbits/sec                  receiver

iperf Done.

Throughput: 429.0 Mbps
Retransmissions: 271
Measurement saved
iperf3 output:
Connecting to host 35.93.195.101, port 5201
[  5] local 172.31.22.33 port 35460 connected to 35.93.195.101 port 5201
[ ID] Interval           Transfer     Bitrate         Retr  Cwnd
[  5]   0.00-1.00   sec  29.4 MBytes   246 Mbits/sec  346   2.55 MBytes       
[  5]   1.00-2.00   sec  48.0 MBytes   403 Mbits/sec    0   2.76 MBytes       
[  5]   2.00-3.00   sec  28.6 MBytes   240 Mbits/sec  392   1.44 MBytes       
[  5]   3.00-4.00   sec  27.5 MBytes   231 Mbits/sec    0   1.52 MBytes       
[  5]   4.00-5.00   sec  28.9 MBytes   242 Mbits/sec    0   1.58 MBytes       
[  5]   5.00-6.00   sec  28.2 MBytes   237 Mbits/sec    0   1.62 MBytes       
[  5]   6.00-7.00   sec  30.1 MBytes   253 Mbits/sec    0   1.65 MBytes       
[  5]   7.00-8.00   sec  31.1 MBytes   261 Mbits/sec    0   1.66 MBytes       
[  5]   8.00-9.00   sec  29.6 MBytes   248 Mbits/sec    0   1.67 MBytes       
[  5]   9.00-10.00  sec  30.9 MBytes   259 Mbits/sec    0   1.67 MBytes       
- - - - - - - - - - - - - - - - - - - - - - - - -
[ ID] Interval           Transfer     Bitrate         Retr
[  5]   0.00-10.00  sec   312 MBytes   262 Mbits/sec  738            sender
[  5]   0.00-10.06  sec   310 MBytes   259 Mbits/sec                  receiver

iperf Done.

Throughput: 262.0 Mbps
Retransmissions: 738
Measurement saved
iperf3 output:
Connecting to host 35.93.195.101, port 5201
[  5] local 172.31.22.33 port 37736 connected to 35.93.195.101 port 5201
[ ID] Interval           Transfer     Bitrate         Retr  Cwnd
[  5]   0.00-1.00   sec  25.0 MBytes   209 Mbits/sec  286   2.14 MBytes       
[  5]   1.00-2.00   sec  41.0 MBytes   344 Mbits/sec    0   2.26 MBytes       
[  5]   2.00-3.00   sec  40.9 MBytes   343 Mbits/sec    0   2.35 MBytes       
[  5]   3.00-4.00   sec  42.5 MBytes   357 Mbits/sec    0   2.42 MBytes       
[  5]   4.00-5.00   sec  43.9 MBytes   368 Mbits/sec    0   2.46 MBytes       
[  5]   5.00-6.00   sec  45.8 MBytes   384 Mbits/sec    0   2.50 MBytes       
[  5]   6.00-7.00   sec  44.5 MBytes   373 Mbits/sec    0   2.52 MBytes       
[  5]   7.00-8.00   sec  46.1 MBytes   387 Mbits/sec    0   2.53 MBytes       
[  5]   8.00-9.00   sec  46.1 MBytes   387 Mbits/sec    0   2.53 MBytes       
[  5]   9.00-10.00  sec  46.5 MBytes   390 Mbits/sec    0   2.53 MBytes       
- - - - - - - - - - - - - - - - - - - - - - - - -
[ ID] Interval           Transfer     Bitrate         Retr
[  5]   0.00-10.00  sec   422 MBytes   354 Mbits/sec  286            sender
[  5]   0.00-10.07  sec   422 MBytes   351 Mbits/sec                  receiver

iperf Done.

Throughput: 354.0 Mbps
Retransmissions: 286
Measurement saved
iperf3 output:
Connecting to host 35.93.195.101, port 5201
[  5] local 172.31.22.33 port 55530 connected to 35.93.195.101 port 5201
[ ID] Interval           Transfer     Bitrate         Retr  Cwnd
[  5]   0.00-1.00   sec  34.0 MBytes   285 Mbits/sec  121   4.77 MBytes       
[  5]   1.00-2.00   sec  63.9 MBytes   536 Mbits/sec    0   4.77 MBytes       
[  5]   2.00-3.00   sec  66.1 MBytes   555 Mbits/sec    0   4.77 MBytes       
[  5]   3.00-4.00   sec  62.2 MBytes   522 Mbits/sec    0   4.77 MBytes       
[  5]   4.00-5.00   sec  66.5 MBytes   558 Mbits/sec    0   4.77 MBytes       
[  5]   5.00-6.00   sec  66.2 MBytes   556 Mbits/sec    0   4.77 MBytes       
[  5]   6.00-7.00   sec  63.4 MBytes   532 Mbits/sec    0   4.77 MBytes       
[  5]   7.00-8.00   sec  65.1 MBytes   546 Mbits/sec    0   4.77 MBytes       
[  5]   8.00-9.00   sec  62.1 MBytes   521 Mbits/sec   33   3.36 MBytes       
[  5]   9.00-10.00  sec  49.1 MBytes   412 Mbits/sec  158   2.49 MBytes       
- - - - - - - - - - - - - - - - - - - - - - - - -
[ ID] Interval           Transfer     Bitrate         Retr
[  5]   0.00-10.00  sec   600 MBytes   503 Mbits/sec  312            sender
[  5]   0.00-10.06  sec   599 MBytes   499 Mbits/sec                  receiver

iperf Done.

Throughput: 503.0 Mbps
Retransmissions: 312
Measurement saved
iperf3 output:
Connecting to host 35.93.195.101, port 5201
[  5] local 172.31.22.33 port 37792 connected to 35.93.195.101 port 5201
[ ID] Interval           Transfer     Bitrate         Retr  Cwnd
[  5]   0.00-1.00   sec  32.8 MBytes   274 Mbits/sec   41   5.59 MBytes       
[  5]   1.00-2.00   sec  51.0 MBytes   428 Mbits/sec  598   2.82 MBytes       
[  5]   2.00-3.00   sec  54.2 MBytes   455 Mbits/sec    0   2.97 MBytes       
[  5]   3.00-4.00   sec  53.1 MBytes   446 Mbits/sec    0   3.08 MBytes       
[  5]   4.00-5.00   sec  40.8 MBytes   342 Mbits/sec  137   1.58 MBytes       
[  5]   5.00-6.00   sec  29.5 MBytes   247 Mbits/sec    0   1.67 MBytes       
[  5]   6.00-7.00   sec  30.5 MBytes   256 Mbits/sec    0   1.74 MBytes       
[  5]   7.00-8.00   sec  32.2 MBytes   271 Mbits/sec    0   1.79 MBytes       
[  5]   8.00-9.00   sec  33.2 MBytes   279 Mbits/sec    0   1.82 MBytes       
[  5]   9.00-10.00  sec  33.4 MBytes   280 Mbits/sec    0   1.84 MBytes       
- - - - - - - - - - - - - - - - - - - - - - - - -
[ ID] Interval           Transfer     Bitrate         Retr
[  5]   0.00-10.00  sec   391 MBytes   328 Mbits/sec  776            sender
[  5]   0.00-10.06  sec   389 MBytes   324 Mbits/sec                  receiver

iperf Done.

Throughput: 328.0 Mbps
Retransmissions: 776
Measurement saved
iperf3 output:
Connecting to host 35.93.195.101, port 5201
[  5] local 172.31.22.33 port 48104 connected to 35.93.195.101 port 5201
[ ID] Interval           Transfer     Bitrate         Retr  Cwnd
[  5]   0.00-1.00   sec  29.4 MBytes   246 Mbits/sec  149   3.40 MBytes       
[  5]   1.00-2.00   sec  60.0 MBytes   503 Mbits/sec    0   3.67 MBytes       
[  5]   2.00-3.00   sec  59.1 MBytes   496 Mbits/sec    0   3.90 MBytes       
[  5]   3.00-4.00   sec  63.0 MBytes   528 Mbits/sec    0   4.03 MBytes       
[  5]   4.00-5.00   sec  59.5 MBytes   499 Mbits/sec    0   4.03 MBytes       
[  5]   5.00-6.00   sec  64.6 MBytes   542 Mbits/sec    0   4.03 MBytes       
[  5]   6.00-7.00   sec  50.9 MBytes   427 Mbits/sec  130   2.88 MBytes       
[  5]   7.00-8.00   sec  48.0 MBytes   402 Mbits/sec    0   3.03 MBytes       
[  5]   8.00-9.00   sec  52.5 MBytes   440 Mbits/sec    0   3.15 MBytes       
[  5]   9.00-10.00  sec  53.0 MBytes   445 Mbits/sec    0   3.24 MBytes       
- - - - - - - - - - - - - - - - - - - - - - - - -
[ ID] Interval           Transfer     Bitrate         Retr
[  5]   0.00-10.00  sec   540 MBytes   453 Mbits/sec  279            sender
[  5]   0.00-10.06  sec   540 MBytes   450 Mbits/sec                  receiver

iperf Done.

Throughput: 453.0 Mbps
Retransmissions: 279
Measurement saved
iperf3 output:
Connecting to host 35.93.195.101, port 5201
[  5] local 172.31.22.33 port 58344 connected to 35.93.195.101 port 5201
[ ID] Interval           Transfer     Bitrate         Retr  Cwnd
[  5]   0.00-1.00   sec  33.6 MBytes   282 Mbits/sec  367   5.52 MBytes       
[  5]   1.00-2.00   sec  64.1 MBytes   538 Mbits/sec    0   5.52 MBytes       
[  5]   2.00-3.00   sec  63.6 MBytes   534 Mbits/sec    0   5.52 MBytes       
[  5]   3.00-4.00   sec  67.2 MBytes   564 Mbits/sec    0   5.52 MBytes       
[  5]   4.00-5.00   sec  62.8 MBytes   526 Mbits/sec    0   5.52 MBytes       
[  5]   5.00-6.00   sec  68.6 MBytes   576 Mbits/sec    0   5.52 MBytes       
[  5]   6.00-7.00   sec  63.1 MBytes   530 Mbits/sec    0   5.52 MBytes       
[  5]   7.00-8.00   sec  62.0 MBytes   520 Mbits/sec    0   5.52 MBytes       
[  5]   8.00-9.00   sec  64.6 MBytes   543 Mbits/sec    0   5.52 MBytes       
[  5]   9.00-10.00  sec  62.2 MBytes   522 Mbits/sec    0   5.52 MBytes       
- - - - - - - - - - - - - - - - - - - - - - - - -
[ ID] Interval           Transfer     Bitrate         Retr
[  5]   0.00-10.00  sec   612 MBytes   513 Mbits/sec  367            sender
[  5]   0.00-10.06  sec   612 MBytes   511 Mbits/sec                  receiver

iperf Done.

Throughput: 513.0 Mbps
Retransmissions: 367
Measurement saved
iperf3 output:
Connecting to host 35.93.195.101, port 5201
[  5] local 172.31.22.33 port 37726 connected to 35.93.195.101 port 5201
[ ID] Interval           Transfer     Bitrate         Retr  Cwnd
[  5]   0.00-1.00   sec  35.4 MBytes   296 Mbits/sec    0   7.64 MBytes       
[  5]   1.00-2.00   sec  64.9 MBytes   544 Mbits/sec    0   7.76 MBytes       
[  5]   2.00-3.00   sec  61.2 MBytes   514 Mbits/sec    0   7.90 MBytes       
[  5]   3.00-4.00   sec  63.9 MBytes   536 Mbits/sec    0   8.02 MBytes       
[  5]   4.00-5.00   sec  63.9 MBytes   536 Mbits/sec    0   8.02 MBytes       
[  5]   5.00-6.00   sec  62.9 MBytes   527 Mbits/sec    0   8.02 MBytes       
[  5]   6.00-7.00   sec  64.4 MBytes   540 Mbits/sec    0   8.02 MBytes       
[  5]   7.00-8.00   sec  60.5 MBytes   508 Mbits/sec    0   8.02 MBytes       
[  5]   8.00-9.00   sec  64.2 MBytes   539 Mbits/sec    0   8.02 MBytes       
[  5]   9.00-10.00  sec  59.6 MBytes   500 Mbits/sec  197   5.62 MBytes       
- - - - - - - - - - - - - - - - - - - - - - - - -
[ ID] Interval           Transfer     Bitrate         Retr
[  5]   0.00-10.00  sec   601 MBytes   504 Mbits/sec  197            sender
[  5]   0.00-10.06  sec   601 MBytes   501 Mbits/sec                  receiver

iperf Done.

Throughput: 504.0 Mbps
Retransmissions: 197
Measurement saved
iperf3 output:
Connecting to host 35.93.195.101, port 5201
[  5] local 172.31.22.33 port 38384 connected to 35.93.195.101 port 5201
[ ID] Interval           Transfer     Bitrate         Retr  Cwnd
[  5]   0.00-1.00   sec  36.1 MBytes   303 Mbits/sec    0   7.26 MBytes       
[  5]   1.00-2.00   sec  59.2 MBytes   497 Mbits/sec  1151   5.18 MBytes       
[  5]   2.00-3.00   sec  12.2 MBytes   103 Mbits/sec  401    123 KBytes       
[  5]   3.00-4.00   sec  18.9 MBytes   158 Mbits/sec  2647   1.82 MBytes       
[  5]   4.00-5.00   sec  33.0 MBytes   277 Mbits/sec    0   1.93 MBytes       
[  5]   5.00-6.00   sec  36.8 MBytes   308 Mbits/sec    0   2.01 MBytes       
[  5]   6.00-7.00   sec  37.5 MBytes   315 Mbits/sec    0   2.08 MBytes       
[  5]   7.00-8.00   sec  38.5 MBytes   323 Mbits/sec    0   2.12 MBytes       
[  5]   8.00-9.00   sec  37.5 MBytes   315 Mbits/sec    0   2.15 MBytes       
[  5]   9.00-10.00  sec  40.6 MBytes   340 Mbits/sec    0   2.17 MBytes       
- - - - - - - - - - - - - - - - - - - - - - - - -
[ ID] Interval           Transfer     Bitrate         Retr
[  5]   0.00-10.00  sec   350 MBytes   294 Mbits/sec  4199            sender
[  5]   0.00-10.06  sec   349 MBytes   291 Mbits/sec                  receiver

iperf Done.

Throughput: 294.0 Mbps
Retransmissions: 4199
Measurement saved
iperf3 output:
Connecting to host 35.93.195.101, port 5201
[  5] local 172.31.22.33 port 45464 connected to 35.93.195.101 port 5201
[ ID] Interval           Transfer     Bitrate         Retr  Cwnd
[  5]   0.00-1.00   sec  23.1 MBytes   194 Mbits/sec  711   2.12 MBytes       
[  5]   1.00-2.00   sec  39.2 MBytes   329 Mbits/sec    0   2.25 MBytes       
[  5]   2.00-3.00   sec  39.1 MBytes   328 Mbits/sec    0   2.34 MBytes       
[  5]   3.00-4.00   sec  43.1 MBytes   362 Mbits/sec    0   2.42 MBytes       
[  5]   4.00-5.00   sec  41.6 MBytes   349 Mbits/sec    0   2.47 MBytes       
[  5]   5.00-6.00   sec  43.6 MBytes   366 Mbits/sec    0   2.50 MBytes       
[  5]   6.00-7.00   sec  42.9 MBytes   360 Mbits/sec   85   1.79 MBytes       
[  5]   7.00-8.00   sec  31.4 MBytes   263 Mbits/sec    0   1.90 MBytes       
[  5]   8.00-9.00   sec  34.4 MBytes   288 Mbits/sec    0   1.98 MBytes       
[  5]   9.00-10.00  sec  34.1 MBytes   286 Mbits/sec    0   2.05 MBytes       
- - - - - - - - - - - - - - - - - - - - - - - - -
[ ID] Interval           Transfer     Bitrate         Retr
[  5]   0.00-10.00  sec   374 MBytes   314 Mbits/sec  796            sender
[  5]   0.00-10.06  sec   373 MBytes   311 Mbits/sec                  receiver

iperf Done.

Throughput: 314.0 Mbps
Retransmissions: 796
Measurement saved
iperf3 output:
Connecting to host 35.93.195.101, port 5201
[  5] local 172.31.22.33 port 36500 connected to 35.93.195.101 port 5201
[ ID] Interval           Transfer     Bitrate         Retr  Cwnd
[  5]   0.00-1.00   sec  26.2 MBytes   220 Mbits/sec  359   2.54 MBytes       
[  5]   1.00-2.00   sec  45.0 MBytes   377 Mbits/sec    0   2.76 MBytes       
[  5]   2.00-3.00   sec  50.5 MBytes   424 Mbits/sec    0   2.95 MBytes       
[  5]   3.00-4.00   sec  45.9 MBytes   385 Mbits/sec   21   2.18 MBytes       
[  5]   4.00-5.00   sec  40.2 MBytes   338 Mbits/sec    0   2.30 MBytes       
[  5]   5.00-6.00   sec  39.5 MBytes   331 Mbits/sec    0   2.39 MBytes       
[  5]   6.00-7.00   sec  43.1 MBytes   362 Mbits/sec    0   2.47 MBytes       
[  5]   7.00-8.00   sec  43.4 MBytes   364 Mbits/sec    0   2.52 MBytes       
[  5]   8.00-9.00   sec  43.6 MBytes   366 Mbits/sec    0   2.55 MBytes       
[  5]   9.00-10.00  sec  44.8 MBytes   375 Mbits/sec    0   2.57 MBytes       
- - - - - - - - - - - - - - - - - - - - - - - - -
[ ID] Interval           Transfer     Bitrate         Retr
[  5]   0.00-10.00  sec   422 MBytes   354 Mbits/sec  380            sender
[  5]   0.00-10.06  sec   422 MBytes   352 Mbits/sec                  receiver

iperf Done.

Throughput: 354.0 Mbps
Retransmissions: 380
Measurement saved
iperf3 output:
Connecting to host 35.93.195.101, port 5201
[  5] local 172.31.22.33 port 47756 connected to 35.93.195.101 port 5201
[ ID] Interval           Transfer     Bitrate         Retr  Cwnd
[  5]   0.00-1.00   sec  37.1 MBytes   311 Mbits/sec    0   8.00 MBytes       
[  5]   1.00-2.00   sec  68.8 MBytes   577 Mbits/sec    0   8.00 MBytes       
[  5]   2.00-3.00   sec  65.8 MBytes   552 Mbits/sec    0   8.00 MBytes       
[  5]   3.00-4.00   sec  67.5 MBytes   566 Mbits/sec    0   8.00 MBytes       
[  5]   4.00-5.00   sec  66.9 MBytes   561 Mbits/sec    0   8.00 MBytes       
[  5]   5.00-6.00   sec  63.5 MBytes   533 Mbits/sec    0   8.00 MBytes       
[  5]   6.00-7.00   sec  63.1 MBytes   530 Mbits/sec    0   8.00 MBytes       
[  5]   7.00-8.00   sec  64.5 MBytes   541 Mbits/sec    0   8.00 MBytes       
[  5]   8.00-9.00   sec  67.6 MBytes   567 Mbits/sec    0   8.00 MBytes       
[  5]   9.00-10.00  sec  62.9 MBytes   527 Mbits/sec    0   8.00 MBytes       
- - - - - - - - - - - - - - - - - - - - - - - - -
[ ID] Interval           Transfer     Bitrate         Retr
[  5]   0.00-10.00  sec   628 MBytes   527 Mbits/sec    0            sender
[  5]   0.00-10.06  sec   628 MBytes   524 Mbits/sec                  receiver

iperf Done.

Throughput: 527.0 Mbps
Retransmissions: 0
Measurement saved
iperf3 output:
Connecting to host 35.93.195.101, port 5201
[  5] local 172.31.22.33 port 40658 connected to 35.93.195.101 port 5201
[ ID] Interval           Transfer     Bitrate         Retr  Cwnd
[  5]   0.00-1.00   sec  36.2 MBytes   304 Mbits/sec    0   7.76 MBytes       
[  5]   1.00-2.00   sec  64.5 MBytes   541 Mbits/sec    0   7.89 MBytes       
[  5]   2.00-3.00   sec  64.4 MBytes   540 Mbits/sec    0   8.02 MBytes       
[  5]   3.00-4.00   sec  66.4 MBytes   557 Mbits/sec    0   8.02 MBytes       
[  5]   4.00-5.00   sec  63.1 MBytes   529 Mbits/sec    0   8.02 MBytes       
[  5]   5.00-6.00   sec  66.6 MBytes   559 Mbits/sec    0   8.02 MBytes       
[  5]   6.00-7.00   sec  62.2 MBytes   522 Mbits/sec    0   8.02 MBytes       
[  5]   7.00-8.00   sec  64.8 MBytes   543 Mbits/sec    0   8.02 MBytes       
[  5]   8.00-9.00   sec  65.8 MBytes   552 Mbits/sec    0   8.02 MBytes       
[  5]   9.00-10.00  sec  62.9 MBytes   527 Mbits/sec    0   8.02 MBytes       
- - - - - - - - - - - - - - - - - - - - - - - - -
[ ID] Interval           Transfer     Bitrate         Retr
[  5]   0.00-10.00  sec   617 MBytes   518 Mbits/sec    0            sender
[  5]   0.00-10.06  sec   617 MBytes   515 Mbits/sec                  receiver

iperf Done.

Throughput: 518.0 Mbps
Retransmissions: 0
Measurement saved
iperf3 output:
Connecting to host 35.93.195.101, port 5201
[  5] local 172.31.22.33 port 43970 connected to 35.93.195.101 port 5201
[ ID] Interval           Transfer     Bitrate         Retr  Cwnd
[  5]   0.00-1.00   sec  37.5 MBytes   314 Mbits/sec    0   7.47 MBytes       
[  5]   1.00-2.00   sec  66.4 MBytes   557 Mbits/sec    0   8.04 MBytes       
[  5]   2.00-3.00   sec  64.0 MBytes   537 Mbits/sec    0   8.04 MBytes       
[  5]   3.00-4.00   sec  65.8 MBytes   552 Mbits/sec    0   8.04 MBytes       
[  5]   4.00-5.00   sec  66.9 MBytes   561 Mbits/sec    0   8.04 MBytes       
[  5]   5.00-6.00   sec  64.6 MBytes   542 Mbits/sec    0   8.04 MBytes       
[  5]   6.00-7.00   sec  66.8 MBytes   560 Mbits/sec    0   8.04 MBytes       
[  5]   7.00-8.00   sec  63.1 MBytes   529 Mbits/sec    0   8.04 MBytes       
[  5]   8.00-9.00   sec  65.4 MBytes   548 Mbits/sec    0   8.04 MBytes       
[  5]   9.00-10.00  sec  68.8 MBytes   577 Mbits/sec    0   8.04 MBytes       
- - - - - - - - - - - - - - - - - - - - - - - - -
[ ID] Interval           Transfer     Bitrate         Retr
[  5]   0.00-10.00  sec   629 MBytes   528 Mbits/sec    0            sender
[  5]   0.00-10.06  sec   629 MBytes   525 Mbits/sec                  receiver

iperf Done.

Throughput: 528.0 Mbps
Retransmissions: 0
Measurement saved
iperf3 output:
Connecting to host 35.93.195.101, port 5201
[  5] local 172.31.22.33 port 45594 connected to 35.93.195.101 port 5201
[ ID] Interval           Transfer     Bitrate         Retr  Cwnd
[  5]   0.00-1.00   sec  28.4 MBytes   238 Mbits/sec   32   5.01 MBytes       
[  5]   1.00-2.00   sec  59.6 MBytes   500 Mbits/sec   25   3.65 MBytes       
[  5]   2.00-3.00   sec  58.2 MBytes   489 Mbits/sec    0   3.76 MBytes       
[  5]   3.00-4.00   sec  59.9 MBytes   503 Mbits/sec    0   3.93 MBytes       
[  5]   4.00-5.00   sec  59.4 MBytes   498 Mbits/sec    0   4.02 MBytes       
[  5]   5.00-6.00   sec  60.8 MBytes   510 Mbits/sec    0   4.02 MBytes       
[  5]   6.00-7.00   sec  58.2 MBytes   489 Mbits/sec    0   4.02 MBytes       
[  5]   7.00-8.00   sec  62.4 MBytes   523 Mbits/sec    0   4.02 MBytes       
[  5]   8.00-9.00   sec  58.4 MBytes   489 Mbits/sec    0   4.02 MBytes       
[  5]   9.00-10.00  sec  61.1 MBytes   513 Mbits/sec    0   4.02 MBytes       
- - - - - - - - - - - - - - - - - - - - - - - - -
[ ID] Interval           Transfer     Bitrate         Retr
[  5]   0.00-10.00  sec   567 MBytes   476 Mbits/sec   57            sender
[  5]   0.00-10.06  sec   567 MBytes   473 Mbits/sec                  receiver

iperf Done.

Throughput: 476.0 Mbps
Retransmissions: 57
Measurement saved
iperf3 output:
Connecting to host 35.93.195.101, port 5201
[  5] local 172.31.22.33 port 34914 connected to 35.93.195.101 port 5201
[ ID] Interval           Transfer     Bitrate         Retr  Cwnd
[  5]   0.00-1.00   sec  31.1 MBytes   261 Mbits/sec    0   7.50 MBytes       
[  5]   1.00-2.00   sec  61.4 MBytes   515 Mbits/sec    0   8.00 MBytes       
[  5]   2.00-3.00   sec  58.6 MBytes   492 Mbits/sec    0   8.00 MBytes       
[  5]   3.00-4.00   sec  59.2 MBytes   497 Mbits/sec    0   8.00 MBytes       
[  5]   4.00-5.00   sec  61.5 MBytes   516 Mbits/sec    0   8.00 MBytes       
[  5]   5.00-6.00   sec  58.9 MBytes   494 Mbits/sec    0   8.00 MBytes       
[  5]   6.00-7.00   sec  59.4 MBytes   498 Mbits/sec    0   8.00 MBytes       
[  5]   7.00-8.00   sec  60.1 MBytes   504 Mbits/sec    0   8.00 MBytes       
[  5]   8.00-9.00   sec  58.8 MBytes   493 Mbits/sec    0   8.00 MBytes       
[  5]   9.00-10.00  sec  60.9 MBytes   511 Mbits/sec    0   8.00 MBytes       
- - - - - - - - - - - - - - - - - - - - - - - - -
[ ID] Interval           Transfer     Bitrate         Retr
[  5]   0.00-10.00  sec   570 MBytes   478 Mbits/sec    0            sender
[  5]   0.00-10.06  sec   570 MBytes   475 Mbits/sec                  receiver

iperf Done.

Throughput: 478.0 Mbps
Retransmissions: 0
Measurement saved
iperf3 output:
Connecting to host 35.93.195.101, port 5201
[  5] local 172.31.22.33 port 56602 connected to 35.93.195.101 port 5201
[ ID] Interval           Transfer     Bitrate         Retr  Cwnd
[  5]   0.00-1.00   sec  34.8 MBytes   291 Mbits/sec   10   4.81 MBytes       
[  5]   1.00-2.00   sec  67.4 MBytes   565 Mbits/sec    0   4.81 MBytes       
[  5]   2.00-3.00   sec  59.9 MBytes   502 Mbits/sec    0   4.81 MBytes       
[  5]   3.00-4.00   sec  57.6 MBytes   483 Mbits/sec   22   3.53 MBytes       
[  5]   4.00-5.00   sec  61.5 MBytes   516 Mbits/sec    0   3.68 MBytes       
[  5]   5.00-6.00   sec  66.4 MBytes   557 Mbits/sec    0   3.80 MBytes       
[  5]   6.00-7.00   sec  65.1 MBytes   546 Mbits/sec    0   3.89 MBytes       
[  5]   7.00-8.00   sec  65.2 MBytes   547 Mbits/sec    0   3.94 MBytes       
[  5]   8.00-9.00   sec  50.6 MBytes   425 Mbits/sec  115   2.90 MBytes       
[  5]   9.00-10.00  sec  52.2 MBytes   438 Mbits/sec    0   3.03 MBytes       
- - - - - - - - - - - - - - - - - - - - - - - - -
[ ID] Interval           Transfer     Bitrate         Retr
[  5]   0.00-10.00  sec   581 MBytes   487 Mbits/sec  147            sender
[  5]   0.00-10.06  sec   581 MBytes   484 Mbits/sec                  receiver

iperf Done.

Throughput: 487.0 Mbps
Retransmissions: 147
Measurement saved
iperf3 output:
Connecting to host 35.93.195.101, port 5201
[  5] local 172.31.22.33 port 43386 connected to 35.93.195.101 port 5201
[ ID] Interval           Transfer     Bitrate         Retr  Cwnd
[  5]   0.00-1.00   sec  38.4 MBytes   322 Mbits/sec    0   8.07 MBytes       
[  5]   1.00-2.00   sec  63.9 MBytes   536 Mbits/sec    0   8.07 MBytes       
[  5]   2.00-3.00   sec  51.6 MBytes   433 Mbits/sec  702   3.98 MBytes       
[  5]   3.00-4.00   sec  63.0 MBytes   529 Mbits/sec    0   4.08 MBytes       
[  5]   4.00-5.00   sec  52.9 MBytes   444 Mbits/sec   22   3.01 MBytes       
[  5]   5.00-6.00   sec  50.6 MBytes   425 Mbits/sec    0   3.14 MBytes       
[  5]   6.00-7.00   sec  55.0 MBytes   461 Mbits/sec    0   3.24 MBytes       
[  5]   7.00-8.00   sec  56.5 MBytes   474 Mbits/sec    0   3.32 MBytes       
[  5]   8.00-9.00   sec  57.8 MBytes   485 Mbits/sec    0   3.38 MBytes       
[  5]   9.00-10.00  sec  58.2 MBytes   488 Mbits/sec    0   3.42 MBytes       
- - - - - - - - - - - - - - - - - - - - - - - - -
[ ID] Interval           Transfer     Bitrate         Retr
[  5]   0.00-10.00  sec   548 MBytes   460 Mbits/sec  724            sender
[  5]   0.00-10.06  sec   548 MBytes   457 Mbits/sec                  receiver

iperf Done.

Throughput: 460.0 Mbps
Retransmissions: 724
Measurement saved
iperf3 output:
Connecting to host 35.93.195.101, port 5201
[  5] local 172.31.22.33 port 59900 connected to 35.93.195.101 port 5201
[ ID] Interval           Transfer     Bitrate         Retr  Cwnd
[  5]   0.00-1.00   sec  25.5 MBytes   214 Mbits/sec    0   7.19 MBytes       
[  5]   1.00-2.00   sec  48.5 MBytes   407 Mbits/sec  1749   1.66 MBytes       
[  5]   2.00-3.00   sec  43.8 MBytes   367 Mbits/sec  369   2.88 MBytes       
[  5]   3.00-4.00   sec  46.0 MBytes   386 Mbits/sec    0   3.01 MBytes       
[  5]   4.00-5.00   sec  48.4 MBytes   406 Mbits/sec    0   3.12 MBytes       
[  5]   5.00-6.00   sec  48.8 MBytes   409 Mbits/sec    0   3.20 MBytes       
[  5]   6.00-7.00   sec  51.4 MBytes   431 Mbits/sec    0   3.26 MBytes       
[  5]   7.00-8.00   sec  53.0 MBytes   444 Mbits/sec    0   3.30 MBytes       
[  5]   8.00-9.00   sec  51.8 MBytes   434 Mbits/sec    0   3.33 MBytes       
[  5]   9.00-10.00  sec  52.0 MBytes   436 Mbits/sec    0   3.35 MBytes       
- - - - - - - - - - - - - - - - - - - - - - - - -
[ ID] Interval           Transfer     Bitrate         Retr
[  5]   0.00-10.00  sec   469 MBytes   393 Mbits/sec  2118            sender
[  5]   0.00-10.06  sec   469 MBytes   391 Mbits/sec                  receiver

iperf Done.

Throughput: 393.0 Mbps
Retransmissions: 2118
Measurement saved
iperf3 output:
Connecting to host 35.93.195.101, port 5201
[  5] local 172.31.22.33 port 35334 connected to 35.93.195.101 port 5201
[ ID] Interval           Transfer     Bitrate         Retr  Cwnd
[  5]   0.00-1.00   sec  35.8 MBytes   300 Mbits/sec    0   7.89 MBytes       
[  5]   1.00-2.00   sec  68.8 MBytes   577 Mbits/sec    0   8.02 MBytes       
[  5]   2.00-3.00   sec  63.6 MBytes   533 Mbits/sec    0   8.02 MBytes       
[  5]   3.00-4.00   sec  64.6 MBytes   542 Mbits/sec    0   8.02 MBytes       
[  5]   4.00-5.00   sec  68.6 MBytes   576 Mbits/sec    0   8.02 MBytes       
[  5]   5.00-6.00   sec  63.9 MBytes   536 Mbits/sec    0   8.02 MBytes       
[  5]   6.00-7.00   sec  64.2 MBytes   539 Mbits/sec    0   8.02 MBytes       
[  5]   7.00-8.00   sec  63.1 MBytes   530 Mbits/sec    0   8.02 MBytes       
[  5]   8.00-9.00   sec  66.8 MBytes   559 Mbits/sec    0   8.02 MBytes       
[  5]   9.00-10.00  sec  62.8 MBytes   526 Mbits/sec    0   8.02 MBytes       
- - - - - - - - - - - - - - - - - - - - - - - - -
[ ID] Interval           Transfer     Bitrate         Retr
[  5]   0.00-10.00  sec   622 MBytes   522 Mbits/sec    0            sender
[  5]   0.00-10.06  sec   622 MBytes   519 Mbits/sec                  receiver

iperf Done.

Throughput: 522.0 Mbps
Retransmissions: 0
Measurement saved
iperf3 output:
Connecting to host 35.93.195.101, port 5201
[  5] local 172.31.22.33 port 32954 connected to 35.93.195.101 port 5201
[ ID] Interval           Transfer     Bitrate         Retr  Cwnd
[  5]   0.00-1.00   sec  37.9 MBytes   317 Mbits/sec    0   8.03 MBytes       
[  5]   1.00-2.00   sec  68.8 MBytes   577 Mbits/sec    0   8.03 MBytes       
[  5]   2.00-3.00   sec  64.6 MBytes   542 Mbits/sec    0   8.03 MBytes       
[  5]   3.00-4.00   sec  66.6 MBytes   559 Mbits/sec    0   8.03 MBytes       
[  5]   4.00-5.00   sec  68.0 MBytes   570 Mbits/sec    0   8.03 MBytes       
[  5]   5.00-6.00   sec  64.1 MBytes   538 Mbits/sec    0   8.03 MBytes       
[  5]   6.00-7.00   sec  67.8 MBytes   568 Mbits/sec    0   8.03 MBytes       
[  5]   7.00-8.00   sec  63.8 MBytes   535 Mbits/sec    0   8.03 MBytes       
[  5]   8.00-9.00   sec  64.9 MBytes   544 Mbits/sec    0   8.03 MBytes       
[  5]   9.00-10.00  sec  69.4 MBytes   582 Mbits/sec    0   8.03 MBytes       
- - - - - - - - - - - - - - - - - - - - - - - - -
[ ID] Interval           Transfer     Bitrate         Retr
[  5]   0.00-10.00  sec   636 MBytes   533 Mbits/sec    0            sender
[  5]   0.00-10.06  sec   636 MBytes   530 Mbits/sec                  receiver

iperf Done.

Throughput: 533.0 Mbps
Retransmissions: 0
Measurement saved
iperf3 output:
Connecting to host 35.93.195.101, port 5201
[  5] local 172.31.22.33 port 38288 connected to 35.93.195.101 port 5201
[ ID] Interval           Transfer     Bitrate         Retr  Cwnd
[  5]   0.00-1.00   sec  32.9 MBytes   275 Mbits/sec    0   8.03 MBytes       
[  5]   1.00-2.00   sec  61.2 MBytes   514 Mbits/sec    0   8.03 MBytes       
[  5]   2.00-3.00   sec  55.8 MBytes   468 Mbits/sec   16   2.83 MBytes       
[  5]   3.00-4.00   sec  59.6 MBytes   500 Mbits/sec    0   5.63 MBytes       
[  5]   4.00-5.00   sec  61.6 MBytes   517 Mbits/sec    0   5.63 MBytes       
[  5]   5.00-6.00   sec  56.8 MBytes   476 Mbits/sec    0   5.63 MBytes       
[  5]   6.00-7.00   sec  61.1 MBytes   513 Mbits/sec    0   5.63 MBytes       
[  5]   7.00-8.00   sec  57.6 MBytes   483 Mbits/sec    0   5.63 MBytes       
[  5]   8.00-9.00   sec  59.5 MBytes   499 Mbits/sec    0   5.63 MBytes       
[  5]   9.00-10.00  sec  57.2 MBytes   480 Mbits/sec    0   5.63 MBytes       
- - - - - - - - - - - - - - - - - - - - - - - - -
[ ID] Interval           Transfer     Bitrate         Retr
[  5]   0.00-10.00  sec   563 MBytes   473 Mbits/sec   16            sender
[  5]   0.00-10.06  sec   563 MBytes   470 Mbits/sec                  receiver

iperf Done.

Throughput: 473.0 Mbps
Retransmissions: 16
Measurement saved
iperf3 output:
Connecting to host 35.93.195.101, port 5201
[  5] local 172.31.22.33 port 38176 connected to 35.93.195.101 port 5201
[ ID] Interval           Transfer     Bitrate         Retr  Cwnd
[  5]   0.00-1.00   sec  38.8 MBytes   325 Mbits/sec    0   7.95 MBytes       
[  5]   1.00-2.00   sec  65.1 MBytes   546 Mbits/sec   55   2.61 MBytes       
[  5]   2.00-3.00   sec  62.0 MBytes   520 Mbits/sec    0   3.98 MBytes       
[  5]   3.00-4.00   sec  65.5 MBytes   549 Mbits/sec    0   3.98 MBytes       
[  5]   4.00-5.00   sec  67.1 MBytes   564 Mbits/sec    0   4.21 MBytes       
[  5]   5.00-6.00   sec  63.9 MBytes   535 Mbits/sec    0   4.21 MBytes       
[  5]   6.00-7.00   sec  66.8 MBytes   560 Mbits/sec    0   4.21 MBytes       
[  5]   7.00-8.00   sec  62.5 MBytes   524 Mbits/sec    0   4.21 MBytes       
[  5]   8.00-9.00   sec  66.5 MBytes   558 Mbits/sec    0   4.21 MBytes       
[  5]   9.00-10.00  sec  62.4 MBytes   523 Mbits/sec    0   4.21 MBytes       
- - - - - - - - - - - - - - - - - - - - - - - - -
[ ID] Interval           Transfer     Bitrate         Retr
[  5]   0.00-10.00  sec   622 MBytes   521 Mbits/sec   55            sender
[  5]   0.00-10.06  sec   622 MBytes   519 Mbits/sec                  receiver

iperf Done.

Throughput: 521.0 Mbps
Retransmissions: 55
Measurement saved
iperf3 output:
Connecting to host 35.93.195.101, port 5201
[  5] local 172.31.22.33 port 32908 connected to 35.93.195.101 port 5201
[ ID] Interval           Transfer     Bitrate         Retr  Cwnd
[  5]   0.00-1.00   sec  35.9 MBytes   301 Mbits/sec    0   7.88 MBytes       
[  5]   1.00-2.00   sec  57.8 MBytes   484 Mbits/sec  805   3.94 MBytes       
[  5]   2.00-3.00   sec  29.0 MBytes   243 Mbits/sec  1481   1.42 MBytes       
[  5]   3.00-4.00   sec  26.8 MBytes   224 Mbits/sec    0   1.51 MBytes       
[  5]   4.00-5.00   sec  27.9 MBytes   234 Mbits/sec    0   1.58 MBytes       
[  5]   5.00-6.00   sec  28.9 MBytes   242 Mbits/sec    0   1.63 MBytes       
[  5]   6.00-7.00   sec  29.1 MBytes   244 Mbits/sec    0   1.66 MBytes       
[  5]   7.00-8.00   sec  30.8 MBytes   258 Mbits/sec    0   1.68 MBytes       
[  5]   8.00-9.00   sec  29.9 MBytes   251 Mbits/sec    0   1.69 MBytes       
[  5]   9.00-10.00  sec  32.2 MBytes   271 Mbits/sec    0   1.69 MBytes       
- - - - - - - - - - - - - - - - - - - - - - - - -
[ ID] Interval           Transfer     Bitrate         Retr
[  5]   0.00-10.00  sec   328 MBytes   275 Mbits/sec  2286            sender
[  5]   0.00-10.06  sec   326 MBytes   272 Mbits/sec                  receiver

iperf Done.

Throughput: 275.0 Mbps
Retransmissions: 2286
Measurement saved
iperf3 output:
Connecting to host 35.93.195.101, port 5201
[  5] local 172.31.22.33 port 40064 connected to 35.93.195.101 port 5201
[ ID] Interval           Transfer     Bitrate         Retr  Cwnd
[  5]   0.00-1.00   sec  30.6 MBytes   257 Mbits/sec    0   7.96 MBytes       
[  5]   1.00-2.00   sec  61.6 MBytes   517 Mbits/sec    0   8.04 MBytes       
[  5]   2.00-3.00   sec  59.0 MBytes   495 Mbits/sec    0   8.04 MBytes       
[  5]   3.00-4.00   sec  55.0 MBytes   461 Mbits/sec  100   5.63 MBytes       
[  5]   4.00-5.00   sec  59.2 MBytes   497 Mbits/sec    0   5.63 MBytes       
[  5]   5.00-6.00   sec  52.5 MBytes   440 Mbits/sec    0   5.63 MBytes       
[  5]   6.00-7.00   sec  59.6 MBytes   500 Mbits/sec    0   5.63 MBytes       
[  5]   7.00-8.00   sec  59.0 MBytes   495 Mbits/sec    0   5.63 MBytes       
[  5]   8.00-9.00   sec  55.4 MBytes   465 Mbits/sec    0   5.63 MBytes       
[  5]   9.00-10.00  sec  59.6 MBytes   500 Mbits/sec    0   5.63 MBytes       
- - - - - - - - - - - - - - - - - - - - - - - - -
[ ID] Interval           Transfer     Bitrate         Retr
[  5]   0.00-10.00  sec   552 MBytes   463 Mbits/sec  100            sender
[  5]   0.00-10.06  sec   552 MBytes   460 Mbits/sec                  receiver

iperf Done.

Throughput: 463.0 Mbps
Retransmissions: 100
Measurement saved
iperf3 output:
Connecting to host 35.93.195.101, port 5201
[  5] local 172.31.22.33 port 42248 connected to 35.93.195.101 port 5201
[ ID] Interval           Transfer     Bitrate         Retr  Cwnd
[  5]   0.00-1.00   sec  39.8 MBytes   333 Mbits/sec    0   8.01 MBytes       
[  5]   1.00-2.00   sec  68.8 MBytes   577 Mbits/sec    0   8.01 MBytes       
[  5]   2.00-3.00   sec  68.1 MBytes   572 Mbits/sec    0   8.01 MBytes       
[  5]   3.00-4.00   sec  67.0 MBytes   562 Mbits/sec    0   8.01 MBytes       
[  5]   4.00-5.00   sec  66.6 MBytes   559 Mbits/sec    0   8.01 MBytes       
[  5]   5.00-6.00   sec  66.5 MBytes   558 Mbits/sec    0   8.01 MBytes       
[  5]   6.00-7.00   sec  68.5 MBytes   575 Mbits/sec    0   8.01 MBytes       
[  5]   7.00-8.00   sec  64.8 MBytes   543 Mbits/sec    0   8.01 MBytes       
[  5]   8.00-9.00   sec  69.8 MBytes   585 Mbits/sec    0   8.01 MBytes       
[  5]   9.00-10.00  sec  64.6 MBytes   542 Mbits/sec    0   8.01 MBytes       
- - - - - - - - - - - - - - - - - - - - - - - - -
[ ID] Interval           Transfer     Bitrate         Retr
[  5]   0.00-10.00  sec   644 MBytes   540 Mbits/sec    0            sender
[  5]   0.00-10.06  sec   644 MBytes   538 Mbits/sec                  receiver

iperf Done.

Throughput: 540.0 Mbps
Retransmissions: 0
Measurement saved
iperf3 output:
Connecting to host 35.93.195.101, port 5201
[  5] local 172.31.22.33 port 53784 connected to 35.93.195.101 port 5201
[ ID] Interval           Transfer     Bitrate         Retr  Cwnd
[  5]   0.00-1.00   sec  21.4 MBytes   179 Mbits/sec  433   1.98 MBytes       
[  5]   1.00-2.00   sec  35.4 MBytes   297 Mbits/sec    0   2.10 MBytes       
[  5]   2.00-3.00   sec  36.5 MBytes   306 Mbits/sec    0   2.19 MBytes       
[  5]   3.00-4.00   sec  36.8 MBytes   308 Mbits/sec    0   2.26 MBytes       
[  5]   4.00-5.00   sec  39.8 MBytes   333 Mbits/sec    0   2.31 MBytes       
[  5]   5.00-6.00   sec  39.6 MBytes   332 Mbits/sec    0   2.34 MBytes       
[  5]   6.00-7.00   sec  40.0 MBytes   336 Mbits/sec    0   2.36 MBytes       
[  5]   7.00-8.00   sec  39.8 MBytes   333 Mbits/sec    0   2.37 MBytes       
[  5]   8.00-9.00   sec  40.6 MBytes   341 Mbits/sec    0   2.37 MBytes       
[  5]   9.00-10.00  sec  40.2 MBytes   338 Mbits/sec    0   2.37 MBytes       
- - - - - - - - - - - - - - - - - - - - - - - - -
[ ID] Interval           Transfer     Bitrate         Retr
[  5]   0.00-10.00  sec   370 MBytes   310 Mbits/sec  433            sender
[  5]   0.00-10.06  sec   369 MBytes   307 Mbits/sec                  receiver

iperf Done.

Throughput: 310.0 Mbps
Retransmissions: 433
Measurement saved
iperf3 output:
Connecting to host 35.93.195.101, port 5201
[  5] local 172.31.22.33 port 51222 connected to 35.93.195.101 port 5201
[ ID] Interval           Transfer     Bitrate         Retr  Cwnd
[  5]   0.00-1.00   sec  35.9 MBytes   301 Mbits/sec    0   7.79 MBytes       
[  5]   1.00-2.00   sec  52.0 MBytes   436 Mbits/sec  1889   3.95 MBytes       
[  5]   2.00-3.00   sec  61.4 MBytes   515 Mbits/sec    0   3.95 MBytes       
[  5]   3.00-4.00   sec  60.9 MBytes   511 Mbits/sec    0   3.95 MBytes       
[  5]   4.00-5.00   sec  52.5 MBytes   440 Mbits/sec   42   2.86 MBytes       
[  5]   5.00-6.00   sec  35.1 MBytes   295 Mbits/sec  480   1.48 MBytes       
[  5]   6.00-7.00   sec  27.4 MBytes   230 Mbits/sec    0   1.56 MBytes       
[  5]   7.00-8.00   sec  28.1 MBytes   236 Mbits/sec    0   1.63 MBytes       
[  5]   8.00-9.00   sec  29.8 MBytes   250 Mbits/sec    0   1.67 MBytes       
[  5]   9.00-10.00  sec  31.8 MBytes   266 Mbits/sec    0   1.70 MBytes       
- - - - - - - - - - - - - - - - - - - - - - - - -
[ ID] Interval           Transfer     Bitrate         Retr
[  5]   0.00-10.00  sec   415 MBytes   348 Mbits/sec  2411            sender
[  5]   0.00-10.06  sec   413 MBytes   344 Mbits/sec                  receiver

iperf Done.

Throughput: 348.0 Mbps
Retransmissions: 2411
Measurement saved
iperf3 output:
Connecting to host 35.93.195.101, port 5201
[  5] local 172.31.22.33 port 57032 connected to 35.93.195.101 port 5201
[ ID] Interval           Transfer     Bitrate         Retr  Cwnd
[  5]   0.00-1.00   sec  25.1 MBytes   211 Mbits/sec  592   2.03 MBytes       
[  5]   1.00-2.00   sec  28.8 MBytes   241 Mbits/sec  521   1.05 MBytes       
[  5]   2.00-3.00   sec  19.6 MBytes   165 Mbits/sec    0   1.12 MBytes       
[  5]   3.00-4.00   sec  20.2 MBytes   170 Mbits/sec    0   1.17 MBytes       
[  5]   4.00-5.00   sec  22.8 MBytes   191 Mbits/sec    0   1.21 MBytes       
[  5]   5.00-6.00   sec  22.4 MBytes   188 Mbits/sec    0   1.23 MBytes       
[  5]   6.00-7.00   sec  21.1 MBytes   177 Mbits/sec    0   1.24 MBytes       
[  5]   7.00-8.00   sec  23.8 MBytes   199 Mbits/sec    0   1.25 MBytes       
[  5]   8.00-9.00   sec  22.6 MBytes   190 Mbits/sec    0   1.25 MBytes       
[  5]   9.00-10.00  sec  23.2 MBytes   195 Mbits/sec    0   1.25 MBytes       
- - - - - - - - - - - - - - - - - - - - - - - - -
[ ID] Interval           Transfer     Bitrate         Retr
[  5]   0.00-10.00  sec   230 MBytes   193 Mbits/sec  1113            sender
[  5]   0.00-10.06  sec   227 MBytes   189 Mbits/sec                  receiver

iperf Done.

Throughput: 193.0 Mbps
Retransmissions: 1113
Measurement saved
iperf3 output:
Connecting to host 35.93.195.101, port 5201
[  5] local 172.31.22.33 port 53458 connected to 35.93.195.101 port 5201
[ ID] Interval           Transfer     Bitrate         Retr  Cwnd
[  5]   0.00-1.00   sec  31.6 MBytes   265 Mbits/sec  146   2.79 MBytes       
[  5]   1.00-2.00   sec  52.0 MBytes   436 Mbits/sec  535   3.02 MBytes       
[  5]   2.00-3.00   sec  55.2 MBytes   463 Mbits/sec    0   3.17 MBytes       
[  5]   3.00-4.00   sec  56.2 MBytes   472 Mbits/sec    0   3.28 MBytes       
[  5]   4.00-5.00   sec  52.4 MBytes   439 Mbits/sec   19   2.39 MBytes       
[  5]   5.00-6.00   sec  44.6 MBytes   374 Mbits/sec    0   2.52 MBytes       
[  5]   6.00-7.00   sec  48.4 MBytes   406 Mbits/sec    0   2.62 MBytes       
[  5]   7.00-8.00   sec  48.4 MBytes   406 Mbits/sec    0   2.70 MBytes       
[  5]   8.00-9.00   sec  48.6 MBytes   408 Mbits/sec    0   2.76 MBytes       
[  5]   9.00-10.00  sec  49.5 MBytes   415 Mbits/sec    0   2.79 MBytes       
- - - - - - - - - - - - - - - - - - - - - - - - -
[ ID] Interval           Transfer     Bitrate         Retr
[  5]   0.00-10.00  sec   487 MBytes   408 Mbits/sec  700            sender
[  5]   0.00-10.06  sec   487 MBytes   406 Mbits/sec                  receiver

iperf Done.

Throughput: 408.0 Mbps
Retransmissions: 700
Measurement saved
iperf3 output:
Connecting to host 35.93.195.101, port 5201
[  5] local 172.31.22.33 port 40376 connected to 35.93.195.101 port 5201
[ ID] Interval           Transfer     Bitrate         Retr  Cwnd
[  5]   0.00-1.00   sec  30.6 MBytes   257 Mbits/sec    0   8.01 MBytes       
[  5]   1.00-2.00   sec  45.9 MBytes   385 Mbits/sec  1145   2.77 MBytes       
[  5]   2.00-3.00   sec  27.4 MBytes   230 Mbits/sec  334   1.43 MBytes       
[  5]   3.00-4.00   sec  18.2 MBytes   153 Mbits/sec   95   1.08 MBytes       
[  5]   4.00-5.00   sec  17.0 MBytes   143 Mbits/sec    0   1.14 MBytes       
[  5]   5.00-6.00   sec  18.5 MBytes   155 Mbits/sec    0   1.18 MBytes       
[  5]   6.00-7.00   sec  19.6 MBytes   165 Mbits/sec    0   1.21 MBytes       
[  5]   7.00-8.00   sec  19.6 MBytes   165 Mbits/sec    0   1.23 MBytes       
[  5]   8.00-9.00   sec  21.1 MBytes   177 Mbits/sec    0   1.24 MBytes       
[  5]   9.00-10.00  sec  19.6 MBytes   165 Mbits/sec    0   1.24 MBytes       
- - - - - - - - - - - - - - - - - - - - - - - - -
[ ID] Interval           Transfer     Bitrate         Retr
[  5]   0.00-10.00  sec   238 MBytes   199 Mbits/sec  1574            sender
[  5]   0.00-10.06  sec   235 MBytes   196 Mbits/sec                  receiver

iperf Done.

Throughput: 199.0 Mbps
Retransmissions: 1574
Measurement saved
iperf3 output:
Connecting to host 35.93.195.101, port 5201
[  5] local 172.31.22.33 port 38188 connected to 35.93.195.101 port 5201
[ ID] Interval           Transfer     Bitrate         Retr  Cwnd
[  5]   0.00-1.00   sec  37.2 MBytes   312 Mbits/sec    0   7.82 MBytes       
[  5]   1.00-2.00   sec  67.1 MBytes   563 Mbits/sec    0   8.02 MBytes       
[  5]   2.00-3.00   sec  63.9 MBytes   536 Mbits/sec    0   8.02 MBytes       
[  5]   3.00-4.00   sec  68.0 MBytes   570 Mbits/sec    0   8.02 MBytes       
[  5]   4.00-5.00   sec  64.0 MBytes   537 Mbits/sec    0   8.02 MBytes       
[  5]   5.00-6.00   sec  66.6 MBytes   559 Mbits/sec    0   8.02 MBytes       
[  5]   6.00-7.00   sec  63.5 MBytes   533 Mbits/sec    0   8.02 MBytes       
[  5]   7.00-8.00   sec  68.8 MBytes   577 Mbits/sec    0   8.02 MBytes       
[  5]   8.00-9.00   sec  65.9 MBytes   553 Mbits/sec    0   8.02 MBytes       
[  5]   9.00-10.00  sec  63.8 MBytes   535 Mbits/sec    0   8.02 MBytes       
- - - - - - - - - - - - - - - - - - - - - - - - -
[ ID] Interval           Transfer     Bitrate         Retr
[  5]   0.00-10.00  sec   629 MBytes   527 Mbits/sec    0            sender
[  5]   0.00-10.06  sec   629 MBytes   524 Mbits/sec                  receiver

iperf Done.

Throughput: 527.0 Mbps
Retransmissions: 0
Measurement saved
iperf3 output:
Connecting to host 35.93.195.101, port 5201
[  5] local 172.31.22.33 port 49902 connected to 35.93.195.101 port 5201
[ ID] Interval           Transfer     Bitrate         Retr  Cwnd
[  5]   0.00-1.00   sec  29.4 MBytes   246 Mbits/sec  183   2.79 MBytes       
[  5]   1.00-2.00   sec  52.4 MBytes   439 Mbits/sec    0   3.02 MBytes       
[  5]   2.00-3.00   sec  50.8 MBytes   426 Mbits/sec   53   2.25 MBytes       
[  5]   3.00-4.00   sec  41.6 MBytes   349 Mbits/sec    0   2.37 MBytes       
[  5]   4.00-5.00   sec  42.9 MBytes   360 Mbits/sec    0   2.47 MBytes       
[  5]   5.00-6.00   sec  45.1 MBytes   378 Mbits/sec    0   2.55 MBytes       
[  5]   6.00-7.00   sec  46.0 MBytes   386 Mbits/sec    0   2.60 MBytes       
[  5]   7.00-8.00   sec  48.1 MBytes   403 Mbits/sec    0   2.64 MBytes       
[  5]   8.00-9.00   sec  47.0 MBytes   394 Mbits/sec    0   2.66 MBytes       
[  5]   9.00-10.00  sec  48.8 MBytes   409 Mbits/sec    0   2.67 MBytes       
- - - - - - - - - - - - - - - - - - - - - - - - -
[ ID] Interval           Transfer     Bitrate         Retr
[  5]   0.00-10.00  sec   452 MBytes   379 Mbits/sec  236            sender
[  5]   0.00-10.06  sec   451 MBytes   376 Mbits/sec                  receiver

iperf Done.

Throughput: 379.0 Mbps
Retransmissions: 236
Measurement saved
iperf3 output:
Connecting to host 35.93.195.101, port 5201
[  5] local 172.31.22.33 port 45804 connected to 35.93.195.101 port 5201
[ ID] Interval           Transfer     Bitrate         Retr  Cwnd
[  5]   0.00-1.00   sec  27.1 MBytes   227 Mbits/sec  454   2.34 MBytes       
[  5]   1.00-2.00   sec  30.2 MBytes   254 Mbits/sec  208   1.22 MBytes       
[  5]   2.00-3.00   sec  23.9 MBytes   200 Mbits/sec    0   1.30 MBytes       
[  5]   3.00-4.00   sec  25.0 MBytes   210 Mbits/sec    0   1.37 MBytes       
[  5]   4.00-5.00   sec  25.4 MBytes   213 Mbits/sec    0   1.42 MBytes       
[  5]   5.00-6.00   sec  25.6 MBytes   215 Mbits/sec    0   1.45 MBytes       
[  5]   6.00-7.00   sec  26.2 MBytes   220 Mbits/sec    0   1.47 MBytes       
[  5]   7.00-8.00   sec  27.6 MBytes   232 Mbits/sec    0   1.48 MBytes       
[  5]   8.00-9.00   sec  26.5 MBytes   222 Mbits/sec    0   1.48 MBytes       
[  5]   9.00-10.00  sec  26.4 MBytes   221 Mbits/sec    0   1.48 MBytes       
- - - - - - - - - - - - - - - - - - - - - - - - -
[ ID] Interval           Transfer     Bitrate         Retr
[  5]   0.00-10.00  sec   265 MBytes   223 Mbits/sec  662            sender
[  5]   0.00-10.06  sec   264 MBytes   220 Mbits/sec                  receiver

iperf Done.

Throughput: 223.0 Mbps
Retransmissions: 662
Measurement saved
iperf3 output:
Connecting to host 35.93.195.101, port 5201
[  5] local 172.31.22.33 port 46190 connected to 35.93.195.101 port 5201
[ ID] Interval           Transfer     Bitrate         Retr  Cwnd
[  5]   0.00-1.00   sec  32.1 MBytes   269 Mbits/sec  130   3.19 MBytes       
[  5]   1.00-2.00   sec  55.9 MBytes   469 Mbits/sec  102   2.40 MBytes       
[  5]   2.00-3.00   sec  45.1 MBytes   379 Mbits/sec    0   2.54 MBytes       
[  5]   3.00-4.00   sec  46.0 MBytes   386 Mbits/sec    0   2.65 MBytes       
[  5]   4.00-5.00   sec  48.1 MBytes   404 Mbits/sec    0   2.73 MBytes       
[  5]   5.00-6.00   sec  53.5 MBytes   449 Mbits/sec    0   2.80 MBytes       
[  5]   6.00-7.00   sec  49.6 MBytes   416 Mbits/sec    0   2.84 MBytes       
[  5]   7.00-8.00   sec  52.0 MBytes   436 Mbits/sec    0   2.87 MBytes       
[  5]   8.00-9.00   sec  51.2 MBytes   430 Mbits/sec    0   2.88 MBytes       
[  5]   9.00-10.00  sec  51.9 MBytes   435 Mbits/sec    0   2.89 MBytes       
- - - - - - - - - - - - - - - - - - - - - - - - -
[ ID] Interval           Transfer     Bitrate         Retr
[  5]   0.00-10.00  sec   486 MBytes   407 Mbits/sec  232            sender
[  5]   0.00-10.06  sec   486 MBytes   405 Mbits/sec                  receiver

iperf Done.

Throughput: 407.0 Mbps
Retransmissions: 232
Measurement saved
iperf3 output:
Connecting to host 35.93.195.101, port 5201
[  5] local 172.31.22.33 port 46646 connected to 35.93.195.101 port 5201
[ ID] Interval           Transfer     Bitrate         Retr  Cwnd
[  5]   0.00-1.00   sec  24.4 MBytes   204 Mbits/sec  535   2.11 MBytes       
[  5]   1.00-2.00   sec  39.0 MBytes   327 Mbits/sec    0   2.23 MBytes       
[  5]   2.00-3.00   sec  35.5 MBytes   298 Mbits/sec  133   1.64 MBytes       
[  5]   3.00-4.00   sec  30.4 MBytes   255 Mbits/sec    0   1.74 MBytes       
[  5]   4.00-5.00   sec  30.1 MBytes   253 Mbits/sec    0   1.82 MBytes       
[  5]   5.00-6.00   sec  33.2 MBytes   279 Mbits/sec    0   1.87 MBytes       
[  5]   6.00-7.00   sec  31.2 MBytes   262 Mbits/sec    0   1.91 MBytes       
[  5]   7.00-8.00   sec  34.5 MBytes   289 Mbits/sec    0   1.94 MBytes       
[  5]   8.00-9.00   sec  33.6 MBytes   282 Mbits/sec    0   1.95 MBytes       
[  5]   9.00-10.00  sec  35.5 MBytes   298 Mbits/sec    0   1.96 MBytes       
- - - - - - - - - - - - - - - - - - - - - - - - -
[ ID] Interval           Transfer     Bitrate         Retr
[  5]   0.00-10.00  sec   328 MBytes   275 Mbits/sec  668            sender
[  5]   0.00-10.06  sec   326 MBytes   272 Mbits/sec                  receiver

iperf Done.

Throughput: 275.0 Mbps
Retransmissions: 668
Measurement saved
iperf3 output:
Connecting to host 35.93.195.101, port 5201
[  5] local 172.31.22.33 port 40680 connected to 35.93.195.101 port 5201
[ ID] Interval           Transfer     Bitrate         Retr  Cwnd
[  5]   0.00-1.00   sec  26.4 MBytes   221 Mbits/sec  601   2.33 MBytes       
[  5]   1.00-2.00   sec  43.4 MBytes   364 Mbits/sec    0   2.46 MBytes       
[  5]   2.00-3.00   sec  44.9 MBytes   377 Mbits/sec    0   2.56 MBytes       
[  5]   3.00-4.00   sec  47.2 MBytes   396 Mbits/sec    0   2.64 MBytes       
[  5]   4.00-5.00   sec  49.9 MBytes   418 Mbits/sec    0   2.70 MBytes       
[  5]   5.00-6.00   sec  49.0 MBytes   411 Mbits/sec    0   2.73 MBytes       
[  5]   6.00-7.00   sec  49.6 MBytes   416 Mbits/sec    0   2.76 MBytes       
[  5]   7.00-8.00   sec  50.1 MBytes   420 Mbits/sec    0   2.77 MBytes       
[  5]   8.00-9.00   sec  51.8 MBytes   434 Mbits/sec    0   2.78 MBytes       
[  5]   9.00-10.00  sec  51.1 MBytes   429 Mbits/sec    0   2.78 MBytes       
- - - - - - - - - - - - - - - - - - - - - - - - -
[ ID] Interval           Transfer     Bitrate         Retr
[  5]   0.00-10.00  sec   463 MBytes   389 Mbits/sec  601            sender
[  5]   0.00-10.06  sec   462 MBytes   386 Mbits/sec                  receiver

iperf Done.

Throughput: 389.0 Mbps
Retransmissions: 601
Measurement saved
iperf3 output:
Connecting to host 35.93.195.101, port 5201
[  5] local 172.31.22.33 port 51448 connected to 35.93.195.101 port 5201
[ ID] Interval           Transfer     Bitrate         Retr  Cwnd
[  5]   0.00-1.00   sec  25.0 MBytes   209 Mbits/sec  805   2.59 MBytes       
[  5]   1.00-2.00   sec  49.2 MBytes   413 Mbits/sec    0   2.74 MBytes       
[  5]   2.00-3.00   sec  49.9 MBytes   418 Mbits/sec    0   2.86 MBytes       
[  5]   3.00-4.00   sec  52.4 MBytes   440 Mbits/sec    0   2.95 MBytes       
[  5]   4.00-5.00   sec  53.9 MBytes   452 Mbits/sec    0   3.01 MBytes       
[  5]   5.00-6.00   sec  53.5 MBytes   449 Mbits/sec    0   3.06 MBytes       
[  5]   6.00-7.00   sec  55.5 MBytes   466 Mbits/sec    0   3.10 MBytes       
[  5]   7.00-8.00   sec  55.6 MBytes   467 Mbits/sec    0   3.12 MBytes       
[  5]   8.00-9.00   sec  56.2 MBytes   471 Mbits/sec    0   3.13 MBytes       
[  5]   9.00-10.00  sec  56.0 MBytes   470 Mbits/sec    0   3.13 MBytes       
- - - - - - - - - - - - - - - - - - - - - - - - -
[ ID] Interval           Transfer     Bitrate         Retr
[  5]   0.00-10.00  sec   507 MBytes   425 Mbits/sec  805            sender
[  5]   0.00-10.06  sec   507 MBytes   422 Mbits/sec                  receiver

iperf Done.

Throughput: 425.0 Mbps
Retransmissions: 805
Measurement saved
iperf3 output:
Connecting to host 35.93.195.101, port 5201
[  5] local 172.31.22.33 port 47608 connected to 35.93.195.101 port 5201
[ ID] Interval           Transfer     Bitrate         Retr  Cwnd
[  5]   0.00-1.00   sec  40.0 MBytes   335 Mbits/sec    0   8.02 MBytes       
[  5]   1.00-2.00   sec  66.4 MBytes   557 Mbits/sec   86   5.61 MBytes       
[  5]   2.00-3.00   sec  65.5 MBytes   549 Mbits/sec    0   5.61 MBytes       
[  5]   3.00-4.00   sec  67.1 MBytes   563 Mbits/sec    0   5.61 MBytes       
[  5]   4.00-5.00   sec  66.8 MBytes   560 Mbits/sec    0   5.61 MBytes       
[  5]   5.00-6.00   sec  67.8 MBytes   568 Mbits/sec    0   5.61 MBytes       
[  5]   6.00-7.00   sec  66.0 MBytes   554 Mbits/sec    0   5.61 MBytes       
[  5]   7.00-8.00   sec  69.5 MBytes   583 Mbits/sec    0   5.61 MBytes       
[  5]   8.00-9.00   sec  65.2 MBytes   547 Mbits/sec    0   5.61 MBytes       
[  5]   9.00-10.00  sec  66.2 MBytes   556 Mbits/sec  137   3.93 MBytes       
- - - - - - - - - - - - - - - - - - - - - - - - -
[ ID] Interval           Transfer     Bitrate         Retr
[  5]   0.00-10.00  sec   640 MBytes   537 Mbits/sec  223            sender
[  5]   0.00-10.06  sec   640 MBytes   534 Mbits/sec                  receiver

iperf Done.

Throughput: 537.0 Mbps
Retransmissions: 223
Measurement saved
iperf3 output:
Connecting to host 35.93.195.101, port 5201
[  5] local 172.31.22.33 port 54052 connected to 35.93.195.101 port 5201
[ ID] Interval           Transfer     Bitrate         Retr  Cwnd
[  5]   0.00-1.00   sec  39.9 MBytes   334 Mbits/sec    0   8.02 MBytes       
[  5]   1.00-2.00   sec  69.5 MBytes   583 Mbits/sec    0   8.02 MBytes       
[  5]   2.00-3.00   sec  65.0 MBytes   545 Mbits/sec    0   8.02 MBytes       
[  5]   3.00-4.00   sec  69.0 MBytes   579 Mbits/sec    0   8.02 MBytes       
[  5]   4.00-5.00   sec  65.0 MBytes   545 Mbits/sec    0   8.02 MBytes       
[  5]   5.00-6.00   sec  66.2 MBytes   556 Mbits/sec    0   8.02 MBytes       
[  5]   6.00-7.00   sec  69.8 MBytes   585 Mbits/sec    0   8.02 MBytes       
[  5]   7.00-8.00   sec  65.9 MBytes   553 Mbits/sec    0   8.02 MBytes       
[  5]   8.00-9.00   sec  67.8 MBytes   569 Mbits/sec    0   8.02 MBytes       
[  5]   9.00-10.00  sec  65.1 MBytes   546 Mbits/sec    0   8.02 MBytes       
- - - - - - - - - - - - - - - - - - - - - - - - -
[ ID] Interval           Transfer     Bitrate         Retr
[  5]   0.00-10.00  sec   643 MBytes   540 Mbits/sec    0            sender
[  5]   0.00-10.06  sec   643 MBytes   537 Mbits/sec                  receiver

iperf Done.

Throughput: 540.0 Mbps
Retransmissions: 0
Measurement saved
iperf3 output:
Connecting to host 35.93.195.101, port 5201
[  5] local 172.31.22.33 port 46210 connected to 35.93.195.101 port 5201
[ ID] Interval           Transfer     Bitrate         Retr  Cwnd
[  5]   0.00-1.00   sec  38.2 MBytes   321 Mbits/sec    0   8.04 MBytes       
[  5]   1.00-2.00   sec  56.9 MBytes   477 Mbits/sec  186   3.95 MBytes       
[  5]   2.00-3.00   sec  65.0 MBytes   545 Mbits/sec  154   2.63 MBytes       
[  5]   3.00-4.00   sec  48.9 MBytes   410 Mbits/sec    6   2.91 MBytes       
[  5]   4.00-5.00   sec  51.9 MBytes   435 Mbits/sec    0   3.04 MBytes       
[  5]   5.00-6.00   sec  56.1 MBytes   471 Mbits/sec    0   3.14 MBytes       
[  5]   6.00-7.00   sec  56.4 MBytes   473 Mbits/sec    0   3.21 MBytes       
[  5]   7.00-8.00   sec  58.9 MBytes   494 Mbits/sec    0   3.27 MBytes       
[  5]   8.00-9.00   sec  58.8 MBytes   493 Mbits/sec    0   3.31 MBytes       
[  5]   9.00-10.00  sec  60.5 MBytes   507 Mbits/sec    0   3.33 MBytes       
- - - - - - - - - - - - - - - - - - - - - - - - -
[ ID] Interval           Transfer     Bitrate         Retr
[  5]   0.00-10.00  sec   552 MBytes   463 Mbits/sec  346            sender
[  5]   0.00-10.06  sec   551 MBytes   459 Mbits/sec                  receiver

iperf Done.

Throughput: 463.0 Mbps
Retransmissions: 346
Measurement saved
iperf3 output:
Connecting to host 35.93.195.101, port 5201
[  5] local 172.31.22.33 port 45814 connected to 35.93.195.101 port 5201
[ ID] Interval           Transfer     Bitrate         Retr  Cwnd
[  5]   0.00-1.00   sec  22.6 MBytes   190 Mbits/sec  708   1.51 MBytes       
[  5]   1.00-2.00   sec  29.4 MBytes   246 Mbits/sec    0   1.61 MBytes       
[  5]   2.00-3.00   sec  28.9 MBytes   242 Mbits/sec    0   1.68 MBytes       
[  5]   3.00-4.00   sec  31.9 MBytes   267 Mbits/sec    0   1.74 MBytes       
[  5]   4.00-5.00   sec  30.6 MBytes   257 Mbits/sec    0   1.78 MBytes       
[  5]   5.00-6.00   sec  33.1 MBytes   278 Mbits/sec    0   1.80 MBytes       
[  5]   6.00-7.00   sec  32.2 MBytes   271 Mbits/sec    0   1.81 MBytes       
[  5]   7.00-8.00   sec  33.0 MBytes   277 Mbits/sec    0   1.82 MBytes       
[  5]   8.00-9.00   sec  33.2 MBytes   279 Mbits/sec    0   1.82 MBytes       
[  5]   9.00-10.00  sec  33.1 MBytes   278 Mbits/sec    0   1.82 MBytes       
- - - - - - - - - - - - - - - - - - - - - - - - -
[ ID] Interval           Transfer     Bitrate         Retr
[  5]   0.00-10.00  sec   308 MBytes   258 Mbits/sec  708            sender
[  5]   0.00-10.06  sec   306 MBytes   256 Mbits/sec                  receiver

iperf Done.

Throughput: 258.0 Mbps
Retransmissions: 708
Measurement saved
iperf3 output:
Connecting to host 35.93.195.101, port 5201
[  5] local 172.31.22.33 port 41290 connected to 35.93.195.101 port 5201
[ ID] Interval           Transfer     Bitrate         Retr  Cwnd
[  5]   0.00-1.00   sec  26.6 MBytes   223 Mbits/sec  574   2.26 MBytes       
[  5]   1.00-2.00   sec  40.9 MBytes   343 Mbits/sec    0   2.39 MBytes       
[  5]   2.00-3.00   sec  44.9 MBytes   376 Mbits/sec    0   2.49 MBytes       
[  5]   3.00-4.00   sec  44.4 MBytes   372 Mbits/sec    0   2.56 MBytes       
[  5]   4.00-5.00   sec  46.6 MBytes   391 Mbits/sec    0   2.62 MBytes       
[  5]   5.00-6.00   sec  47.6 MBytes   400 Mbits/sec    0   2.66 MBytes       
[  5]   6.00-7.00   sec  48.5 MBytes   407 Mbits/sec    0   2.68 MBytes       
[  5]   7.00-8.00   sec  51.5 MBytes   432 Mbits/sec    0   2.70 MBytes       
[  5]   8.00-9.00   sec  47.8 MBytes   401 Mbits/sec    0   2.70 MBytes       
[  5]   9.00-10.00  sec  49.4 MBytes   414 Mbits/sec    0   2.70 MBytes       
- - - - - - - - - - - - - - - - - - - - - - - - -
[ ID] Interval           Transfer     Bitrate         Retr
[  5]   0.00-10.00  sec   448 MBytes   376 Mbits/sec  574            sender
[  5]   0.00-10.06  sec   447 MBytes   373 Mbits/sec                  receiver

iperf Done.

Throughput: 376.0 Mbps
Retransmissions: 574
Measurement saved
iperf3 output:
Connecting to host 35.93.195.101, port 5201
[  5] local 172.31.22.33 port 44650 connected to 35.93.195.101 port 5201
[ ID] Interval           Transfer     Bitrate         Retr  Cwnd
[  5]   0.00-1.00   sec  30.0 MBytes   251 Mbits/sec  760   2.52 MBytes       
[  5]   1.00-2.00   sec  33.8 MBytes   283 Mbits/sec  257   1.86 MBytes       
[  5]   2.00-3.00   sec  35.4 MBytes   297 Mbits/sec    0   1.95 MBytes       
[  5]   3.00-4.00   sec  34.6 MBytes   290 Mbits/sec    0   2.02 MBytes       
[  5]   4.00-5.00   sec  37.4 MBytes   314 Mbits/sec    0   2.07 MBytes       
[  5]   5.00-6.00   sec  38.6 MBytes   324 Mbits/sec    0   2.11 MBytes       
[  5]   6.00-7.00   sec  38.5 MBytes   323 Mbits/sec    0   2.13 MBytes       
[  5]   7.00-8.00   sec  39.9 MBytes   335 Mbits/sec    0   2.14 MBytes       
[  5]   8.00-9.00   sec  38.6 MBytes   324 Mbits/sec    0   2.14 MBytes       
[  5]   9.00-10.00  sec  39.0 MBytes   327 Mbits/sec    0   2.14 MBytes       
- - - - - - - - - - - - - - - - - - - - - - - - -
[ ID] Interval           Transfer     Bitrate         Retr
[  5]   0.00-10.00  sec   366 MBytes   307 Mbits/sec  1017            sender
[  5]   0.00-10.06  sec   364 MBytes   304 Mbits/sec                  receiver

iperf Done.

Throughput: 307.0 Mbps
Retransmissions: 1017
Measurement saved
iperf3 output:
Connecting to host 35.93.195.101, port 5201
[  5] local 172.31.22.33 port 60946 connected to 35.93.195.101 port 5201
[ ID] Interval           Transfer     Bitrate         Retr  Cwnd
[  5]   0.00-1.00   sec  37.4 MBytes   313 Mbits/sec    0   8.01 MBytes       
[  5]   1.00-2.00   sec  68.1 MBytes   571 Mbits/sec    0   8.01 MBytes       
[  5]   2.00-3.00   sec  67.5 MBytes   566 Mbits/sec    0   8.01 MBytes       
[  5]   3.00-4.00   sec  64.5 MBytes   541 Mbits/sec    0   8.01 MBytes       
[  5]   4.00-5.00   sec  68.1 MBytes   571 Mbits/sec    0   8.01 MBytes       
[  5]   5.00-6.00   sec  65.8 MBytes   552 Mbits/sec    0   8.01 MBytes       
[  5]   6.00-7.00   sec  70.0 MBytes   587 Mbits/sec    0   8.01 MBytes       
[  5]   7.00-8.00   sec  64.0 MBytes   537 Mbits/sec    0   8.01 MBytes       
[  5]   8.00-9.00   sec  68.5 MBytes   575 Mbits/sec    0   8.01 MBytes       
[  5]   9.00-10.00  sec  61.2 MBytes   514 Mbits/sec   20   5.61 MBytes       
- - - - - - - - - - - - - - - - - - - - - - - - -
[ ID] Interval           Transfer     Bitrate         Retr
[  5]   0.00-10.00  sec   635 MBytes   533 Mbits/sec   20            sender
[  5]   0.00-10.06  sec   634 MBytes   529 Mbits/sec                  receiver

iperf Done.

Throughput: 533.0 Mbps
Retransmissions: 20
Measurement saved
iperf3 output:
Connecting to host 35.93.195.101, port 5201
[  5] local 172.31.22.33 port 49004 connected to 35.93.195.101 port 5201
[ ID] Interval           Transfer     Bitrate         Retr  Cwnd
[  5]   0.00-1.00   sec  29.4 MBytes   246 Mbits/sec  1408   3.82 MBytes       
[  5]   1.00-2.00   sec  52.8 MBytes   442 Mbits/sec  380   2.81 MBytes       
[  5]   2.00-3.00   sec  34.8 MBytes   291 Mbits/sec   76   2.08 MBytes       
[  5]   3.00-4.00   sec  37.0 MBytes   310 Mbits/sec    0   2.18 MBytes       
[  5]   4.00-5.00   sec  39.1 MBytes   328 Mbits/sec    0   2.25 MBytes       
[  5]   5.00-6.00   sec  39.8 MBytes   333 Mbits/sec    0   2.31 MBytes       
[  5]   6.00-7.00   sec  41.0 MBytes   344 Mbits/sec    0   2.34 MBytes       
[  5]   7.00-8.00   sec  41.6 MBytes   349 Mbits/sec    0   2.37 MBytes       
[  5]   8.00-9.00   sec  41.1 MBytes   345 Mbits/sec    0   2.38 MBytes       
[  5]   9.00-10.00  sec  41.6 MBytes   349 Mbits/sec    0   2.38 MBytes       
- - - - - - - - - - - - - - - - - - - - - - - - -
[ ID] Interval           Transfer     Bitrate         Retr
[  5]   0.00-10.00  sec   398 MBytes   334 Mbits/sec  1864            sender
[  5]   0.00-10.06  sec   397 MBytes   331 Mbits/sec                  receiver

iperf Done.

Throughput: 334.0 Mbps
Retransmissions: 1864
Measurement saved
iperf3 output:
Connecting to host 35.93.195.101, port 5201
[  5] local 172.31.22.33 port 54128 connected to 35.93.195.101 port 5201
[ ID] Interval           Transfer     Bitrate         Retr  Cwnd
[  5]   0.00-1.00   sec  21.6 MBytes   181 Mbits/sec  773   2.15 MBytes       
[  5]   1.00-2.00   sec  34.8 MBytes   292 Mbits/sec    0   2.28 MBytes       
[  5]   2.00-3.00   sec  37.5 MBytes   315 Mbits/sec    0   2.38 MBytes       
[  5]   3.00-4.00   sec  38.4 MBytes   322 Mbits/sec    0   2.45 MBytes       
[  5]   4.00-5.00   sec  40.0 MBytes   336 Mbits/sec    0   2.50 MBytes       
[  5]   5.00-6.00   sec  40.9 MBytes   343 Mbits/sec    0   2.54 MBytes       
[  5]   6.00-7.00   sec  39.9 MBytes   334 Mbits/sec    0   2.56 MBytes       
[  5]   7.00-8.00   sec  41.9 MBytes   351 Mbits/sec    0   2.58 MBytes       
[  5]   8.00-9.00   sec  41.0 MBytes   344 Mbits/sec    0   2.58 MBytes       
[  5]   9.00-10.00  sec  41.0 MBytes   343 Mbits/sec    0   2.58 MBytes       
- - - - - - - - - - - - - - - - - - - - - - - - -
[ ID] Interval           Transfer     Bitrate         Retr
[  5]   0.00-10.00  sec   377 MBytes   316 Mbits/sec  773            sender
[  5]   0.00-10.06  sec   377 MBytes   314 Mbits/sec                  receiver

iperf Done.

Throughput: 316.0 Mbps
Retransmissions: 773
Measurement saved
iperf3 output:
Connecting to host 35.93.195.101, port 5201
[  5] local 172.31.22.33 port 58208 connected to 35.93.195.101 port 5201
[ ID] Interval           Transfer     Bitrate         Retr  Cwnd
[  5]   0.00-1.00   sec  30.0 MBytes   251 Mbits/sec  281   2.43 MBytes       
[  5]   1.00-2.00   sec  44.9 MBytes   376 Mbits/sec    0   2.57 MBytes       
[  5]   2.00-3.00   sec  48.4 MBytes   406 Mbits/sec    0   2.68 MBytes       
[  5]   3.00-4.00   sec  47.8 MBytes   401 Mbits/sec    0   2.76 MBytes       
[  5]   4.00-5.00   sec  51.2 MBytes   430 Mbits/sec    0   2.83 MBytes       
[  5]   5.00-6.00   sec  49.6 MBytes   416 Mbits/sec    0   2.87 MBytes       
[  5]   6.00-7.00   sec  52.6 MBytes   441 Mbits/sec    0   2.90 MBytes       
[  5]   7.00-8.00   sec  50.4 MBytes   423 Mbits/sec    0   2.92 MBytes       
[  5]   8.00-9.00   sec  52.9 MBytes   444 Mbits/sec    0   2.92 MBytes       
[  5]   9.00-10.00  sec  51.9 MBytes   435 Mbits/sec    0   2.92 MBytes       
- - - - - - - - - - - - - - - - - - - - - - - - -
[ ID] Interval           Transfer     Bitrate         Retr
[  5]   0.00-10.00  sec   480 MBytes   402 Mbits/sec  281            sender
[  5]   0.00-10.06  sec   480 MBytes   400 Mbits/sec                  receiver

iperf Done.

Throughput: 402.0 Mbps
Retransmissions: 281
Measurement saved
iperf3 output:
Connecting to host 35.93.195.101, port 5201
[  5] local 172.31.22.33 port 36828 connected to 35.93.195.101 port 5201
[ ID] Interval           Transfer     Bitrate         Retr  Cwnd
[  5]   0.00-1.00   sec  26.2 MBytes   220 Mbits/sec  890   2.39 MBytes       
[  5]   1.00-2.00   sec  41.0 MBytes   344 Mbits/sec  192   1.77 MBytes       
[  5]   2.00-3.00   sec  32.0 MBytes   268 Mbits/sec    0   1.88 MBytes       
[  5]   3.00-4.00   sec  32.6 MBytes   274 Mbits/sec    0   1.97 MBytes       
[  5]   4.00-5.00   sec  36.5 MBytes   306 Mbits/sec    0   2.03 MBytes       
[  5]   5.00-6.00   sec  35.0 MBytes   294 Mbits/sec    0   2.07 MBytes       
[  5]   6.00-7.00   sec  37.6 MBytes   316 Mbits/sec    0   2.10 MBytes       
[  5]   7.00-8.00   sec  35.4 MBytes   297 Mbits/sec    0   2.12 MBytes       
[  5]   8.00-9.00   sec  38.8 MBytes   325 Mbits/sec    0   2.13 MBytes       
[  5]   9.00-10.00  sec  36.4 MBytes   305 Mbits/sec    0   2.13 MBytes       
- - - - - - - - - - - - - - - - - - - - - - - - -
[ ID] Interval           Transfer     Bitrate         Retr
[  5]   0.00-10.00  sec   352 MBytes   295 Mbits/sec  1082            sender
[  5]   0.00-10.06  sec   350 MBytes   292 Mbits/sec                  receiver

iperf Done.

Throughput: 295.0 Mbps
Retransmissions: 1082
Measurement saved
iperf3 output:
Connecting to host 35.93.195.101, port 5201
[  5] local 172.31.22.33 port 46790 connected to 35.93.195.101 port 5201
[ ID] Interval           Transfer     Bitrate         Retr  Cwnd
[  5]   0.00-1.00   sec  36.5 MBytes   306 Mbits/sec    0   7.38 MBytes       
[  5]   1.00-2.00   sec  49.9 MBytes   419 Mbits/sec  294   2.59 MBytes       
[  5]   2.00-3.00   sec  38.6 MBytes   324 Mbits/sec   35   1.92 MBytes       
[  5]   3.00-4.00   sec  35.6 MBytes   299 Mbits/sec    0   2.03 MBytes       
[  5]   4.00-5.00   sec  38.4 MBytes   322 Mbits/sec    0   2.10 MBytes       
[  5]   5.00-6.00   sec  38.4 MBytes   322 Mbits/sec    0   2.16 MBytes       
[  5]   6.00-7.00   sec  39.0 MBytes   327 Mbits/sec    0   2.20 MBytes       
[  5]   7.00-8.00   sec  40.6 MBytes   341 Mbits/sec    0   2.22 MBytes       
[  5]   8.00-9.00   sec  41.8 MBytes   350 Mbits/sec    0   2.23 MBytes       
[  5]   9.00-10.00  sec  40.1 MBytes   337 Mbits/sec    0   2.24 MBytes       
- - - - - - - - - - - - - - - - - - - - - - - - -
[ ID] Interval           Transfer     Bitrate         Retr
[  5]   0.00-10.00  sec   399 MBytes   335 Mbits/sec  329            sender
[  5]   0.00-10.06  sec   398 MBytes   332 Mbits/sec                  receiver

iperf Done.

Throughput: 335.0 Mbps
Retransmissions: 329
Measurement saved
iperf3 output:
Connecting to host 35.93.195.101, port 5201
[  5] local 172.31.22.33 port 46994 connected to 35.93.195.101 port 5201
[ ID] Interval           Transfer     Bitrate         Retr  Cwnd
[  5]   0.00-1.00   sec  21.5 MBytes   180 Mbits/sec  590   2.34 MBytes       
[  5]   1.00-2.00   sec  38.8 MBytes   325 Mbits/sec    0   2.47 MBytes       
[  5]   2.00-3.00   sec  40.2 MBytes   338 Mbits/sec    0   2.58 MBytes       
[  5]   3.00-4.00   sec  42.1 MBytes   353 Mbits/sec    0   2.66 MBytes       
[  5]   4.00-5.00   sec  42.8 MBytes   359 Mbits/sec    0   2.72 MBytes       
[  5]   5.00-6.00   sec  44.8 MBytes   375 Mbits/sec    0   2.76 MBytes       
[  5]   6.00-7.00   sec  43.5 MBytes   365 Mbits/sec    0   2.79 MBytes       
[  5]   7.00-8.00   sec  44.4 MBytes   372 Mbits/sec    0   2.80 MBytes       
[  5]   8.00-9.00   sec  45.1 MBytes   379 Mbits/sec    0   2.81 MBytes       
[  5]   9.00-10.00  sec  44.9 MBytes   376 Mbits/sec    0   2.81 MBytes       
- - - - - - - - - - - - - - - - - - - - - - - - -
[ ID] Interval           Transfer     Bitrate         Retr
[  5]   0.00-10.00  sec   408 MBytes   342 Mbits/sec  590            sender
[  5]   0.00-10.06  sec   408 MBytes   340 Mbits/sec                  receiver

iperf Done.

Throughput: 342.0 Mbps
Retransmissions: 590
Measurement saved
iperf3 output:
Connecting to host 35.93.195.101, port 5201
[  5] local 172.31.22.33 port 56732 connected to 35.93.195.101 port 5201
[ ID] Interval           Transfer     Bitrate         Retr  Cwnd
[  5]   0.00-1.00   sec  23.8 MBytes   199 Mbits/sec  308   2.11 MBytes       
[  5]   1.00-2.00   sec  33.9 MBytes   284 Mbits/sec  141   1.60 MBytes       
[  5]   2.00-3.00   sec  27.5 MBytes   231 Mbits/sec   97   1.18 MBytes       
[  5]   3.00-4.00   sec  22.4 MBytes   188 Mbits/sec    0   1.26 MBytes       
[  5]   4.00-5.00   sec  25.5 MBytes   214 Mbits/sec    0   1.33 MBytes       
[  5]   5.00-6.00   sec  23.0 MBytes   193 Mbits/sec    0   1.37 MBytes       
[  5]   6.00-7.00   sec  24.9 MBytes   209 Mbits/sec    0   1.40 MBytes       
[  5]   7.00-8.00   sec  26.8 MBytes   224 Mbits/sec    0   1.42 MBytes       
[  5]   8.00-9.00   sec  25.9 MBytes   217 Mbits/sec    0   1.43 MBytes       
[  5]   9.00-10.00  sec  25.6 MBytes   215 Mbits/sec    0   1.43 MBytes       
- - - - - - - - - - - - - - - - - - - - - - - - -
[ ID] Interval           Transfer     Bitrate         Retr
[  5]   0.00-10.00  sec   260 MBytes   218 Mbits/sec  546            sender
[  5]   0.00-10.06  sec   258 MBytes   215 Mbits/sec                  receiver

iperf Done.

Throughput: 218.0 Mbps
Retransmissions: 546
Measurement saved
iperf3 output:
Connecting to host 35.93.195.101, port 5201
[  5] local 172.31.22.33 port 48276 connected to 35.93.195.101 port 5201
[ ID] Interval           Transfer     Bitrate         Retr  Cwnd
[  5]   0.00-1.00   sec  20.5 MBytes   172 Mbits/sec  715   1.75 MBytes       
[  5]   1.00-2.00   sec  31.8 MBytes   266 Mbits/sec    0   1.92 MBytes       
[  5]   2.00-3.00   sec  37.0 MBytes   310 Mbits/sec    0   2.06 MBytes       
[  5]   3.00-4.00   sec  36.8 MBytes   308 Mbits/sec    0   2.16 MBytes       
[  5]   4.00-5.00   sec  39.8 MBytes   333 Mbits/sec    0   2.25 MBytes       
[  5]   5.00-6.00   sec  42.1 MBytes   353 Mbits/sec    0   2.31 MBytes       
[  5]   6.00-7.00   sec  37.9 MBytes   318 Mbits/sec   17   1.68 MBytes       
[  5]   7.00-8.00   sec  29.9 MBytes   251 Mbits/sec  302   1.24 MBytes       
[  5]   8.00-9.00   sec  22.6 MBytes   190 Mbits/sec    0   1.33 MBytes       
[  5]   9.00-10.00  sec  25.2 MBytes   212 Mbits/sec    0   1.39 MBytes       
- - - - - - - - - - - - - - - - - - - - - - - - -
[ ID] Interval           Transfer     Bitrate         Retr
[  5]   0.00-10.00  sec   324 MBytes   271 Mbits/sec  1034            sender
[  5]   0.00-10.06  sec   322 MBytes   268 Mbits/sec                  receiver

iperf Done.

Throughput: 271.0 Mbps
Retransmissions: 1034
Measurement saved
iperf3 output:
Connecting to host 35.93.195.101, port 5201
[  5] local 172.31.22.33 port 45246 connected to 35.93.195.101 port 5201
[ ID] Interval           Transfer     Bitrate         Retr  Cwnd
[  5]   0.00-1.00   sec  19.1 MBytes   160 Mbits/sec  299   1.97 MBytes       
[  5]   1.00-2.00   sec  31.8 MBytes   266 Mbits/sec    0   2.08 MBytes       
[  5]   2.00-3.00   sec  34.1 MBytes   286 Mbits/sec    0   2.17 MBytes       
[  5]   3.00-4.00   sec  34.6 MBytes   290 Mbits/sec    0   2.23 MBytes       
[  5]   4.00-5.00   sec  36.2 MBytes   304 Mbits/sec    0   2.28 MBytes       
[  5]   5.00-6.00   sec  37.5 MBytes   315 Mbits/sec    0   2.31 MBytes       
[  5]   6.00-7.00   sec  36.8 MBytes   308 Mbits/sec    0   2.33 MBytes       
[  5]   7.00-8.00   sec  37.1 MBytes   311 Mbits/sec    0   2.34 MBytes       
[  5]   8.00-9.00   sec  37.0 MBytes   310 Mbits/sec    0   2.34 MBytes       
[  5]   9.00-10.00  sec  37.9 MBytes   318 Mbits/sec    0   2.34 MBytes       
- - - - - - - - - - - - - - - - - - - - - - - - -
[ ID] Interval           Transfer     Bitrate         Retr
[  5]   0.00-10.00  sec   342 MBytes   287 Mbits/sec  299            sender
[  5]   0.00-10.06  sec   341 MBytes   285 Mbits/sec                  receiver

iperf Done.

Throughput: 287.0 Mbps
Retransmissions: 299
Measurement saved
iperf3 output:
Connecting to host 35.93.195.101, port 5201
[  5] local 172.31.22.33 port 48062 connected to 35.93.195.101 port 5201
[ ID] Interval           Transfer     Bitrate         Retr  Cwnd
[  5]   0.00-1.00   sec  23.0 MBytes   193 Mbits/sec  404   2.30 MBytes       
[  5]   1.00-2.00   sec  43.2 MBytes   363 Mbits/sec    0   2.50 MBytes       
[  5]   2.00-3.00   sec  39.2 MBytes   329 Mbits/sec   43   1.87 MBytes       
[  5]   3.00-4.00   sec  35.1 MBytes   295 Mbits/sec    0   1.98 MBytes       
[  5]   4.00-5.00   sec  38.5 MBytes   323 Mbits/sec    0   2.05 MBytes       
[  5]   5.00-6.00   sec  36.8 MBytes   308 Mbits/sec    0   2.11 MBytes       
[  5]   6.00-7.00   sec  38.5 MBytes   323 Mbits/sec    0   2.15 MBytes       
[  5]   7.00-8.00   sec  39.4 MBytes   330 Mbits/sec    0   2.17 MBytes       
[  5]   8.00-9.00   sec  41.5 MBytes   348 Mbits/sec    0   2.19 MBytes       
[  5]   9.00-10.00  sec  38.9 MBytes   326 Mbits/sec    0   2.19 MBytes       
- - - - - - - - - - - - - - - - - - - - - - - - -
[ ID] Interval           Transfer     Bitrate         Retr
[  5]   0.00-10.00  sec   374 MBytes   314 Mbits/sec  447            sender
[  5]   0.00-10.06  sec   373 MBytes   311 Mbits/sec                  receiver

iperf Done.

Throughput: 314.0 Mbps
Retransmissions: 447
Measurement saved
iperf3 output:
Connecting to host 35.93.195.101, port 5201
[  5] local 172.31.22.33 port 39830 connected to 35.93.195.101 port 5201
[ ID] Interval           Transfer     Bitrate         Retr  Cwnd
[  5]   0.00-1.00   sec  21.1 MBytes   177 Mbits/sec  558   2.10 MBytes       
[  5]   1.00-2.00   sec  34.4 MBytes   288 Mbits/sec    0   2.23 MBytes       
[  5]   2.00-3.00   sec  37.6 MBytes   316 Mbits/sec    0   2.32 MBytes       
[  5]   3.00-4.00   sec  38.2 MBytes   321 Mbits/sec    0   2.40 MBytes       
[  5]   4.00-5.00   sec  39.5 MBytes   331 Mbits/sec    0   2.45 MBytes       
[  5]   5.00-6.00   sec  41.9 MBytes   351 Mbits/sec    0   2.49 MBytes       
[  5]   6.00-7.00   sec  40.0 MBytes   336 Mbits/sec    0   2.51 MBytes       
[  5]   7.00-8.00   sec  40.0 MBytes   336 Mbits/sec    0   2.52 MBytes       
[  5]   8.00-9.00   sec  43.1 MBytes   362 Mbits/sec    0   2.53 MBytes       
[  5]   9.00-10.00  sec  41.2 MBytes   346 Mbits/sec    0   2.53 MBytes       
- - - - - - - - - - - - - - - - - - - - - - - - -
[ ID] Interval           Transfer     Bitrate         Retr
[  5]   0.00-10.00  sec   377 MBytes   316 Mbits/sec  558            sender
[  5]   0.00-10.06  sec   376 MBytes   313 Mbits/sec                  receiver

iperf Done.

Throughput: 316.0 Mbps
Retransmissions: 558
Measurement saved
iperf3 output:
Connecting to host 35.93.195.101, port 5201
[  5] local 172.31.22.33 port 52004 connected to 35.93.195.101 port 5201
[ ID] Interval           Transfer     Bitrate         Retr  Cwnd
[  5]   0.00-1.00   sec  26.0 MBytes   218 Mbits/sec  570   2.17 MBytes       
[  5]   1.00-2.00   sec  39.5 MBytes   331 Mbits/sec    0   2.30 MBytes       
[  5]   2.00-3.00   sec  42.6 MBytes   358 Mbits/sec    0   2.39 MBytes       
[  5]   3.00-4.00   sec  42.8 MBytes   359 Mbits/sec    0   2.47 MBytes       
[  5]   4.00-5.00   sec  45.5 MBytes   382 Mbits/sec    0   2.52 MBytes       
[  5]   5.00-6.00   sec  46.1 MBytes   387 Mbits/sec    0   2.56 MBytes       
[  5]   6.00-7.00   sec  49.1 MBytes   412 Mbits/sec    0   2.58 MBytes       
[  5]   7.00-8.00   sec  46.4 MBytes   389 Mbits/sec    0   2.59 MBytes       
[  5]   8.00-9.00   sec  45.9 MBytes   385 Mbits/sec    0   2.60 MBytes       
[  5]   9.00-10.00  sec  46.6 MBytes   391 Mbits/sec    0   2.60 MBytes       
- - - - - - - - - - - - - - - - - - - - - - - - -
[ ID] Interval           Transfer     Bitrate         Retr
[  5]   0.00-10.00  sec   430 MBytes   361 Mbits/sec  570            sender
[  5]   0.00-10.06  sec   430 MBytes   359 Mbits/sec                  receiver

iperf Done.

Throughput: 361.0 Mbps
Retransmissions: 570
Measurement saved
iperf3 output:
Connecting to host 35.93.195.101, port 5201
[  5] local 172.31.22.33 port 33298 connected to 35.93.195.101 port 5201
[ ID] Interval           Transfer     Bitrate         Retr  Cwnd
[  5]   0.00-1.00   sec  19.1 MBytes   160 Mbits/sec  2014   1.36 MBytes       
[  5]   1.00-2.00   sec  31.6 MBytes   265 Mbits/sec    3   1.35 MBytes       
[  5]   2.00-3.00   sec  23.5 MBytes   197 Mbits/sec    0   1.44 MBytes       
[  5]   3.00-4.00   sec  19.0 MBytes   159 Mbits/sec   75   1.07 MBytes       
[  5]   4.00-5.00   sec  17.6 MBytes   148 Mbits/sec    0   1.14 MBytes       
[  5]   5.00-6.00   sec  18.5 MBytes   155 Mbits/sec    0   1.18 MBytes       
[  5]   6.00-7.00   sec  18.8 MBytes   157 Mbits/sec    0   1.21 MBytes       
[  5]   7.00-8.00   sec  19.8 MBytes   166 Mbits/sec    0   1.23 MBytes       
[  5]   8.00-9.00   sec  20.0 MBytes   168 Mbits/sec    0   1.24 MBytes       
[  5]   9.00-10.00  sec  20.0 MBytes   168 Mbits/sec    0   1.24 MBytes       
- - - - - - - - - - - - - - - - - - - - - - - - -
[ ID] Interval           Transfer     Bitrate         Retr
[  5]   0.00-10.00  sec   208 MBytes   174 Mbits/sec  2092            sender
[  5]   0.00-10.06  sec   206 MBytes   172 Mbits/sec                  receiver

iperf Done.

Throughput: 174.0 Mbps
Retransmissions: 2092
Measurement saved
iperf3 output:
Connecting to host 35.93.195.101, port 5201
[  5] local 172.31.22.33 port 34282 connected to 35.93.195.101 port 5201
[ ID] Interval           Transfer     Bitrate         Retr  Cwnd
[  5]   0.00-1.00   sec  39.5 MBytes   331 Mbits/sec    0   8.02 MBytes       
[  5]   1.00-2.00   sec  63.0 MBytes   528 Mbits/sec  174   5.61 MBytes       
[  5]   2.00-3.00   sec  61.8 MBytes   518 Mbits/sec    0   5.61 MBytes       
[  5]   3.00-4.00   sec  66.9 MBytes   561 Mbits/sec    0   5.61 MBytes       
[  5]   4.00-5.00   sec  62.4 MBytes   523 Mbits/sec    0   5.61 MBytes       
[  5]   5.00-6.00   sec  65.6 MBytes   551 Mbits/sec    0   5.61 MBytes       
[  5]   6.00-7.00   sec  62.9 MBytes   527 Mbits/sec    0   5.61 MBytes       
[  5]   7.00-8.00   sec  63.1 MBytes   530 Mbits/sec  171   3.93 MBytes       
[  5]   8.00-9.00   sec  62.6 MBytes   525 Mbits/sec    0   4.03 MBytes       
[  5]   9.00-10.00  sec  63.1 MBytes   529 Mbits/sec   49   2.84 MBytes       
- - - - - - - - - - - - - - - - - - - - - - - - -
[ ID] Interval           Transfer     Bitrate         Retr
[  5]   0.00-10.00  sec   611 MBytes   512 Mbits/sec  394            sender
[  5]   0.00-10.06  sec   610 MBytes   509 Mbits/sec                  receiver

iperf Done.

Throughput: 512.0 Mbps
Retransmissions: 394
Measurement saved
iperf3 output:
Connecting to host 35.93.195.101, port 5201
[  5] local 172.31.22.33 port 42868 connected to 35.93.195.101 port 5201
[ ID] Interval           Transfer     Bitrate         Retr  Cwnd
[  5]   0.00-1.00   sec  32.5 MBytes   273 Mbits/sec    0   7.71 MBytes       
[  5]   1.00-2.00   sec  56.8 MBytes   476 Mbits/sec    0   7.91 MBytes       
[  5]   2.00-3.00   sec  59.0 MBytes   495 Mbits/sec    0   8.00 MBytes       
[  5]   3.00-4.00   sec  57.6 MBytes   483 Mbits/sec    0   8.00 MBytes       
[  5]   4.00-5.00   sec  58.8 MBytes   493 Mbits/sec    0   8.00 MBytes       
[  5]   5.00-6.00   sec  55.0 MBytes   461 Mbits/sec   33   5.62 MBytes       
[  5]   6.00-7.00   sec  56.8 MBytes   476 Mbits/sec    0   5.62 MBytes       
[  5]   7.00-8.00   sec  59.1 MBytes   496 Mbits/sec    0   5.62 MBytes       
[  5]   8.00-9.00   sec  57.8 MBytes   484 Mbits/sec    0   5.62 MBytes       
[  5]   9.00-10.00  sec  57.1 MBytes   479 Mbits/sec    0   5.62 MBytes       
- - - - - - - - - - - - - - - - - - - - - - - - -
[ ID] Interval           Transfer     Bitrate         Retr
[  5]   0.00-10.00  sec   550 MBytes   462 Mbits/sec   33            sender
[  5]   0.00-10.07  sec   550 MBytes   459 Mbits/sec                  receiver

iperf Done.

Throughput: 462.0 Mbps
Retransmissions: 33
Measurement saved
iperf3 output:
Connecting to host 35.93.195.101, port 5201
[  5] local 172.31.22.33 port 35402 connected to 35.93.195.101 port 5201
[ ID] Interval           Transfer     Bitrate         Retr  Cwnd
[  5]   0.00-1.00   sec  35.8 MBytes   300 Mbits/sec    0   7.77 MBytes       
[  5]   1.00-2.00   sec  68.6 MBytes   576 Mbits/sec    0   8.02 MBytes       
[  5]   2.00-3.00   sec  62.6 MBytes   525 Mbits/sec   21   5.62 MBytes       
[  5]   3.00-4.00   sec  64.6 MBytes   542 Mbits/sec    0   5.62 MBytes       
[  5]   4.00-5.00   sec  62.1 MBytes   521 Mbits/sec   55   3.93 MBytes       
[  5]   5.00-6.00   sec  52.5 MBytes   440 Mbits/sec   24   2.90 MBytes       
[  5]   6.00-7.00   sec  54.1 MBytes   454 Mbits/sec    0   3.03 MBytes       
[  5]   7.00-8.00   sec  48.2 MBytes   405 Mbits/sec   38   2.21 MBytes       
[  5]   8.00-9.00   sec  41.0 MBytes   344 Mbits/sec    0   2.34 MBytes       
[  5]   9.00-10.00  sec  41.8 MBytes   350 Mbits/sec    0   2.44 MBytes       
- - - - - - - - - - - - - - - - - - - - - - - - -
[ ID] Interval           Transfer     Bitrate         Retr
[  5]   0.00-10.00  sec   533 MBytes   447 Mbits/sec  138            sender
[  5]   0.00-10.06  sec   533 MBytes   444 Mbits/sec                  receiver

iperf Done.

Throughput: 447.0 Mbps
Retransmissions: 138
Measurement saved
iperf3 output:
Connecting to host 35.93.195.101, port 5201
[  5] local 172.31.22.33 port 60478 connected to 35.93.195.101 port 5201
[ ID] Interval           Transfer     Bitrate         Retr  Cwnd
[  5]   0.00-1.00   sec  32.4 MBytes   271 Mbits/sec    0   7.97 MBytes       
[  5]   1.00-2.00   sec  62.9 MBytes   527 Mbits/sec    0   7.97 MBytes       
[  5]   2.00-3.00   sec  56.2 MBytes   472 Mbits/sec  379   5.58 MBytes       
[  5]   3.00-4.00   sec  56.8 MBytes   476 Mbits/sec   42   3.93 MBytes       
[  5]   4.00-5.00   sec  57.5 MBytes   482 Mbits/sec    0   4.06 MBytes       
[  5]   5.00-6.00   sec  59.4 MBytes   498 Mbits/sec    0   4.06 MBytes       
[  5]   6.00-7.00   sec  54.9 MBytes   460 Mbits/sec    0   4.06 MBytes       
[  5]   7.00-8.00   sec  60.0 MBytes   503 Mbits/sec    0   4.06 MBytes       
[  5]   8.00-9.00   sec  55.4 MBytes   465 Mbits/sec    0   4.06 MBytes       
[  5]   9.00-10.00  sec  49.4 MBytes   414 Mbits/sec   64   2.97 MBytes       
- - - - - - - - - - - - - - - - - - - - - - - - -
[ ID] Interval           Transfer     Bitrate         Retr
[  5]   0.00-10.00  sec   545 MBytes   457 Mbits/sec  485            sender
[  5]   0.00-10.06  sec   544 MBytes   454 Mbits/sec                  receiver

iperf Done.

Throughput: 457.0 Mbps
Retransmissions: 485
Measurement saved
iperf3 output:
Connecting to host 35.93.195.101, port 5201
[  5] local 172.31.22.33 port 50240 connected to 35.93.195.101 port 5201
[ ID] Interval           Transfer     Bitrate         Retr  Cwnd
[  5]   0.00-1.00   sec  32.6 MBytes   273 Mbits/sec    0   8.04 MBytes       
[  5]   1.00-2.00   sec  56.9 MBytes   477 Mbits/sec    0   8.04 MBytes       
[  5]   2.00-3.00   sec  56.4 MBytes   473 Mbits/sec    0   8.04 MBytes       
[  5]   3.00-4.00   sec  57.0 MBytes   478 Mbits/sec  185   5.63 MBytes       
[  5]   4.00-5.00   sec  58.0 MBytes   487 Mbits/sec    0   5.63 MBytes       
[  5]   5.00-6.00   sec  53.6 MBytes   450 Mbits/sec   29   3.97 MBytes       
[  5]   6.00-7.00   sec  50.5 MBytes   424 Mbits/sec  167   2.84 MBytes       
[  5]   7.00-8.00   sec  45.4 MBytes   381 Mbits/sec    0   2.98 MBytes       
[  5]   8.00-9.00   sec  51.1 MBytes   428 Mbits/sec    0   3.11 MBytes       
[  5]   9.00-10.00  sec  49.6 MBytes   416 Mbits/sec    0   3.20 MBytes       
- - - - - - - - - - - - - - - - - - - - - - - - -
[ ID] Interval           Transfer     Bitrate         Retr
[  5]   0.00-10.00  sec   511 MBytes   429 Mbits/sec  381            sender
[  5]   0.00-10.06  sec   510 MBytes   426 Mbits/sec                  receiver

iperf Done.

Throughput: 429.0 Mbps
Retransmissions: 381
Measurement saved
iperf3 output:
Connecting to host 35.93.195.101, port 5201
[  5] local 172.31.22.33 port 45486 connected to 35.93.195.101 port 5201
[ ID] Interval           Transfer     Bitrate         Retr  Cwnd
[  5]   0.00-1.00   sec  34.6 MBytes   290 Mbits/sec    0   8.00 MBytes       
[  5]   1.00-2.00   sec  67.5 MBytes   566 Mbits/sec    0   8.01 MBytes       
[  5]   2.00-3.00   sec  62.2 MBytes   522 Mbits/sec    0   8.01 MBytes       
[  5]   3.00-4.00   sec  66.2 MBytes   556 Mbits/sec    0   8.01 MBytes       
[  5]   4.00-5.00   sec  55.4 MBytes   465 Mbits/sec  979   2.46 MBytes       
[  5]   5.00-6.00   sec  38.4 MBytes   322 Mbits/sec  156   2.05 MBytes       
[  5]   6.00-7.00   sec  37.9 MBytes   318 Mbits/sec    0   2.14 MBytes       
[  5]   7.00-8.00   sec  39.5 MBytes   331 Mbits/sec    0   2.22 MBytes       
[  5]   8.00-9.00   sec  39.9 MBytes   334 Mbits/sec    0   2.27 MBytes       
[  5]   9.00-10.00  sec  41.8 MBytes   350 Mbits/sec    0   2.31 MBytes       
- - - - - - - - - - - - - - - - - - - - - - - - -
[ ID] Interval           Transfer     Bitrate         Retr
[  5]   0.00-10.00  sec   484 MBytes   406 Mbits/sec  1135            sender
[  5]   0.00-10.06  sec   483 MBytes   403 Mbits/sec                  receiver

iperf Done.

Throughput: 406.0 Mbps
Retransmissions: 1135
Measurement saved
iperf3 output:
Connecting to host 35.93.195.101, port 5201
[  5] local 172.31.22.33 port 37002 connected to 35.93.195.101 port 5201
[ ID] Interval           Transfer     Bitrate         Retr  Cwnd
[  5]   0.00-1.00   sec  19.4 MBytes   162 Mbits/sec  325   2.01 MBytes       
[  5]   1.00-2.00   sec  33.5 MBytes   281 Mbits/sec    0   2.14 MBytes       
[  5]   2.00-3.00   sec  32.5 MBytes   273 Mbits/sec    0   2.23 MBytes       
[  5]   3.00-4.00   sec  35.6 MBytes   299 Mbits/sec    0   2.31 MBytes       
[  5]   4.00-5.00   sec  35.5 MBytes   298 Mbits/sec    0   2.36 MBytes       
[  5]   5.00-6.00   sec  36.1 MBytes   303 Mbits/sec    0   2.39 MBytes       
[  5]   6.00-7.00   sec  38.9 MBytes   326 Mbits/sec    0   2.42 MBytes       
[  5]   7.00-8.00   sec  36.0 MBytes   302 Mbits/sec    0   2.43 MBytes       
[  5]   8.00-9.00   sec  39.5 MBytes   331 Mbits/sec    0   2.43 MBytes       
[  5]   9.00-10.00  sec  36.5 MBytes   306 Mbits/sec    0   2.43 MBytes       
- - - - - - - - - - - - - - - - - - - - - - - - -
[ ID] Interval           Transfer     Bitrate         Retr
[  5]   0.00-10.00  sec   345 MBytes   290 Mbits/sec  325            sender
[  5]   0.00-10.06  sec   345 MBytes   287 Mbits/sec                  receiver

iperf Done.

Throughput: 290.0 Mbps
Retransmissions: 325
Measurement saved
iperf3 output:
Connecting to host 35.93.195.101, port 5201
[  5] local 172.31.22.33 port 33040 connected to 35.93.195.101 port 5201
[ ID] Interval           Transfer     Bitrate         Retr  Cwnd
[  5]   0.00-1.00   sec  36.5 MBytes   306 Mbits/sec    0   8.02 MBytes       
[  5]   1.00-2.00   sec  66.1 MBytes   555 Mbits/sec    0   8.02 MBytes       
[  5]   2.00-3.00   sec  62.0 MBytes   520 Mbits/sec    0   8.02 MBytes       
[  5]   3.00-4.00   sec  60.9 MBytes   511 Mbits/sec   39   5.62 MBytes       
[  5]   4.00-5.00   sec  64.4 MBytes   540 Mbits/sec    0   5.62 MBytes       
[  5]   5.00-6.00   sec  59.4 MBytes   498 Mbits/sec  671   3.96 MBytes       
[  5]   6.00-7.00   sec  49.8 MBytes   418 Mbits/sec  105   2.88 MBytes       
[  5]   7.00-8.00   sec  53.2 MBytes   446 Mbits/sec    0   3.02 MBytes       
[  5]   8.00-9.00   sec  55.1 MBytes   462 Mbits/sec    0   3.13 MBytes       
[  5]   9.00-10.00  sec  56.5 MBytes   474 Mbits/sec    0   3.21 MBytes       
- - - - - - - - - - - - - - - - - - - - - - - - -
[ ID] Interval           Transfer     Bitrate         Retr
[  5]   0.00-10.00  sec   565 MBytes   474 Mbits/sec  815            sender
[  5]   0.00-10.06  sec   565 MBytes   471 Mbits/sec                  receiver

iperf Done.

Throughput: 474.0 Mbps
Retransmissions: 815
Measurement saved
iperf3 output:
Connecting to host 35.93.195.101, port 5201
[  5] local 172.31.22.33 port 34286 connected to 35.93.195.101 port 5201
[ ID] Interval           Transfer     Bitrate         Retr  Cwnd
[  5]   0.00-1.00   sec  36.8 MBytes   308 Mbits/sec    0   7.61 MBytes       
[  5]   1.00-2.00   sec  62.1 MBytes   521 Mbits/sec   71   5.52 MBytes       
[  5]   2.00-3.00   sec  63.5 MBytes   533 Mbits/sec    0   5.52 MBytes       
[  5]   3.00-4.00   sec  62.8 MBytes   526 Mbits/sec    0   5.52 MBytes       
[  5]   4.00-5.00   sec  63.9 MBytes   536 Mbits/sec    0   5.52 MBytes       
[  5]   5.00-6.00   sec  62.9 MBytes   527 Mbits/sec    0   5.52 MBytes       
[  5]   6.00-7.00   sec  67.2 MBytes   564 Mbits/sec    0   5.52 MBytes       
[  5]   7.00-8.00   sec  61.8 MBytes   518 Mbits/sec    0   5.52 MBytes       
[  5]   8.00-9.00   sec  67.4 MBytes   565 Mbits/sec    0   5.52 MBytes       
[  5]   9.00-10.00  sec  63.6 MBytes   534 Mbits/sec    0   5.52 MBytes       
- - - - - - - - - - - - - - - - - - - - - - - - -
[ ID] Interval           Transfer     Bitrate         Retr
[  5]   0.00-10.00  sec   612 MBytes   513 Mbits/sec   71            sender
[  5]   0.00-10.06  sec   612 MBytes   510 Mbits/sec                  receiver

iperf Done.

Throughput: 513.0 Mbps
Retransmissions: 71
Measurement saved
iperf3 output:
Connecting to host 35.93.195.101, port 5201
[  5] local 172.31.22.33 port 44210 connected to 35.93.195.101 port 5201
[ ID] Interval           Transfer     Bitrate         Retr  Cwnd
[  5]   0.00-1.00   sec  35.1 MBytes   294 Mbits/sec    0   7.64 MBytes       
[  5]   1.00-2.00   sec  66.1 MBytes   555 Mbits/sec    0   8.03 MBytes       
[  5]   2.00-3.00   sec  63.9 MBytes   536 Mbits/sec    0   8.03 MBytes       
[  5]   3.00-4.00   sec  67.4 MBytes   565 Mbits/sec    0   8.03 MBytes       
[  5]   4.00-5.00   sec  62.2 MBytes   522 Mbits/sec   62   2.87 MBytes       
[  5]   5.00-6.00   sec  66.4 MBytes   557 Mbits/sec    0   5.62 MBytes       
[  5]   6.00-7.00   sec  63.4 MBytes   531 Mbits/sec    0   5.62 MBytes       
[  5]   7.00-8.00   sec  67.1 MBytes   563 Mbits/sec    0   5.62 MBytes       
[  5]   8.00-9.00   sec  62.5 MBytes   524 Mbits/sec    0   5.62 MBytes       
[  5]   9.00-10.00  sec  67.2 MBytes   564 Mbits/sec    0   5.62 MBytes       
- - - - - - - - - - - - - - - - - - - - - - - - -
[ ID] Interval           Transfer     Bitrate         Retr
[  5]   0.00-10.00  sec   621 MBytes   521 Mbits/sec   62            sender
[  5]   0.00-10.06  sec   621 MBytes   518 Mbits/sec                  receiver

iperf Done.

Throughput: 521.0 Mbps
Retransmissions: 62
Measurement saved
iperf3 output:
Connecting to host 35.93.195.101, port 5201
[  5] local 172.31.22.33 port 45994 connected to 35.93.195.101 port 5201
[ ID] Interval           Transfer     Bitrate         Retr  Cwnd
[  5]   0.00-1.00   sec  29.0 MBytes   243 Mbits/sec  173   5.61 MBytes       
[  5]   1.00-2.00   sec  52.5 MBytes   440 Mbits/sec   55   4.00 MBytes       
[  5]   2.00-3.00   sec  58.8 MBytes   493 Mbits/sec    0   4.08 MBytes       
[  5]   3.00-4.00   sec  56.2 MBytes   472 Mbits/sec  188   2.86 MBytes       
[  5]   4.00-5.00   sec  46.2 MBytes   388 Mbits/sec    0   3.02 MBytes       
[  5]   5.00-6.00   sec  48.4 MBytes   406 Mbits/sec    0   3.15 MBytes       
[  5]   6.00-7.00   sec  41.9 MBytes   351 Mbits/sec   87   2.32 MBytes       
[  5]   7.00-8.00   sec  38.1 MBytes   320 Mbits/sec    0   2.44 MBytes       
[  5]   8.00-9.00   sec  39.9 MBytes   334 Mbits/sec    0   2.53 MBytes       
[  5]   9.00-10.00  sec  43.5 MBytes   365 Mbits/sec    0   2.59 MBytes       
- - - - - - - - - - - - - - - - - - - - - - - - -
[ ID] Interval           Transfer     Bitrate         Retr
[  5]   0.00-10.00  sec   454 MBytes   381 Mbits/sec  503            sender
[  5]   0.00-10.06  sec   454 MBytes   378 Mbits/sec                  receiver

iperf Done.

Throughput: 381.0 Mbps
Retransmissions: 503
Measurement saved
iperf3 output:
Connecting to host 35.93.195.101, port 5201
[  5] local 172.31.22.33 port 34370 connected to 35.93.195.101 port 5201
[ ID] Interval           Transfer     Bitrate         Retr  Cwnd
[  5]   0.00-1.00   sec  22.5 MBytes   189 Mbits/sec  621   1.79 MBytes       
[  5]   1.00-2.00   sec  34.1 MBytes   286 Mbits/sec    0   1.90 MBytes       
[  5]   2.00-3.00   sec  34.8 MBytes   292 Mbits/sec    0   1.98 MBytes       
[  5]   3.00-4.00   sec  35.8 MBytes   300 Mbits/sec    0   2.04 MBytes       
[  5]   4.00-5.00   sec  37.4 MBytes   314 Mbits/sec    0   2.08 MBytes       
[  5]   5.00-6.00   sec  35.1 MBytes   295 Mbits/sec   34   1.51 MBytes       
[  5]   6.00-7.00   sec  28.6 MBytes   240 Mbits/sec    0   1.60 MBytes       
[  5]   7.00-8.00   sec  30.1 MBytes   253 Mbits/sec    0   1.67 MBytes       
[  5]   8.00-9.00   sec  30.0 MBytes   252 Mbits/sec    0   1.72 MBytes       
[  5]   9.00-10.00  sec  31.1 MBytes   261 Mbits/sec    0   1.75 MBytes       
- - - - - - - - - - - - - - - - - - - - - - - - -
[ ID] Interval           Transfer     Bitrate         Retr
[  5]   0.00-10.00  sec   320 MBytes   268 Mbits/sec  655            sender
[  5]   0.00-10.06  sec   319 MBytes   266 Mbits/sec                  receiver

iperf Done.

Throughput: 268.0 Mbps
Retransmissions: 655
Measurement saved
iperf3 output:
Connecting to host 35.93.195.101, port 5201
[  5] local 172.31.22.33 port 37694 connected to 35.93.195.101 port 5201
[ ID] Interval           Transfer     Bitrate         Retr  Cwnd
[  5]   0.00-1.00   sec  36.1 MBytes   303 Mbits/sec  216   5.61 MBytes       
[  5]   1.00-2.00   sec  61.1 MBytes   513 Mbits/sec    0   5.61 MBytes       
[  5]   2.00-3.00   sec  62.6 MBytes   525 Mbits/sec   48   3.95 MBytes       
[  5]   3.00-4.00   sec  50.1 MBytes   420 Mbits/sec   35   2.87 MBytes       
[  5]   4.00-5.00   sec  49.1 MBytes   412 Mbits/sec    0   3.00 MBytes       
[  5]   5.00-6.00   sec  53.4 MBytes   447 Mbits/sec    0   3.11 MBytes       
[  5]   6.00-7.00   sec  53.9 MBytes   452 Mbits/sec    0   3.20 MBytes       
[  5]   7.00-8.00   sec  57.6 MBytes   483 Mbits/sec    0   3.26 MBytes       
[  5]   8.00-9.00   sec  56.0 MBytes   470 Mbits/sec    0   3.30 MBytes       
[  5]   9.00-10.00  sec  42.4 MBytes   355 Mbits/sec    3   2.44 MBytes       
- - - - - - - - - - - - - - - - - - - - - - - - -
[ ID] Interval           Transfer     Bitrate         Retr
[  5]   0.00-10.00  sec   522 MBytes   438 Mbits/sec  302            sender
[  5]   0.00-10.06  sec   521 MBytes   435 Mbits/sec                  receiver

iperf Done.

Throughput: 438.0 Mbps
Retransmissions: 302
Measurement saved
iperf3 output:
Connecting to host 35.93.195.101, port 5201
[  5] local 172.31.22.33 port 43984 connected to 35.93.195.101 port 5201
[ ID] Interval           Transfer     Bitrate         Retr  Cwnd
[  5]   0.00-1.00   sec  36.8 MBytes   308 Mbits/sec    0   8.63 MBytes       
[  5]   1.00-2.00   sec  66.9 MBytes   561 Mbits/sec    0   8.63 MBytes       
[  5]   2.00-3.00   sec  67.5 MBytes   566 Mbits/sec    0   8.63 MBytes       
[  5]   3.00-4.00   sec  61.5 MBytes   516 Mbits/sec   50   6.05 MBytes       
[  5]   4.00-5.00   sec  67.1 MBytes   563 Mbits/sec    0   6.05 MBytes       
[  5]   5.00-6.00   sec  65.0 MBytes   545 Mbits/sec    0   6.05 MBytes       
[  5]   6.00-7.00   sec  65.4 MBytes   548 Mbits/sec    0   6.05 MBytes       
[  5]   7.00-8.00   sec  68.6 MBytes   576 Mbits/sec    0   6.05 MBytes       
[  5]   8.00-9.00   sec  63.9 MBytes   535 Mbits/sec    0   6.05 MBytes       
[  5]   9.00-10.00  sec  66.5 MBytes   558 Mbits/sec   80   4.24 MBytes       
- - - - - - - - - - - - - - - - - - - - - - - - -
[ ID] Interval           Transfer     Bitrate         Retr
[  5]   0.00-10.00  sec   629 MBytes   528 Mbits/sec  130            sender
[  5]   0.00-10.06  sec   629 MBytes   525 Mbits/sec                  receiver

iperf Done.

Throughput: 528.0 Mbps
Retransmissions: 130
Measurement saved
iperf3 output:
Connecting to host 35.93.195.101, port 5201
[  5] local 172.31.22.33 port 35008 connected to 35.93.195.101 port 5201
[ ID] Interval           Transfer     Bitrate         Retr  Cwnd
[  5]   0.00-1.00   sec  29.4 MBytes   246 Mbits/sec    0   8.02 MBytes       
[  5]   1.00-2.00   sec  55.9 MBytes   469 Mbits/sec  112   5.62 MBytes       
[  5]   2.00-3.00   sec  57.0 MBytes   478 Mbits/sec    0   5.62 MBytes       
[  5]   3.00-4.00   sec  55.0 MBytes   461 Mbits/sec    0   5.62 MBytes       
[  5]   4.00-5.00   sec  57.9 MBytes   485 Mbits/sec    0   5.62 MBytes       
[  5]   5.00-6.00   sec  53.6 MBytes   450 Mbits/sec    0   5.62 MBytes       
[  5]   6.00-7.00   sec  45.1 MBytes   379 Mbits/sec  498   1.13 MBytes       
[  5]   7.00-8.00   sec  22.9 MBytes   192 Mbits/sec    0   1.48 MBytes       
[  5]   8.00-9.00   sec  25.0 MBytes   210 Mbits/sec    0   1.55 MBytes       
[  5]   9.00-10.00  sec  25.4 MBytes   213 Mbits/sec    0   1.61 MBytes       
- - - - - - - - - - - - - - - - - - - - - - - - -
[ ID] Interval           Transfer     Bitrate         Retr
[  5]   0.00-10.00  sec   428 MBytes   359 Mbits/sec  610            sender
[  5]   0.00-10.06  sec   426 MBytes   355 Mbits/sec                  receiver

iperf Done.

Throughput: 359.0 Mbps
Retransmissions: 610
Measurement saved
iperf3 output:
Connecting to host 35.93.195.101, port 5201
[  5] local 172.31.22.33 port 51686 connected to 35.93.195.101 port 5201
[ ID] Interval           Transfer     Bitrate         Retr  Cwnd
[  5]   0.00-1.00   sec  32.2 MBytes   270 Mbits/sec  263   2.98 MBytes       
[  5]   1.00-2.00   sec  55.2 MBytes   464 Mbits/sec    0   3.22 MBytes       
[  5]   2.00-3.00   sec  43.6 MBytes   366 Mbits/sec   15   2.39 MBytes       
[  5]   3.00-4.00   sec  43.0 MBytes   361 Mbits/sec    0   2.50 MBytes       
[  5]   4.00-5.00   sec  46.0 MBytes   386 Mbits/sec    0   2.59 MBytes       
[  5]   5.00-6.00   sec  47.0 MBytes   394 Mbits/sec    0   2.65 MBytes       
[  5]   6.00-7.00   sec  49.4 MBytes   414 Mbits/sec    0   2.70 MBytes       
[  5]   7.00-8.00   sec  49.0 MBytes   411 Mbits/sec    0   2.73 MBytes       
[  5]   8.00-9.00   sec  49.9 MBytes   418 Mbits/sec    0   2.75 MBytes       
[  5]   9.00-10.00  sec  50.5 MBytes   424 Mbits/sec    0   2.76 MBytes       
- - - - - - - - - - - - - - - - - - - - - - - - -
[ ID] Interval           Transfer     Bitrate         Retr
[  5]   0.00-10.00  sec   466 MBytes   391 Mbits/sec  278            sender
[  5]   0.00-10.06  sec   465 MBytes   388 Mbits/sec                  receiver

iperf Done.

Throughput: 391.0 Mbps
Retransmissions: 278
Measurement saved
iperf3 output:
Connecting to host 35.93.195.101, port 5201
[  5] local 172.31.22.33 port 47210 connected to 35.93.195.101 port 5201
[ ID] Interval           Transfer     Bitrate         Retr  Cwnd
[  5]   0.00-1.00   sec  29.8 MBytes   249 Mbits/sec  555   2.18 MBytes       
[  5]   1.00-2.00   sec  37.8 MBytes   317 Mbits/sec   10   1.62 MBytes       
[  5]   2.00-3.00   sec  28.8 MBytes   241 Mbits/sec  105   1.20 MBytes       
[  5]   3.00-4.00   sec  21.1 MBytes   177 Mbits/sec    0   1.29 MBytes       
[  5]   4.00-5.00   sec  23.9 MBytes   200 Mbits/sec    0   1.35 MBytes       
[  5]   5.00-6.00   sec  26.0 MBytes   218 Mbits/sec    0   1.39 MBytes       
[  5]   6.00-7.00   sec  26.4 MBytes   221 Mbits/sec    0   1.42 MBytes       
[  5]   7.00-8.00   sec  25.1 MBytes   211 Mbits/sec    0   1.44 MBytes       
[  5]   8.00-9.00   sec  26.8 MBytes   224 Mbits/sec    0   1.45 MBytes       
[  5]   9.00-10.00  sec  25.8 MBytes   216 Mbits/sec    0   1.45 MBytes       
- - - - - - - - - - - - - - - - - - - - - - - - -
[ ID] Interval           Transfer     Bitrate         Retr
[  5]   0.00-10.00  sec   271 MBytes   228 Mbits/sec  670            sender
[  5]   0.00-10.06  sec   270 MBytes   225 Mbits/sec                  receiver

iperf Done.

Throughput: 228.0 Mbps
Retransmissions: 670
Measurement saved
iperf3 output:
Connecting to host 35.93.195.101, port 5201
[  5] local 172.31.22.33 port 42110 connected to 35.93.195.101 port 5201
[ ID] Interval           Transfer     Bitrate         Retr  Cwnd
[  5]   0.00-1.00   sec  26.8 MBytes   224 Mbits/sec    0   7.93 MBytes       
[  5]   1.00-2.00   sec  58.5 MBytes   491 Mbits/sec    0   7.93 MBytes       
[  5]   2.00-3.00   sec  50.2 MBytes   422 Mbits/sec  596   5.55 MBytes       
[  5]   3.00-4.00   sec  58.1 MBytes   488 Mbits/sec    0   5.55 MBytes       
[  5]   4.00-5.00   sec  54.0 MBytes   453 Mbits/sec    0   5.55 MBytes       
[  5]   5.00-6.00   sec  57.1 MBytes   479 Mbits/sec    0   5.55 MBytes       
[  5]   6.00-7.00   sec  57.1 MBytes   479 Mbits/sec    0   5.55 MBytes       
[  5]   7.00-8.00   sec  55.8 MBytes   468 Mbits/sec    0   5.55 MBytes       
[  5]   8.00-9.00   sec  56.6 MBytes   475 Mbits/sec    0   5.55 MBytes       
[  5]   9.00-10.00  sec  54.0 MBytes   453 Mbits/sec    0   5.55 MBytes       
- - - - - - - - - - - - - - - - - - - - - - - - -
[ ID] Interval           Transfer     Bitrate         Retr
[  5]   0.00-10.00  sec   528 MBytes   443 Mbits/sec  596            sender
[  5]   0.00-10.06  sec   528 MBytes   441 Mbits/sec                  receiver

iperf Done.

Throughput: 443.0 Mbps
Retransmissions: 596
Measurement saved
iperf3 output:
Connecting to host 35.93.195.101, port 5201
[  5] local 172.31.22.33 port 56590 connected to 35.93.195.101 port 5201
[ ID] Interval           Transfer     Bitrate         Retr  Cwnd
[  5]   0.00-1.00   sec  35.4 MBytes   296 Mbits/sec   28   2.68 MBytes       
[  5]   1.00-2.00   sec  60.4 MBytes   506 Mbits/sec    4   5.28 MBytes       
[  5]   2.00-3.00   sec  60.5 MBytes   508 Mbits/sec  503   2.43 MBytes       
[  5]   3.00-4.00   sec  50.1 MBytes   420 Mbits/sec    0   2.80 MBytes       
[  5]   4.00-5.00   sec  50.6 MBytes   425 Mbits/sec    0   2.92 MBytes       
[  5]   5.00-6.00   sec  52.2 MBytes   438 Mbits/sec    0   3.02 MBytes       
[  5]   6.00-7.00   sec  54.9 MBytes   461 Mbits/sec    0   3.09 MBytes       
[  5]   7.00-8.00   sec  55.2 MBytes   463 Mbits/sec    0   3.15 MBytes       
[  5]   8.00-9.00   sec  57.8 MBytes   485 Mbits/sec    0   3.18 MBytes       
[  5]   9.00-10.00  sec  58.1 MBytes   487 Mbits/sec    0   3.21 MBytes       
- - - - - - - - - - - - - - - - - - - - - - - - -
[ ID] Interval           Transfer     Bitrate         Retr
[  5]   0.00-10.00  sec   535 MBytes   449 Mbits/sec  535            sender
[  5]   0.00-10.06  sec   535 MBytes   446 Mbits/sec                  receiver

iperf Done.

Throughput: 449.0 Mbps
Retransmissions: 535
Measurement saved
iperf3 output:
Connecting to host 35.93.195.101, port 5201
[  5] local 172.31.22.33 port 45460 connected to 35.93.195.101 port 5201
[ ID] Interval           Transfer     Bitrate         Retr  Cwnd
[  5]   0.00-1.00   sec  30.9 MBytes   259 Mbits/sec  906   1.47 MBytes       
[  5]   1.00-2.00   sec  51.2 MBytes   430 Mbits/sec  1003   2.67 MBytes       
[  5]   2.00-3.00   sec  47.0 MBytes   394 Mbits/sec    0   2.82 MBytes       
[  5]   3.00-4.00   sec  33.2 MBytes   279 Mbits/sec  135   1.46 MBytes       
[  5]   4.00-5.00   sec  27.1 MBytes   228 Mbits/sec    0   1.55 MBytes       
[  5]   5.00-6.00   sec  26.1 MBytes   219 Mbits/sec    0   1.61 MBytes       
[  5]   6.00-7.00   sec  29.0 MBytes   243 Mbits/sec    0   1.65 MBytes       
[  5]   7.00-8.00   sec  30.1 MBytes   253 Mbits/sec    0   1.68 MBytes       
[  5]   8.00-9.00   sec  28.8 MBytes   241 Mbits/sec    0   1.70 MBytes       
[  5]   9.00-10.00  sec  31.6 MBytes   265 Mbits/sec    0   1.71 MBytes       
- - - - - - - - - - - - - - - - - - - - - - - - -
[ ID] Interval           Transfer     Bitrate         Retr
[  5]   0.00-10.00  sec   335 MBytes   281 Mbits/sec  2044            sender
[  5]   0.00-10.07  sec   333 MBytes   277 Mbits/sec                  receiver

iperf Done.

Throughput: 281.0 Mbps
Retransmissions: 2044
Measurement saved
iperf3 output:
Connecting to host 35.93.195.101, port 5201
[  5] local 172.31.22.33 port 45290 connected to 35.93.195.101 port 5201
[ ID] Interval           Transfer     Bitrate         Retr  Cwnd
[  5]   0.00-1.00   sec  37.2 MBytes   312 Mbits/sec    0   8.01 MBytes       
[  5]   1.00-2.00   sec  65.1 MBytes   546 Mbits/sec    0   8.01 MBytes       
[  5]   2.00-3.00   sec  63.2 MBytes   531 Mbits/sec    0   8.01 MBytes       
[  5]   3.00-4.00   sec  61.9 MBytes   519 Mbits/sec   89   5.61 MBytes       
[  5]   4.00-5.00   sec  62.4 MBytes   523 Mbits/sec    0   5.61 MBytes       
[  5]   5.00-6.00   sec  65.0 MBytes   545 Mbits/sec    0   5.61 MBytes       
[  5]   6.00-7.00   sec  61.2 MBytes   514 Mbits/sec    0   5.61 MBytes       
[  5]   7.00-8.00   sec  65.4 MBytes   548 Mbits/sec    0   5.61 MBytes       
[  5]   8.00-9.00   sec  55.4 MBytes   465 Mbits/sec  1134   3.93 MBytes       
[  5]   9.00-10.00  sec  64.1 MBytes   537 Mbits/sec    0   3.93 MBytes       
- - - - - - - - - - - - - - - - - - - - - - - - -
[ ID] Interval           Transfer     Bitrate         Retr
[  5]   0.00-10.00  sec   601 MBytes   504 Mbits/sec  1223            sender
[  5]   0.00-10.06  sec   601 MBytes   501 Mbits/sec                  receiver

iperf Done.

Throughput: 504.0 Mbps
Retransmissions: 1223
Measurement saved
iperf3 output:
Connecting to host 35.93.195.101, port 5201
[  5] local 172.31.22.33 port 56506 connected to 35.93.195.101 port 5201
[ ID] Interval           Transfer     Bitrate         Retr  Cwnd
[  5]   0.00-1.00   sec  35.8 MBytes   300 Mbits/sec    0   6.83 MBytes       
[  5]   1.00-2.00   sec  60.8 MBytes   510 Mbits/sec    0   7.13 MBytes       
[  5]   2.00-3.00   sec  58.0 MBytes   487 Mbits/sec    0   8.05 MBytes       
[  5]   3.00-4.00   sec  60.0 MBytes   503 Mbits/sec    0   8.05 MBytes       
[  5]   4.00-5.00   sec  58.9 MBytes   494 Mbits/sec    0   8.05 MBytes       
[  5]   5.00-6.00   sec  62.1 MBytes   521 Mbits/sec  223   5.64 MBytes       
[  5]   6.00-7.00   sec  57.9 MBytes   485 Mbits/sec    0   5.64 MBytes       
[  5]   7.00-8.00   sec  60.4 MBytes   506 Mbits/sec    0   5.64 MBytes       
[  5]   8.00-9.00   sec  59.9 MBytes   503 Mbits/sec    0   5.64 MBytes       
[  5]   9.00-10.00  sec  58.1 MBytes   487 Mbits/sec    0   5.64 MBytes       
- - - - - - - - - - - - - - - - - - - - - - - - -
[ ID] Interval           Transfer     Bitrate         Retr
[  5]   0.00-10.00  sec   572 MBytes   480 Mbits/sec  223            sender
[  5]   0.00-10.06  sec   572 MBytes   477 Mbits/sec                  receiver

iperf Done.

Throughput: 480.0 Mbps
Retransmissions: 223
Measurement saved
iperf3 output:
Connecting to host 35.93.195.101, port 5201
[  5] local 172.31.22.33 port 58026 connected to 35.93.195.101 port 5201
[ ID] Interval           Transfer     Bitrate         Retr  Cwnd
[  5]   0.00-1.00   sec  35.2 MBytes   295 Mbits/sec    0   7.92 MBytes       
[  5]   1.00-2.00   sec  62.9 MBytes   527 Mbits/sec  488   1.94 MBytes       
[  5]   2.00-3.00   sec  54.9 MBytes   460 Mbits/sec  632   2.78 MBytes       
[  5]   3.00-4.00   sec  51.9 MBytes   435 Mbits/sec    0   2.93 MBytes       
[  5]   4.00-5.00   sec  53.0 MBytes   445 Mbits/sec    0   3.05 MBytes       
[  5]   5.00-6.00   sec  54.4 MBytes   456 Mbits/sec   66   2.87 MBytes       
[  5]   6.00-7.00   sec  39.2 MBytes   329 Mbits/sec  265   2.33 MBytes       
[  5]   7.00-8.00   sec  43.1 MBytes   362 Mbits/sec    0   2.43 MBytes       
[  5]   8.00-9.00   sec  45.0 MBytes   378 Mbits/sec    0   2.52 MBytes       
[  5]   9.00-10.00  sec  47.9 MBytes   401 Mbits/sec    0   2.58 MBytes       
- - - - - - - - - - - - - - - - - - - - - - - - -
[ ID] Interval           Transfer     Bitrate         Retr
[  5]   0.00-10.00  sec   488 MBytes   409 Mbits/sec  1451            sender
[  5]   0.00-10.06  sec   487 MBytes   406 Mbits/sec                  receiver

iperf Done.

Throughput: 409.0 Mbps
Retransmissions: 1451
Measurement saved
iperf3 output:
Connecting to host 35.93.195.101, port 5201
[  5] local 172.31.22.33 port 33034 connected to 35.93.195.101 port 5201
[ ID] Interval           Transfer     Bitrate         Retr  Cwnd
[  5]   0.00-1.00   sec  30.2 MBytes   253 Mbits/sec    0   7.13 MBytes       
[  5]   1.00-2.00   sec  59.0 MBytes   495 Mbits/sec    0   7.76 MBytes       
[  5]   2.00-3.00   sec  61.1 MBytes   513 Mbits/sec    0   8.03 MBytes       
[  5]   3.00-4.00   sec  60.2 MBytes   505 Mbits/sec    0   8.03 MBytes       
[  5]   4.00-5.00   sec  56.8 MBytes   476 Mbits/sec    0   8.03 MBytes       
[  5]   5.00-6.00   sec  62.8 MBytes   526 Mbits/sec    0   8.03 MBytes       
[  5]   6.00-7.00   sec  59.5 MBytes   499 Mbits/sec    0   8.03 MBytes       
[  5]   7.00-8.00   sec  58.1 MBytes   488 Mbits/sec    0   8.03 MBytes       
[  5]   8.00-9.00   sec  57.5 MBytes   482 Mbits/sec    0   8.03 MBytes       
[  5]   9.00-10.00  sec  61.1 MBytes   512 Mbits/sec    0   8.03 MBytes       
- - - - - - - - - - - - - - - - - - - - - - - - -
[ ID] Interval           Transfer     Bitrate         Retr
[  5]   0.00-10.00  sec   568 MBytes   476 Mbits/sec    0            sender
[  5]   0.00-10.06  sec   568 MBytes   474 Mbits/sec                  receiver

iperf Done.

Throughput: 476.0 Mbps
Retransmissions: 0
Measurement saved
iperf3 output:
Connecting to host 35.93.195.101, port 5201
[  5] local 172.31.22.33 port 34904 connected to 35.93.195.101 port 5201
[ ID] Interval           Transfer     Bitrate         Retr  Cwnd
[  5]   0.00-1.00   sec  22.5 MBytes   189 Mbits/sec  309   2.09 MBytes       
[  5]   1.00-2.00   sec  32.1 MBytes   269 Mbits/sec  557   1.55 MBytes       
[  5]   2.00-3.00   sec  27.8 MBytes   233 Mbits/sec    0   1.64 MBytes       
[  5]   3.00-4.00   sec  29.5 MBytes   247 Mbits/sec    0   1.71 MBytes       
[  5]   4.00-5.00   sec  31.2 MBytes   262 Mbits/sec    0   1.76 MBytes       
[  5]   5.00-6.00   sec  31.4 MBytes   263 Mbits/sec    0   1.80 MBytes       
[  5]   6.00-7.00   sec  31.0 MBytes   260 Mbits/sec    0   1.82 MBytes       
[  5]   7.00-8.00   sec  32.5 MBytes   272 Mbits/sec    0   1.83 MBytes       
[  5]   8.00-9.00   sec  32.0 MBytes   268 Mbits/sec    0   1.84 MBytes       
[  5]   9.00-10.00  sec  32.1 MBytes   270 Mbits/sec    0   1.84 MBytes       
- - - - - - - - - - - - - - - - - - - - - - - - -
[ ID] Interval           Transfer     Bitrate         Retr
[  5]   0.00-10.00  sec   302 MBytes   253 Mbits/sec  866            sender
[  5]   0.00-10.06  sec   301 MBytes   251 Mbits/sec                  receiver

iperf Done.

Throughput: 253.0 Mbps
Retransmissions: 866
Measurement saved
iperf3 output:
Connecting to host 35.93.195.101, port 5201
[  5] local 172.31.22.33 port 50980 connected to 35.93.195.101 port 5201
[ ID] Interval           Transfer     Bitrate         Retr  Cwnd
[  5]   0.00-1.00   sec  23.6 MBytes   198 Mbits/sec  360   1.85 MBytes       
[  5]   1.00-2.00   sec  35.1 MBytes   295 Mbits/sec    0   1.96 MBytes       
[  5]   2.00-3.00   sec  35.0 MBytes   294 Mbits/sec    0   2.04 MBytes       
[  5]   3.00-4.00   sec  38.4 MBytes   322 Mbits/sec    0   2.11 MBytes       
[  5]   4.00-5.00   sec  40.2 MBytes   338 Mbits/sec    0   2.15 MBytes       
[  5]   5.00-6.00   sec  39.2 MBytes   329 Mbits/sec    0   2.18 MBytes       
[  5]   6.00-7.00   sec  39.4 MBytes   330 Mbits/sec    0   2.20 MBytes       
[  5]   7.00-8.00   sec  39.4 MBytes   330 Mbits/sec    0   2.21 MBytes       
[  5]   8.00-9.00   sec  41.5 MBytes   348 Mbits/sec    0   2.21 MBytes       
[  5]   9.00-10.00  sec  39.4 MBytes   330 Mbits/sec    0   2.21 MBytes       
- - - - - - - - - - - - - - - - - - - - - - - - -
[ ID] Interval           Transfer     Bitrate         Retr
[  5]   0.00-10.00  sec   371 MBytes   311 Mbits/sec  360            sender
[  5]   0.00-10.06  sec   371 MBytes   309 Mbits/sec                  receiver

iperf Done.

Throughput: 311.0 Mbps
Retransmissions: 360
Measurement saved
iperf3 output:
Connecting to host 35.93.195.101, port 5201
[  5] local 172.31.22.33 port 38692 connected to 35.93.195.101 port 5201
[ ID] Interval           Transfer     Bitrate         Retr  Cwnd
[  5]   0.00-1.00   sec  32.6 MBytes   273 Mbits/sec  615   2.28 MBytes       
[  5]   1.00-2.00   sec  31.5 MBytes   264 Mbits/sec   11   1.71 MBytes       
[  5]   2.00-3.00   sec  31.0 MBytes   260 Mbits/sec    0   1.79 MBytes       
[  5]   3.00-4.00   sec  32.9 MBytes   276 Mbits/sec    0   1.85 MBytes       
[  5]   4.00-5.00   sec  33.9 MBytes   284 Mbits/sec    0   1.89 MBytes       
[  5]   5.00-6.00   sec  36.4 MBytes   305 Mbits/sec    0   1.92 MBytes       
[  5]   6.00-7.00   sec  34.2 MBytes   287 Mbits/sec    0   1.94 MBytes       
[  5]   7.00-8.00   sec  35.8 MBytes   300 Mbits/sec    0   1.95 MBytes       
[  5]   8.00-9.00   sec  35.0 MBytes   294 Mbits/sec    0   1.95 MBytes       
[  5]   9.00-10.00  sec  35.2 MBytes   296 Mbits/sec    0   1.95 MBytes       
- - - - - - - - - - - - - - - - - - - - - - - - -
[ ID] Interval           Transfer     Bitrate         Retr
[  5]   0.00-10.00  sec   339 MBytes   284 Mbits/sec  626            sender
[  5]   0.00-10.06  sec   338 MBytes   282 Mbits/sec                  receiver

iperf Done.

Throughput: 284.0 Mbps
Retransmissions: 626
Measurement saved
iperf3 output:
Connecting to host 35.93.195.101, port 5201
[  5] local 172.31.22.33 port 53542 connected to 35.93.195.101 port 5201
[ ID] Interval           Transfer     Bitrate         Retr  Cwnd
[  5]   0.00-1.00   sec  35.8 MBytes   300 Mbits/sec    0   8.06 MBytes       
[  5]   1.00-2.00   sec  64.5 MBytes   541 Mbits/sec    0   8.06 MBytes       
[  5]   2.00-3.00   sec  60.9 MBytes   511 Mbits/sec    0   8.06 MBytes       
[  5]   3.00-4.00   sec  61.6 MBytes   517 Mbits/sec   56   5.66 MBytes       
[  5]   4.00-5.00   sec  58.1 MBytes   488 Mbits/sec    0   5.66 MBytes       
[  5]   5.00-6.00   sec  62.8 MBytes   526 Mbits/sec    0   5.66 MBytes       
[  5]   6.00-7.00   sec  58.8 MBytes   493 Mbits/sec    0   5.66 MBytes       
[  5]   7.00-8.00   sec  64.2 MBytes   539 Mbits/sec    0   5.66 MBytes       
[  5]   8.00-9.00   sec  60.1 MBytes   504 Mbits/sec    0   5.66 MBytes       
[  5]   9.00-10.00  sec  63.9 MBytes   536 Mbits/sec    0   5.66 MBytes       
- - - - - - - - - - - - - - - - - - - - - - - - -
[ ID] Interval           Transfer     Bitrate         Retr
[  5]   0.00-10.00  sec   591 MBytes   495 Mbits/sec   56            sender
[  5]   0.00-10.06  sec   591 MBytes   493 Mbits/sec                  receiver

iperf Done.

Throughput: 495.0 Mbps
Retransmissions: 56
Measurement saved
iperf3 output:
Connecting to host 35.93.195.101, port 5201
[  5] local 172.31.22.33 port 47950 connected to 35.93.195.101 port 5201
[ ID] Interval           Transfer     Bitrate         Retr  Cwnd
[  5]   0.00-1.00   sec  36.9 MBytes   309 Mbits/sec    0   8.01 MBytes       
[  5]   1.00-2.00   sec  69.4 MBytes   582 Mbits/sec    0   8.01 MBytes       
[  5]   2.00-3.00   sec  66.5 MBytes   558 Mbits/sec    0   8.01 MBytes       
[  5]   3.00-4.00   sec  65.8 MBytes   552 Mbits/sec    0   8.01 MBytes       
[  5]   4.00-5.00   sec  61.8 MBytes   518 Mbits/sec    0   8.01 MBytes       
[  5]   5.00-6.00   sec  62.1 MBytes   521 Mbits/sec    0   8.01 MBytes       
[  5]   6.00-7.00   sec  66.8 MBytes   560 Mbits/sec    0   8.01 MBytes       
[  5]   7.00-8.00   sec  67.2 MBytes   564 Mbits/sec    0   8.01 MBytes       
[  5]   8.00-9.00   sec  62.4 MBytes   523 Mbits/sec    0   8.01 MBytes       
[  5]   9.00-10.00  sec  64.4 MBytes   540 Mbits/sec    0   8.01 MBytes       
- - - - - - - - - - - - - - - - - - - - - - - - -
[ ID] Interval           Transfer     Bitrate         Retr
[  5]   0.00-10.00  sec   624 MBytes   523 Mbits/sec    0            sender
[  5]   0.00-10.06  sec   624 MBytes   520 Mbits/sec                  receiver

iperf Done.

Throughput: 523.0 Mbps
Retransmissions: 0
Measurement saved
iperf3 output:
Connecting to host 35.93.195.101, port 5201
[  5] local 172.31.22.33 port 60270 connected to 35.93.195.101 port 5201
[ ID] Interval           Transfer     Bitrate         Retr  Cwnd
[  5]   0.00-1.00   sec  26.5 MBytes   222 Mbits/sec  400   2.10 MBytes       
[  5]   1.00-2.00   sec  39.6 MBytes   332 Mbits/sec    0   2.22 MBytes       
[  5]   2.00-3.00   sec  40.2 MBytes   338 Mbits/sec    0   2.31 MBytes       
[  5]   3.00-4.00   sec  42.4 MBytes   355 Mbits/sec    0   2.38 MBytes       
[  5]   4.00-5.00   sec  42.6 MBytes   358 Mbits/sec    0   2.43 MBytes       
[  5]   5.00-6.00   sec  45.1 MBytes   379 Mbits/sec    0   2.46 MBytes       
[  5]   6.00-7.00   sec  44.1 MBytes   370 Mbits/sec    0   2.48 MBytes       
[  5]   7.00-8.00   sec  45.9 MBytes   385 Mbits/sec    0   2.50 MBytes       
[  5]   8.00-9.00   sec  46.8 MBytes   393 Mbits/sec    0   2.50 MBytes       
[  5]   9.00-10.00  sec  44.2 MBytes   371 Mbits/sec    0   2.50 MBytes       
- - - - - - - - - - - - - - - - - - - - - - - - -
[ ID] Interval           Transfer     Bitrate         Retr
[  5]   0.00-10.00  sec   418 MBytes   350 Mbits/sec  400            sender
[  5]   0.00-10.06  sec   417 MBytes   348 Mbits/sec                  receiver

iperf Done.

Throughput: 350.0 Mbps
Retransmissions: 400
Measurement saved
iperf3 output:
Connecting to host 35.93.195.101, port 5201
[  5] local 172.31.22.33 port 58752 connected to 35.93.195.101 port 5201
[ ID] Interval           Transfer     Bitrate         Retr  Cwnd
[  5]   0.00-1.00   sec  32.6 MBytes   273 Mbits/sec  222   2.83 MBytes       
[  5]   1.00-2.00   sec  48.8 MBytes   409 Mbits/sec    0   2.99 MBytes       
[  5]   2.00-3.00   sec  54.5 MBytes   457 Mbits/sec    0   3.13 MBytes       
[  5]   3.00-4.00   sec  52.2 MBytes   438 Mbits/sec    0   3.22 MBytes       
[  5]   4.00-5.00   sec  44.4 MBytes   372 Mbits/sec   50   2.38 MBytes       
[  5]   5.00-6.00   sec  42.2 MBytes   354 Mbits/sec    0   2.49 MBytes       
[  5]   6.00-7.00   sec  44.6 MBytes   374 Mbits/sec    0   2.58 MBytes       
[  5]   7.00-8.00   sec  45.9 MBytes   385 Mbits/sec    0   2.65 MBytes       
[  5]   8.00-9.00   sec  47.4 MBytes   397 Mbits/sec    0   2.69 MBytes       
[  5]   9.00-10.00  sec  47.8 MBytes   400 Mbits/sec    0   2.72 MBytes       
- - - - - - - - - - - - - - - - - - - - - - - - -
[ ID] Interval           Transfer     Bitrate         Retr
[  5]   0.00-10.00  sec   460 MBytes   386 Mbits/sec  272            sender
[  5]   0.00-10.06  sec   460 MBytes   383 Mbits/sec                  receiver

iperf Done.

Throughput: 386.0 Mbps
Retransmissions: 272
Measurement saved
iperf3 output:
Connecting to host 35.93.195.101, port 5201
[  5] local 172.31.22.33 port 39762 connected to 35.93.195.101 port 5201
[ ID] Interval           Transfer     Bitrate         Retr  Cwnd
[  5]   0.00-1.00   sec  22.4 MBytes   187 Mbits/sec  731   1.79 MBytes       
[  5]   1.00-2.00   sec  29.4 MBytes   246 Mbits/sec  252   1.34 MBytes       
[  5]   2.00-3.00   sec  23.8 MBytes   199 Mbits/sec    0   1.42 MBytes       
[  5]   3.00-4.00   sec  27.2 MBytes   229 Mbits/sec    0   1.48 MBytes       
[  5]   4.00-5.00   sec  27.9 MBytes   234 Mbits/sec    0   1.52 MBytes       
[  5]   5.00-6.00   sec  27.1 MBytes   228 Mbits/sec    0   1.55 MBytes       
[  5]   6.00-7.00   sec  29.2 MBytes   245 Mbits/sec    0   1.57 MBytes       
[  5]   7.00-8.00   sec  28.2 MBytes   237 Mbits/sec    0   1.57 MBytes       
[  5]   8.00-9.00   sec  28.1 MBytes   236 Mbits/sec    0   1.58 MBytes       
[  5]   9.00-10.00  sec  30.1 MBytes   253 Mbits/sec    0   1.58 MBytes       
- - - - - - - - - - - - - - - - - - - - - - - - -
[ ID] Interval           Transfer     Bitrate         Retr
[  5]   0.00-10.00  sec   274 MBytes   229 Mbits/sec  983            sender
[  5]   0.00-10.06  sec   271 MBytes   226 Mbits/sec                  receiver

iperf Done.

Throughput: 229.0 Mbps
Retransmissions: 983
Measurement saved
iperf3 output:
Connecting to host 35.93.195.101, port 5201
[  5] local 172.31.22.33 port 38076 connected to 35.93.195.101 port 5201
[ ID] Interval           Transfer     Bitrate         Retr  Cwnd
[  5]   0.00-1.00   sec  32.0 MBytes   268 Mbits/sec    0   7.42 MBytes       
[  5]   1.00-2.00   sec  49.5 MBytes   416 Mbits/sec  1952   3.68 MBytes       
[  5]   2.00-3.00   sec  56.0 MBytes   470 Mbits/sec    0   3.79 MBytes       
[  5]   3.00-4.00   sec  49.6 MBytes   416 Mbits/sec  142   1.97 MBytes       
[  5]   4.00-5.00   sec  35.2 MBytes   296 Mbits/sec    0   2.09 MBytes       
[  5]   5.00-6.00   sec  30.4 MBytes   255 Mbits/sec    4   1.54 MBytes       
[  5]   6.00-7.00   sec  27.2 MBytes   228 Mbits/sec    0   1.63 MBytes       
[  5]   7.00-8.00   sec  28.5 MBytes   239 Mbits/sec    0   1.70 MBytes       
[  5]   8.00-9.00   sec  29.0 MBytes   243 Mbits/sec    0   1.75 MBytes       
[  5]   9.00-10.00  sec  31.9 MBytes   267 Mbits/sec    0   1.78 MBytes       
- - - - - - - - - - - - - - - - - - - - - - - - -
[ ID] Interval           Transfer     Bitrate         Retr
[  5]   0.00-10.00  sec   369 MBytes   310 Mbits/sec  2098            sender
[  5]   0.00-10.06  sec   367 MBytes   306 Mbits/sec                  receiver

iperf Done.

Throughput: 310.0 Mbps
Retransmissions: 2098
Measurement saved
iperf3 output:
Connecting to host 35.93.195.101, port 5201
[  5] local 172.31.22.33 port 47736 connected to 35.93.195.101 port 5201
[ ID] Interval           Transfer     Bitrate         Retr  Cwnd
[  5]   0.00-1.00   sec  35.8 MBytes   300 Mbits/sec    0   8.33 MBytes       
[  5]   1.00-2.00   sec  61.6 MBytes   517 Mbits/sec   42   4.09 MBytes       
[  5]   2.00-3.00   sec  61.9 MBytes   519 Mbits/sec    0   4.09 MBytes       
[  5]   3.00-4.00   sec  53.5 MBytes   449 Mbits/sec   83   2.97 MBytes       
[  5]   4.00-5.00   sec  53.9 MBytes   452 Mbits/sec    0   3.11 MBytes       
[  5]   5.00-6.00   sec  55.9 MBytes   469 Mbits/sec    0   3.22 MBytes       
[  5]   6.00-7.00   sec  58.0 MBytes   487 Mbits/sec    0   3.31 MBytes       
[  5]   7.00-8.00   sec  58.9 MBytes   494 Mbits/sec    0   3.37 MBytes       
[  5]   8.00-9.00   sec  59.8 MBytes   501 Mbits/sec    0   3.42 MBytes       
[  5]   9.00-10.00  sec  60.6 MBytes   508 Mbits/sec    0   3.45 MBytes       
- - - - - - - - - - - - - - - - - - - - - - - - -
[ ID] Interval           Transfer     Bitrate         Retr
[  5]   0.00-10.00  sec   560 MBytes   469 Mbits/sec  125            sender
[  5]   0.00-10.06  sec   560 MBytes   467 Mbits/sec                  receiver

iperf Done.

Throughput: 469.0 Mbps
Retransmissions: 125
Measurement saved
iperf3 output:
Connecting to host 35.93.195.101, port 5201
[  5] local 172.31.22.33 port 42002 connected to 35.93.195.101 port 5201
[ ID] Interval           Transfer     Bitrate         Retr  Cwnd
[  5]   0.00-1.00   sec  34.1 MBytes   286 Mbits/sec  409   5.29 MBytes       
[  5]   1.00-2.00   sec  36.8 MBytes   308 Mbits/sec  1032   1.87 MBytes       
[  5]   2.00-3.00   sec  33.0 MBytes   277 Mbits/sec    0   1.98 MBytes       
[  5]   3.00-4.00   sec  36.8 MBytes   308 Mbits/sec    0   2.07 MBytes       
[  5]   4.00-5.00   sec  36.0 MBytes   302 Mbits/sec    0   2.13 MBytes       
[  5]   5.00-6.00   sec  37.8 MBytes   317 Mbits/sec    0   2.17 MBytes       
[  5]   6.00-7.00   sec  37.5 MBytes   315 Mbits/sec    0   2.20 MBytes       
[  5]   7.00-8.00   sec  38.0 MBytes   319 Mbits/sec    0   2.21 MBytes       
[  5]   8.00-9.00   sec  38.6 MBytes   324 Mbits/sec    0   2.22 MBytes       
[  5]   9.00-10.00  sec  39.0 MBytes   327 Mbits/sec    0   2.22 MBytes       
- - - - - - - - - - - - - - - - - - - - - - - - -
[ ID] Interval           Transfer     Bitrate         Retr
[  5]   0.00-10.00  sec   368 MBytes   308 Mbits/sec  1441            sender
[  5]   0.00-10.06  sec   366 MBytes   305 Mbits/sec                  receiver

iperf Done.

Throughput: 308.0 Mbps
Retransmissions: 1441
Measurement saved
iperf3 output:
Connecting to host 35.93.195.101, port 5201
[  5] local 172.31.22.33 port 54918 connected to 35.93.195.101 port 5201
[ ID] Interval           Transfer     Bitrate         Retr  Cwnd
[  5]   0.00-1.00   sec  35.5 MBytes   297 Mbits/sec    0   7.31 MBytes       
[  5]   1.00-2.00   sec  63.8 MBytes   535 Mbits/sec    0   7.96 MBytes       
[  5]   2.00-3.00   sec  60.4 MBytes   506 Mbits/sec    0   8.01 MBytes       
[  5]   3.00-4.00   sec  64.0 MBytes   537 Mbits/sec    0   8.01 MBytes       
[  5]   4.00-5.00   sec  64.4 MBytes   540 Mbits/sec    0   8.01 MBytes       
[  5]   5.00-6.00   sec  65.0 MBytes   545 Mbits/sec    0   8.01 MBytes       
[  5]   6.00-7.00   sec  60.9 MBytes   511 Mbits/sec    0   8.01 MBytes       
[  5]   7.00-8.00   sec  62.5 MBytes   524 Mbits/sec  160   5.61 MBytes       
[  5]   8.00-9.00   sec  61.8 MBytes   518 Mbits/sec    0   5.61 MBytes       
[  5]   9.00-10.00  sec  65.6 MBytes   550 Mbits/sec    0   5.61 MBytes       
- - - - - - - - - - - - - - - - - - - - - - - - -
[ ID] Interval           Transfer     Bitrate         Retr
[  5]   0.00-10.00  sec   604 MBytes   506 Mbits/sec  160            sender
[  5]   0.00-10.06  sec   604 MBytes   504 Mbits/sec                  receiver

iperf Done.

Throughput: 506.0 Mbps
Retransmissions: 160
Measurement saved
iperf3 output:
Connecting to host 35.93.195.101, port 5201
[  5] local 172.31.22.33 port 48316 connected to 35.93.195.101 port 5201
[ ID] Interval           Transfer     Bitrate         Retr  Cwnd
[  5]   0.00-1.00   sec  31.5 MBytes   264 Mbits/sec   49   5.08 MBytes       
[  5]   1.00-2.00   sec  59.6 MBytes   500 Mbits/sec    0   5.08 MBytes       
[  5]   2.00-3.00   sec  57.9 MBytes   485 Mbits/sec    0   5.08 MBytes       
[  5]   3.00-4.00   sec  62.1 MBytes   522 Mbits/sec    0   5.08 MBytes       
[  5]   4.00-5.00   sec  58.5 MBytes   490 Mbits/sec  103   3.64 MBytes       
[  5]   5.00-6.00   sec  63.6 MBytes   534 Mbits/sec    0   3.81 MBytes       
[  5]   6.00-7.00   sec  64.9 MBytes   544 Mbits/sec    0   3.93 MBytes       
[  5]   7.00-8.00   sec  56.5 MBytes   474 Mbits/sec   10   2.84 MBytes       
[  5]   8.00-9.00   sec  52.6 MBytes   442 Mbits/sec    0   3.00 MBytes       
[  5]   9.00-10.00  sec  54.2 MBytes   454 Mbits/sec    0   3.12 MBytes       
- - - - - - - - - - - - - - - - - - - - - - - - -
[ ID] Interval           Transfer     Bitrate         Retr
[  5]   0.00-10.00  sec   562 MBytes   472 Mbits/sec  162            sender
[  5]   0.00-10.06  sec   562 MBytes   469 Mbits/sec                  receiver

iperf Done.

Throughput: 472.0 Mbps
Retransmissions: 162
Measurement saved
iperf3 output:
Connecting to host 35.93.195.101, port 5201
[  5] local 172.31.22.33 port 42360 connected to 35.93.195.101 port 5201
[ ID] Interval           Transfer     Bitrate         Retr  Cwnd
[  5]   0.00-1.00   sec  26.8 MBytes   224 Mbits/sec  287   2.88 MBytes       
[  5]   1.00-2.00   sec  21.2 MBytes   178 Mbits/sec  866   1.04 MBytes       
[  5]   2.00-3.00   sec  21.4 MBytes   179 Mbits/sec    0   1.11 MBytes       
[  5]   3.00-4.00   sec  19.6 MBytes   165 Mbits/sec    0   1.15 MBytes       
[  5]   4.00-5.00   sec  21.2 MBytes   178 Mbits/sec    0   1.18 MBytes       
[  5]   5.00-6.00   sec  21.0 MBytes   176 Mbits/sec    0   1.20 MBytes       
[  5]   6.00-7.00   sec  22.1 MBytes   186 Mbits/sec    0   1.21 MBytes       
[  5]   7.00-8.00   sec  22.6 MBytes   190 Mbits/sec    0   1.21 MBytes       
[  5]   8.00-9.00   sec  22.4 MBytes   188 Mbits/sec    0   1.21 MBytes       
[  5]   9.00-10.00  sec  22.2 MBytes   187 Mbits/sec    0   1.21 MBytes       
- - - - - - - - - - - - - - - - - - - - - - - - -
[ ID] Interval           Transfer     Bitrate         Retr
[  5]   0.00-10.00  sec   221 MBytes   185 Mbits/sec  1153            sender
[  5]   0.00-10.06  sec   218 MBytes   182 Mbits/sec                  receiver

iperf Done.

Throughput: 185.0 Mbps
Retransmissions: 1153
Measurement saved
iperf3 output:
Connecting to host 35.93.195.101, port 5201
[  5] local 172.31.22.33 port 44932 connected to 35.93.195.101 port 5201
[ ID] Interval           Transfer     Bitrate         Retr  Cwnd
[  5]   0.00-1.00   sec  36.0 MBytes   302 Mbits/sec    0   7.64 MBytes       
[  5]   1.00-2.00   sec  63.9 MBytes   536 Mbits/sec    0   7.64 MBytes       
[  5]   2.00-3.00   sec  64.5 MBytes   541 Mbits/sec    0   8.01 MBytes       
[  5]   3.00-4.00   sec  60.8 MBytes   510 Mbits/sec    0   8.01 MBytes       
[  5]   4.00-5.00   sec  64.0 MBytes   537 Mbits/sec    0   8.01 MBytes       
[  5]   5.00-6.00   sec  62.6 MBytes   525 Mbits/sec  411   2.54 MBytes       
[  5]   6.00-7.00   sec  59.6 MBytes   500 Mbits/sec  249   3.92 MBytes       
[  5]   7.00-8.00   sec  63.4 MBytes   532 Mbits/sec    0   3.94 MBytes       
[  5]   8.00-9.00   sec  62.6 MBytes   525 Mbits/sec    0   3.94 MBytes       
[  5]   9.00-10.00  sec  67.6 MBytes   567 Mbits/sec    0   4.19 MBytes       
- - - - - - - - - - - - - - - - - - - - - - - - -
[ ID] Interval           Transfer     Bitrate         Retr
[  5]   0.00-10.00  sec   605 MBytes   507 Mbits/sec  660            sender
[  5]   0.00-10.06  sec   605 MBytes   504 Mbits/sec                  receiver

iperf Done.

Throughput: 507.0 Mbps
Retransmissions: 660
Measurement saved
iperf3 output:
Connecting to host 35.93.195.101, port 5201
[  5] local 172.31.22.33 port 55404 connected to 35.93.195.101 port 5201
[ ID] Interval           Transfer     Bitrate         Retr  Cwnd
[  5]   0.00-1.00   sec  33.5 MBytes   281 Mbits/sec    0   7.39 MBytes       
[  5]   1.00-2.00   sec  59.1 MBytes   496 Mbits/sec  783   3.97 MBytes       
[  5]   2.00-3.00   sec  54.5 MBytes   457 Mbits/sec  394   2.00 MBytes       
[  5]   3.00-4.00   sec  39.1 MBytes   328 Mbits/sec    0   2.13 MBytes       
[  5]   4.00-5.00   sec  39.2 MBytes   329 Mbits/sec    0   2.22 MBytes       
[  5]   5.00-6.00   sec  40.2 MBytes   338 Mbits/sec    0   2.30 MBytes       
[  5]   6.00-7.00   sec  41.9 MBytes   351 Mbits/sec    0   2.35 MBytes       
[  5]   7.00-8.00   sec  23.4 MBytes   196 Mbits/sec   38   1.22 MBytes       
[  5]   8.00-9.00   sec  22.6 MBytes   190 Mbits/sec    0   1.29 MBytes       
[  5]   9.00-10.00  sec  24.2 MBytes   203 Mbits/sec    0   1.34 MBytes       
- - - - - - - - - - - - - - - - - - - - - - - - -
[ ID] Interval           Transfer     Bitrate         Retr
[  5]   0.00-10.00  sec   378 MBytes   317 Mbits/sec  1215            sender
[  5]   0.00-10.06  sec   376 MBytes   313 Mbits/sec                  receiver

iperf Done.

Throughput: 317.0 Mbps
Retransmissions: 1215
Measurement saved
iperf3 output:
Connecting to host 35.93.195.101, port 5201
[  5] local 172.31.22.33 port 32876 connected to 35.93.195.101 port 5201
[ ID] Interval           Transfer     Bitrate         Retr  Cwnd
[  5]   0.00-1.00   sec  36.0 MBytes   302 Mbits/sec    0   8.01 MBytes       
[  5]   1.00-2.00   sec  67.8 MBytes   568 Mbits/sec    0   8.01 MBytes       
[  5]   2.00-3.00   sec  64.6 MBytes   542 Mbits/sec    0   8.01 MBytes       
[  5]   3.00-4.00   sec  62.4 MBytes   523 Mbits/sec    0   8.01 MBytes       
[  5]   4.00-5.00   sec  64.0 MBytes   537 Mbits/sec    0   8.01 MBytes       
[  5]   5.00-6.00   sec  65.5 MBytes   549 Mbits/sec    0   8.01 MBytes       
[  5]   6.00-7.00   sec  67.9 MBytes   569 Mbits/sec    0   8.01 MBytes       
[  5]   7.00-8.00   sec  59.0 MBytes   495 Mbits/sec   35   5.61 MBytes       
[  5]   8.00-9.00   sec  59.2 MBytes   497 Mbits/sec    8   3.94 MBytes       
[  5]   9.00-10.00  sec  62.4 MBytes   523 Mbits/sec    0   4.02 MBytes       
- - - - - - - - - - - - - - - - - - - - - - - - -
[ ID] Interval           Transfer     Bitrate         Retr
[  5]   0.00-10.00  sec   609 MBytes   511 Mbits/sec   43            sender
[  5]   0.00-10.06  sec   609 MBytes   508 Mbits/sec                  receiver

iperf Done.

Throughput: 511.0 Mbps
Retransmissions: 43
Measurement saved
